Store,Date,Weekly_Sales,Holiday_Flag,Temperature,Fuel_Price,CPI,Unemployment
1,02-05-2010,1643690.9,0,42,2.57,211.096,8.106
1,02-12-2010,1641957.44,1,39,2.55,211.242,8.106
1,02-19-2010,1611968.17,0,40,2.51,211.289,8.106
1,02-26-2010,1409727.59,0,47,2.56,211.32,8.106
1,03-05-2010,1554806.68,0,46,2.62,211.35,8.106
1,03-12-2010,1439541.59,0,58,2.67,211.381,8.106
1,03-19-2010,1472515.79,0,55,2.72,211.216,8.106
1,03-26-2010,1404429.92,0,51,2.73,211.018,8.106
1,04-02-2010,1594968.28,0,62,2.72,210.82,7.808
1,04-09-2010,1545418.53,0,66,2.77,210.623,7.808
1,04-16-2010,1466058.28,0,66,2.81,210.489,7.808
1,04-23-2010,1391256.12,0,65,2.8,210.439,7.808
1,04-30-2010,1425100.71,0,67,2.78,210.39,7.808
1,05-07-2010,1603955.12,0,73,2.84,210.34,7.808
1,05-14-2010,1494251.5,0,75,2.85,210.337,7.808
1,05-21-2010,1399662.07,0,76,2.83,210.617,7.808
1,05-28-2010,1432069.95,0,80,2.76,210.897,7.808
1,06-04-2010,1615524.71,0,81,2.7,211.176,7.808
1,06-11-2010,1542561.09,0,80,2.67,211.456,7.808
1,06-18-2010,1503284.06,0,84,2.64,211.454,7.808
1,06-25-2010,1422711.6,0,84,2.65,211.339,7.808
1,07-02-2010,1492418.14,0,81,2.67,211.224,7.787
1,07-09-2010,1546074.18,0,80,2.64,211.108,7.787
1,07-16-2010,1448938.92,0,83,2.62,211.1,7.787
1,07-23-2010,1385065.2,0,83,2.61,211.235,7.787
1,07-30-2010,1371986.6,0,82,2.64,211.37,7.787
1,08-06-2010,1605491.78,0,87,2.63,211.505,7.787
1,08-13-2010,1508237.76,0,87,2.69,211.639,7.787
1,08-20-2010,1513080.49,0,87,2.66,211.603,7.787
1,08-27-2010,1449142.92,0,85,2.62,211.567,7.787
1,09-03-2010,1540163.53,0,81,2.58,211.531,7.787
1,09-10-2010,1507460.69,1,79,2.56,211.495,7.787
1,09-17-2010,1430378.67,0,82,2.58,211.522,7.787
1,09-24-2010,1351791.03,0,81,2.62,211.597,7.787
1,10-01-2010,1453329.5,0,72,2.6,211.672,7.838
1,10-08-2010,1508239.93,0,64,2.63,211.747,7.838
1,10-15-2010,1459409.1,0,67,2.72,211.814,7.838
1,10-22-2010,1345454.0,0,70,2.72,211.861,7.838
1,10-29-2010,1384209.22,0,70,2.72,211.909,7.838
1,11-05-2010,1551659.28,0,59,2.69,211.956,7.838
1,11-12-2010,1494479.49,0,60,2.73,212.004,7.838
1,11-19-2010,1483784.18,0,51,2.77,211.89,7.838
1,11-26-2010,1955624.11,1,65,2.74,211.748,7.838
1,12-03-2010,1548033.78,0,49,2.71,211.607,7.838
1,12-10-2010,1682614.26,0,46,2.84,211.466,7.838
1,12-17-2010,1891034.93,0,50,2.87,211.405,7.838
1,12-24-2010,2387950.2,0,52,2.89,211.405,7.838
1,12-31-2010,1367320.01,1,48,2.94,211.405,7.838
1,01-07-2011,1444732.28,0,48,2.98,211.405,7.742
1,01-14-2011,1391013.96,0,35,2.98,211.457,7.742
1,01-21-2011,1327405.42,0,44,3.02,211.827,7.742
1,01-28-2011,1316899.31,0,44,3.01,212.197,7.742
1,02-04-2011,1606629.58,0,42,2.99,212.567,7.742
1,02-11-2011,1649614.93,1,36,3.02,212.937,7.742
1,02-18-2011,1686842.78,0,57,3.04,213.248,7.742
1,02-25-2011,1456800.28,0,63,3.06,213.536,7.742
1,03-04-2011,1636263.41,0,60,3.29,213.823,7.742
1,03-11-2011,1553191.63,0,54,3.46,214.111,7.742
1,03-18-2011,1576818.06,0,63,3.49,214.363,7.742
1,03-25-2011,1541102.38,0,70,3.47,214.6,7.742
1,04-01-2011,1495064.75,0,59,3.52,214.837,7.682
1,04-08-2011,1614259.35,0,68,3.62,215.074,7.682
1,04-15-2011,1559889.0,0,71,3.74,215.292,7.682
1,04-22-2011,1564819.81,0,73,3.81,215.46,7.682
1,04-29-2011,1455090.69,0,72,3.81,215.628,7.682
1,05-06-2011,1629391.28,0,65,3.91,215.796,7.682
1,05-13-2011,1604775.58,0,76,3.9,215.964,7.682
1,05-20-2011,1428218.27,0,68,3.91,215.734,7.682
1,05-27-2011,1466046.67,0,78,3.79,215.504,7.682
1,06-03-2011,1635078.41,0,83,3.7,215.274,7.682
1,06-10-2011,1588948.32,0,83,3.65,215.044,7.682
1,06-17-2011,1532114.86,0,86,3.64,214.998,7.682
1,06-24-2011,1438830.15,0,84,3.59,215.091,7.682
1,07-01-2011,1488538.09,0,86,3.52,215.184,7.962
1,07-08-2011,1534849.64,0,86,3.48,215.277,7.962
1,07-15-2011,1455119.97,0,89,3.58,215.361,7.962
1,07-22-2011,1396926.82,0,86,3.65,215.422,7.962
1,07-29-2011,1352219.79,0,87,3.68,215.483,7.962
1,08-05-2011,1624383.75,0,92,3.68,215.545,7.962
1,08-12-2011,1525147.09,0,91,3.64,215.606,7.962
1,08-19-2011,1530761.43,0,90,3.55,215.669,7.962
1,08-26-2011,1464693.46,0,88,3.52,215.733,7.962
1,09-02-2011,1550229.22,0,88,3.53,215.797,7.962
1,09-09-2011,1540471.24,1,76,3.55,215.861,7.962
1,09-16-2011,1514259.78,0,80,3.53,216.041,7.962
1,09-23-2011,1380020.27,0,76,3.47,216.376,7.962
1,09-30-2011,1394561.83,0,80,3.36,216.711,7.962
1,10-07-2011,1630989.95,0,69,3.28,217.045,7.866
1,10-14-2011,1493525.93,0,72,3.27,217.355,7.866
1,10-21-2011,1502562.78,0,64,3.35,217.516,7.866
1,10-28-2011,1445249.09,0,67,3.37,217.677,7.866
1,11-04-2011,1697229.58,0,55,3.33,217.837,7.866
1,11-11-2011,1594938.89,0,59,3.3,217.998,7.866
1,11-18-2011,1539483.7,0,62,3.31,218.221,7.866
1,11-25-2011,2033320.66,1,60,3.24,218.468,7.866
1,12-02-2011,1584083.95,0,49,3.17,218.715,7.866
1,12-09-2011,1799682.38,0,44,3.16,218.962,7.866
1,12-16-2011,1881176.67,0,52,3.16,219.179,7.866
1,12-23-2011,2270188.99,0,48,3.11,219.358,7.866
1,12-30-2011,1497462.72,1,45,3.13,219.536,7.866
1,01-06-2012,1550369.92,0,49,3.16,219.714,7.348
1,01-13-2012,1459601.17,0,49,3.26,219.893,7.348
1,01-20-2012,1394393.84,0,54,3.27,219.986,7.348
1,01-27-2012,1319325.59,0,54,3.29,220.079,7.348
1,02-03-2012,1636339.65,0,57,3.36,220.172,7.348
1,02-10-2012,1802477.43,1,48,3.41,220.265,7.348
1,02-17-2012,1819870.0,0,45,3.51,220.426,7.348
1,02-24-2012,1539387.83,0,57,3.56,220.637,7.348
1,03-02-2012,1688420.76,0,61,3.63,220.848,7.348
1,03-09-2012,1675431.16,0,59,3.67,221.059,7.348
1,03-16-2012,1677472.78,0,65,3.73,221.212,7.348
1,03-23-2012,1511068.07,0,66,3.79,221.286,7.348
1,03-30-2012,1649604.63,0,68,3.84,221.361,7.348
1,04-06-2012,1899676.88,0,70,3.89,221.436,7.143
1,04-13-2012,1621031.7,0,69,3.89,221.51,7.143
1,04-20-2012,1521577.87,0,67,3.88,221.564,7.143
1,04-27-2012,1468928.37,0,67,3.81,221.618,7.143
1,05-04-2012,1684519.99,0,76,3.75,221.672,7.143
1,05-11-2012,1611096.05,0,74,3.69,221.726,7.143
1,05-18-2012,1595901.87,0,70,3.63,221.743,7.143
1,05-25-2012,1555444.55,0,77,3.56,221.745,7.143
1,06-01-2012,1624477.58,0,78,3.5,221.747,7.143
1,06-08-2012,1697230.96,0,78,3.45,221.749,7.143
1,06-15-2012,1630607.0,0,79,3.39,221.763,7.143
1,06-22-2012,1527845.81,0,78,3.35,221.803,7.143
1,06-29-2012,1540421.49,0,85,3.29,221.843,7.143
1,07-06-2012,1769854.16,0,82,3.23,221.884,6.908
1,07-13-2012,1527014.04,0,77,3.26,221.924,6.908
1,07-20-2012,1497954.76,0,80,3.31,221.933,6.908
1,07-27-2012,1439123.71,0,83,3.41,221.941,6.908
1,08-03-2012,1631135.79,0,86,3.42,221.95,6.908
1,08-10-2012,1592409.97,0,85,3.49,221.958,6.908
1,08-17-2012,1597868.05,0,85,3.57,222.038,6.908
1,08-24-2012,1494122.38,0,78,3.62,222.172,6.908
1,08-31-2012,1582083.4,0,80,3.64,222.305,6.908
1,09-07-2012,1661767.33,1,84,3.73,222.439,6.908
1,09-14-2012,1517428.87,0,75,3.72,222.582,6.908
1,09-21-2012,1506126.06,0,70,3.72,222.782,6.908
1,09-28-2012,1437059.26,0,76,3.67,222.982,6.908
1,10-05-2012,1670785.97,0,69,3.62,223.181,6.573
1,10-12-2012,1573072.81,0,63,3.6,223.381,6.573
1,10-19-2012,1508068.77,0,68,3.59,223.426,6.573
1,10-26-2012,1493659.74,0,69,3.51,223.444,6.573
2,02-05-2010,2136989.46,0,40,2.57,210.753,8.324
2,02-12-2010,2137809.5,1,38,2.55,210.898,8.324
2,02-19-2010,2124451.54,0,40,2.51,210.945,8.324
2,02-26-2010,1865097.27,0,46,2.56,210.976,8.324
2,03-05-2010,1991013.13,0,47,2.62,211.007,8.324
2,03-12-2010,1990483.78,0,58,2.67,211.038,8.324
2,03-19-2010,1946070.88,0,55,2.72,210.873,8.324
2,03-26-2010,1750197.81,0,51,2.73,210.677,8.324
2,04-02-2010,2066187.72,0,63,2.72,210.48,8.2
2,04-09-2010,1954689.21,0,65,2.77,210.283,8.2
2,04-16-2010,1874957.94,0,68,2.81,210.15,8.2
2,04-23-2010,1821990.93,0,65,2.8,210.1,8.2
2,04-30-2010,1802450.29,0,67,2.78,210.051,8.2
2,05-07-2010,2042581.71,0,71,2.84,210.001,8.2
2,05-14-2010,1880752.36,0,73,2.85,209.998,8.2
2,05-21-2010,1896937.1,0,75,2.83,210.277,8.2
2,05-28-2010,1957113.89,0,81,2.76,210.555,8.2
2,06-04-2010,2102539.93,0,82,2.7,210.834,8.2
2,06-11-2010,2025538.76,0,83,2.67,211.112,8.2
2,06-18-2010,2001636.96,0,86,2.64,211.11,8.2
2,06-25-2010,1939927.09,0,86,2.65,210.995,8.2
2,07-02-2010,2003940.64,0,83,2.67,210.88,8.099
2,07-09-2010,1880902.62,0,83,2.64,210.766,8.099
2,07-16-2010,1845879.79,0,85,2.62,210.758,8.099
2,07-23-2010,1781717.71,0,88,2.61,210.892,8.099
2,07-30-2010,1804246.16,0,83,2.64,211.026,8.099
2,08-06-2010,1991909.98,0,90,2.63,211.161,8.099
2,08-13-2010,1895601.05,0,89,2.69,211.295,8.099
2,08-20-2010,1964335.23,0,89,2.66,211.26,8.099
2,08-27-2010,1863840.49,0,87,2.62,211.224,8.099
2,09-03-2010,1904608.09,0,82,2.58,211.189,8.099
2,09-10-2010,1839128.83,1,79,2.56,211.153,8.099
2,09-17-2010,1793903.6,0,82,2.58,211.181,8.099
2,09-24-2010,1724557.22,0,82,2.62,211.255,8.099
2,10-01-2010,1827440.43,0,69,2.6,211.33,8.163
2,10-08-2010,1849921.44,0,63,2.63,211.404,8.163
2,10-15-2010,1794355.49,0,66,2.72,211.471,8.163
2,10-22-2010,1737947.64,0,68,2.72,211.519,8.163
2,10-29-2010,1802755.11,0,66,2.72,211.566,8.163
2,11-05-2010,1939061.41,0,58,2.69,211.614,8.163
2,11-12-2010,1916812.74,0,60,2.73,211.661,8.163
2,11-19-2010,1956739.17,0,51,2.77,211.547,8.163
2,11-26-2010,2658725.29,1,63,2.74,211.406,8.163
2,12-03-2010,2015781.27,0,49,2.71,211.266,8.163
2,12-10-2010,2378726.55,0,46,2.84,211.125,8.163
2,12-17-2010,2609166.75,0,48,2.87,211.065,8.163
2,12-24-2010,3436007.68,0,50,2.89,211.065,8.163
2,12-31-2010,1750434.55,1,47,2.94,211.065,8.163
2,01-07-2011,1758050.79,0,45,2.98,211.065,8.028
2,01-14-2011,1744193.58,0,33,2.98,211.118,8.028
2,01-21-2011,1751384.9,0,41,3.02,211.486,8.028
2,01-28-2011,1695371.68,0,43,3.01,211.855,8.028
2,02-04-2011,1929346.23,0,38,2.99,212.224,8.028
2,02-11-2011,2168041.61,1,33,3.02,212.593,8.028
2,02-18-2011,2080884.82,0,58,3.04,212.903,8.028
2,02-25-2011,1833511.08,0,61,3.06,213.19,8.028
2,03-04-2011,1981607.78,0,58,3.29,213.478,8.028
2,03-11-2011,1879107.31,0,53,3.46,213.765,8.028
2,03-18-2011,1902557.66,0,62,3.49,214.016,8.028
2,03-25-2011,1766162.05,0,69,3.47,214.252,8.028
2,04-01-2011,1800171.36,0,55,3.52,214.489,7.931
2,04-08-2011,1847552.61,0,67,3.62,214.725,7.931
2,04-15-2011,1856467.84,0,69,3.74,214.942,7.931
2,04-22-2011,1886339.6,0,69,3.81,215.11,7.931
2,04-29-2011,1745545.28,0,69,3.81,215.277,7.931
2,05-06-2011,1837743.6,0,61,3.91,215.445,7.931
2,05-13-2011,1838513.07,0,75,3.9,215.612,7.931
2,05-20-2011,1688281.86,0,67,3.91,215.383,7.931
2,05-27-2011,1797732.56,0,76,3.79,215.154,7.931
2,06-03-2011,1933756.21,0,83,3.7,214.925,7.931
2,06-10-2011,1929153.16,0,83,3.65,214.696,7.931
2,06-17-2011,1953771.99,0,87,3.64,214.651,7.931
2,06-24-2011,1790925.8,0,85,3.59,214.744,7.931
2,07-01-2011,1866243.0,0,86,3.52,214.837,7.852
2,07-08-2011,1853161.99,0,88,3.48,214.93,7.852
2,07-15-2011,1785187.29,0,90,3.58,215.013,7.852
2,07-22-2011,1743816.41,0,89,3.65,215.075,7.852
2,07-29-2011,1680693.06,0,90,3.68,215.136,7.852
2,08-05-2011,1876704.26,0,93,3.68,215.198,7.852
2,08-12-2011,1812768.26,0,92,3.64,215.259,7.852
2,08-19-2011,1844094.59,0,90,3.55,215.323,7.852
2,08-26-2011,1821139.91,0,90,3.52,215.387,7.852
2,09-02-2011,1809119.7,0,90,3.53,215.451,7.852
2,09-09-2011,1748000.65,1,78,3.55,215.515,7.852
2,09-16-2011,1691439.52,0,79,3.53,215.694,7.852
2,09-23-2011,1669299.78,0,76,3.47,216.028,7.852
2,09-30-2011,1650394.44,0,78,3.36,216.362,7.852
2,10-07-2011,1837553.43,0,70,3.28,216.696,7.441
2,10-14-2011,1743882.19,0,72,3.27,217.005,7.441
2,10-21-2011,1834680.25,0,65,3.35,217.165,7.441
2,10-28-2011,1769296.25,0,66,3.37,217.325,7.441
2,11-04-2011,1959707.9,0,56,3.33,217.485,7.441
2,11-11-2011,1920725.15,0,59,3.3,217.646,7.441
2,11-18-2011,1902762.5,0,62,3.31,217.867,7.441
2,11-25-2011,2614202.3,1,56,3.24,218.113,7.441
2,12-02-2011,1954952.0,0,49,3.17,218.359,7.441
2,12-09-2011,2290549.32,0,42,3.16,218.605,7.441
2,12-16-2011,2432736.52,0,50,3.16,218.822,7.441
2,12-23-2011,3224369.8,0,47,3.11,219.0,7.441
2,12-30-2011,1874226.52,1,45,3.13,219.177,7.441
2,01-06-2012,1799520.14,0,47,3.16,219.355,7.057
2,01-13-2012,1744725.48,0,46,3.26,219.533,7.057
2,01-20-2012,1711769.11,0,52,3.27,219.626,7.057
2,01-27-2012,1660906.14,0,50,3.29,219.719,7.057
2,02-03-2012,1935299.94,0,55,3.36,219.812,7.057
2,02-10-2012,2103322.68,1,47,3.41,219.905,7.057
2,02-17-2012,2196688.46,0,44,3.51,220.065,7.057
2,02-24-2012,1861802.7,0,55,3.56,220.276,7.057
2,03-02-2012,1952555.66,0,59,3.63,220.487,7.057
2,03-09-2012,1937628.26,0,57,3.67,220.697,7.057
2,03-16-2012,1976082.13,0,64,3.73,220.85,7.057
2,03-23-2012,1790439.16,0,64,3.79,220.924,7.057
2,03-30-2012,1857480.84,0,67,3.84,220.999,7.057
2,04-06-2012,2129035.91,0,68,3.89,221.074,6.891
2,04-13-2012,1935869.1,0,68,3.89,221.148,6.891
2,04-20-2012,1847344.45,0,66,3.88,221.202,6.891
2,04-27-2012,1764133.09,0,67,3.81,221.256,6.891
2,05-04-2012,1923957.09,0,77,3.75,221.31,6.891
2,05-11-2012,1917520.99,0,74,3.69,221.363,6.891
2,05-18-2012,2000940.67,0,71,3.63,221.38,6.891
2,05-25-2012,1912791.09,0,78,3.56,221.383,6.891
2,06-01-2012,1910092.37,0,78,3.5,221.385,6.891
2,06-08-2012,2010216.49,0,79,3.45,221.388,6.891
2,06-15-2012,1962924.3,0,81,3.39,221.401,6.891
2,06-22-2012,1887733.21,0,81,3.35,221.441,6.891
2,06-29-2012,1881046.12,0,86,3.29,221.481,6.891
2,07-06-2012,2041507.4,0,84,3.23,221.522,6.565
2,07-13-2012,1830075.13,0,80,3.26,221.562,6.565
2,07-20-2012,1819666.46,0,83,3.31,221.57,6.565
2,07-27-2012,1757923.88,0,86,3.41,221.579,6.565
2,08-03-2012,1946104.64,0,90,3.42,221.587,6.565
2,08-10-2012,1866719.96,0,89,3.49,221.595,6.565
2,08-17-2012,1928016.01,0,85,3.57,221.675,6.565
2,08-24-2012,1876788.15,0,77,3.62,221.808,6.565
2,08-31-2012,1947083.3,0,83,3.64,221.942,6.565
2,09-07-2012,1898777.07,1,88,3.73,222.075,6.565
2,09-14-2012,1814806.63,0,76,3.72,222.217,6.565
2,09-21-2012,1829415.67,0,71,3.72,222.417,6.565
2,09-28-2012,1746470.56,0,79,3.67,222.616,6.565
2,10-05-2012,1998321.04,0,70,3.62,222.816,6.17
2,10-12-2012,1900745.13,0,61,3.6,223.015,6.17
2,10-19-2012,1847990.41,0,68,3.59,223.06,6.17
2,10-26-2012,1834458.35,0,70,3.51,223.078,6.17
3,02-05-2010,461622.22,0,46,2.57,214.425,7.368
3,02-12-2010,420728.96,1,48,2.55,214.575,7.368
3,02-19-2010,421642.19,0,47,2.51,214.62,7.368
3,02-26-2010,407204.86,0,52,2.56,214.648,7.368
3,03-05-2010,415202.04,0,53,2.62,214.675,7.368
3,03-12-2010,384200.69,0,63,2.67,214.703,7.368
3,03-19-2010,375328.59,0,60,2.72,214.53,7.368
3,03-26-2010,359949.27,0,57,2.73,214.324,7.368
3,04-02-2010,423294.4,0,66,2.72,214.118,7.343
3,04-09-2010,415870.28,0,68,2.77,213.912,7.343
3,04-16-2010,354993.26,0,67,2.81,213.773,7.343
3,04-23-2010,339976.65,0,68,2.8,213.722,7.343
3,04-30-2010,361248.39,0,70,2.78,213.672,7.343
3,05-07-2010,399323.86,0,73,2.84,213.621,7.343
3,05-14-2010,384357.94,0,77,2.85,213.62,7.343
3,05-21-2010,343763.17,0,76,2.83,213.912,7.343
3,05-28-2010,350089.23,0,79,2.76,214.204,7.343
3,06-04-2010,396968.8,0,79,2.7,214.496,7.343
3,06-11-2010,355017.09,0,82,2.67,214.788,7.343
3,06-18-2010,364076.85,0,84,2.64,214.786,7.343
3,06-25-2010,357346.48,0,84,2.65,214.666,7.343
3,07-02-2010,381151.72,0,82,2.67,214.546,7.346
3,07-09-2010,349214.18,0,82,2.64,214.427,7.346
3,07-16-2010,352728.78,0,84,2.62,214.418,7.346
3,07-23-2010,352864.49,0,83,2.61,214.556,7.346
3,07-30-2010,347955.05,0,82,2.64,214.695,7.346
3,08-06-2010,402635.76,0,85,2.63,214.834,7.346
3,08-13-2010,339597.38,0,87,2.69,214.973,7.346
3,08-20-2010,351728.21,0,88,2.66,214.931,7.346
3,08-27-2010,362134.09,0,86,2.62,214.89,7.346
3,09-03-2010,366473.97,0,84,2.58,214.848,7.346
3,09-10-2010,352260.97,1,81,2.56,214.807,7.346
3,09-17-2010,363064.64,0,82,2.58,214.832,7.346
3,09-24-2010,355626.87,0,77,2.62,214.908,7.346
3,10-01-2010,358784.1,0,74,2.6,214.985,7.564
3,10-08-2010,395107.35,0,67,2.63,215.061,7.564
3,10-15-2010,345584.39,0,70,2.72,215.129,7.564
3,10-22-2010,348895.98,0,72,2.72,215.178,7.564
3,10-29-2010,348591.74,0,72,2.72,215.227,7.564
3,11-05-2010,423175.56,0,63,2.69,215.277,7.564
3,11-12-2010,386635.03,0,63,2.73,215.326,7.564
3,11-19-2010,372545.32,0,58,2.77,215.207,7.564
3,11-26-2010,565567.84,1,69,2.74,215.061,7.564
3,12-03-2010,476420.77,0,54,2.71,214.915,7.564
3,12-10-2010,467642.03,0,51,2.84,214.769,7.564
3,12-17-2010,498159.39,0,52,2.87,214.705,7.564
3,12-24-2010,605990.41,0,57,2.89,214.702,7.564
3,12-31-2010,382677.76,1,53,2.94,214.699,7.564
3,01-07-2011,378241.34,0,53,2.98,214.696,7.551
3,01-14-2011,381061.1,0,45,2.98,214.747,7.551
3,01-21-2011,350876.7,0,51,3.02,215.127,7.551
3,01-28-2011,364866.24,0,49,3.01,215.507,7.551
3,02-04-2011,438516.53,0,46,2.99,215.886,7.551
3,02-11-2011,430526.21,1,44,3.02,216.266,7.551
3,02-18-2011,432782.1,0,62,3.04,216.584,7.551
3,02-25-2011,397211.19,0,67,3.06,216.878,7.551
3,03-04-2011,437084.51,0,65,3.29,217.172,7.551
3,03-11-2011,404753.3,0,61,3.46,217.465,7.551
3,03-18-2011,392109.51,0,69,3.49,217.724,7.551
3,03-25-2011,380683.67,0,73,3.47,217.967,7.551
3,04-01-2011,374556.08,0,69,3.52,218.211,7.574
3,04-08-2011,384075.31,0,73,3.62,218.455,7.574
3,04-15-2011,366250.69,0,76,3.74,218.679,7.574
3,04-22-2011,391860.04,0,77,3.81,218.851,7.574
3,04-29-2011,367405.4,0,79,3.81,219.024,7.574
3,05-06-2011,413042.12,0,69,3.91,219.196,7.574
3,05-13-2011,386312.68,0,80,3.9,219.368,7.574
3,05-20-2011,364603.13,0,76,3.91,219.127,7.574
3,05-27-2011,369350.6,0,84,3.79,218.886,7.574
3,06-03-2011,394507.84,0,84,3.7,218.645,7.574
3,06-10-2011,391638.75,0,85,3.65,218.404,7.574
3,06-17-2011,403423.34,0,87,3.64,218.355,7.574
3,06-24-2011,385520.71,0,85,3.59,218.451,7.574
3,07-01-2011,368962.72,0,85,3.52,218.547,7.567
3,07-08-2011,395146.24,0,85,3.48,218.642,7.567
3,07-15-2011,373454.33,0,87,3.58,218.728,7.567
3,07-22-2011,360617.37,0,86,3.65,218.786,7.567
3,07-29-2011,345381.29,0,88,3.68,218.844,7.567
3,08-05-2011,409981.25,0,88,3.68,218.902,7.567
3,08-12-2011,380376.85,0,89,3.64,218.961,7.567
3,08-19-2011,379716.91,0,88,3.55,219.023,7.567
3,08-26-2011,366367.55,0,88,3.52,219.087,7.567
3,09-02-2011,375988.69,0,89,3.53,219.15,7.567
3,09-09-2011,377347.49,1,82,3.55,219.214,7.567
3,09-16-2011,375629.51,0,84,3.53,219.397,7.567
3,09-23-2011,365248.94,0,80,3.47,219.741,7.567
3,09-30-2011,368477.93,0,83,3.36,220.086,7.567
3,10-07-2011,403342.4,0,76,3.28,220.43,7.197
3,10-14-2011,368282.57,0,74,3.27,220.749,7.197
3,10-21-2011,394976.36,0,69,3.35,220.914,7.197
3,10-28-2011,389540.62,0,71,3.37,221.08,7.197
3,11-04-2011,459443.22,0,59,3.33,221.246,7.197
3,11-11-2011,407764.25,0,62,3.3,221.412,7.197
3,11-18-2011,398838.97,0,64,3.31,221.643,7.197
3,11-25-2011,556925.19,1,68,3.24,221.901,7.197
3,12-02-2011,472511.32,0,55,3.17,222.159,7.197
3,12-09-2011,468772.8,0,49,3.16,222.417,7.197
3,12-16-2011,510747.62,0,58,3.16,222.643,7.197
3,12-23-2011,551221.21,0,53,3.11,222.826,7.197
3,12-30-2011,410553.88,1,48,3.13,223.009,7.197
3,01-06-2012,398178.21,0,52,3.16,223.192,6.833
3,01-13-2012,367438.62,0,52,3.26,223.376,6.833
3,01-20-2012,365818.61,0,56,3.27,223.47,6.833
3,01-27-2012,349518.1,0,58,3.29,223.565,6.833
3,02-03-2012,424960.66,0,59,3.36,223.659,6.833
3,02-10-2012,473292.47,1,52,3.41,223.754,6.833
3,02-17-2012,475591.08,0,52,3.51,223.917,6.833
3,02-24-2012,418925.47,0,60,3.56,224.132,6.833
3,03-02-2012,469752.56,0,62,3.63,224.347,6.833
3,03-09-2012,445162.05,0,61,3.67,224.562,6.833
3,03-16-2012,411775.8,0,64,3.73,224.717,6.833
3,03-23-2012,413907.25,0,67,3.79,224.791,6.833
3,03-30-2012,407488.84,0,69,3.84,224.865,6.833
3,04-06-2012,503232.13,0,73,3.89,224.939,6.664
3,04-13-2012,420789.74,0,73,3.89,225.014,6.664
3,04-20-2012,434822.13,0,72,3.88,225.069,6.664
3,04-27-2012,394616.11,0,73,3.81,225.124,6.664
3,05-04-2012,439913.57,0,80,3.75,225.18,6.664
3,05-11-2012,431985.36,0,75,3.69,225.235,6.664
3,05-18-2012,418112.76,0,72,3.63,225.251,6.664
3,05-25-2012,413701.29,0,79,3.56,225.252,6.664
3,06-01-2012,432268.53,0,82,3.5,225.252,6.664
3,06-08-2012,446336.8,0,82,3.45,225.252,6.664
3,06-15-2012,442074.79,0,85,3.39,225.264,6.664
3,06-22-2012,419497.95,0,83,3.35,225.307,6.664
3,06-29-2012,422965.33,0,86,3.29,225.349,6.664
3,07-06-2012,411206.5,0,83,3.23,225.392,6.334
3,07-13-2012,416913.1,0,82,3.26,225.434,6.334
3,07-20-2012,432424.85,0,81,3.31,225.444,6.334
3,07-27-2012,389427.9,0,85,3.41,225.454,6.334
3,08-03-2012,419990.29,0,87,3.42,225.464,6.334
3,08-10-2012,391811.6,0,86,3.49,225.474,6.334
3,08-17-2012,394918.83,0,87,3.57,225.556,6.334
3,08-24-2012,412449.67,0,83,3.62,225.693,6.334
3,08-31-2012,408838.73,0,85,3.64,225.829,6.334
3,09-07-2012,408229.73,1,85,3.73,225.966,6.334
3,09-14-2012,407589.16,0,78,3.72,226.112,6.334
3,09-21-2012,414392.09,0,73,3.72,226.315,6.334
3,09-28-2012,389813.02,0,77,3.67,226.518,6.334
3,10-05-2012,443557.65,0,73,3.62,226.721,6.034
3,10-12-2012,410804.39,0,70,3.6,226.924,6.034
3,10-19-2012,424513.08,0,73,3.59,226.969,6.034
3,10-26-2012,405432.7,0,75,3.51,226.987,6.034
4,02-05-2010,2135143.87,0,44,2.6,126.442,8.623
4,02-12-2010,2188307.39,1,29,2.57,126.496,8.623
4,02-19-2010,2049860.26,0,36,2.54,126.526,8.623
4,02-26-2010,1925728.84,0,41,2.59,126.552,8.623
4,03-05-2010,1971057.44,0,43,2.65,126.578,8.623
4,03-12-2010,1894324.09,0,50,2.7,126.604,8.623
4,03-19-2010,1897429.36,0,55,2.74,126.607,8.623
4,03-26-2010,1762539.3,0,40,2.75,126.605,8.623
4,04-02-2010,1979247.12,0,49,2.74,126.603,7.896
4,04-09-2010,1818452.72,0,54,2.77,126.602,7.896
4,04-16-2010,1851519.69,0,56,2.81,126.562,7.896
4,04-23-2010,1802677.9,0,57,2.8,126.471,7.896
4,04-30-2010,1817273.28,0,53,2.79,126.381,7.896
4,05-07-2010,2000626.14,0,57,2.84,126.29,7.896
4,05-14-2010,1875597.28,0,62,2.84,126.209,7.896
4,05-21-2010,1903752.6,0,67,2.82,126.184,7.896
4,05-28-2010,1857533.7,0,68,2.76,126.16,7.896
4,06-04-2010,1903290.58,0,71,2.7,126.136,7.896
4,06-11-2010,1870619.23,0,78,2.67,126.112,7.896
4,06-18-2010,1929736.35,0,82,2.64,126.114,7.896
4,06-25-2010,1846651.95,0,81,2.65,126.127,7.896
4,07-02-2010,1881337.21,0,74,2.67,126.139,7.372
4,07-09-2010,1812208.22,0,80,2.64,126.152,7.372
4,07-16-2010,1898427.66,0,79,2.62,126.15,7.372
4,07-23-2010,1848426.78,0,80,2.61,126.128,7.372
4,07-30-2010,1796637.61,0,81,2.65,126.107,7.372
4,08-06-2010,1907638.58,0,77,2.64,126.085,7.372
4,08-13-2010,2007050.75,0,78,2.7,126.064,7.372
4,08-20-2010,1997181.09,0,79,2.67,126.077,7.372
4,08-27-2010,1848403.92,0,74,2.62,126.089,7.372
4,09-03-2010,1935857.58,0,77,2.58,126.102,7.372
4,09-10-2010,1865820.81,1,74,2.57,126.115,7.372
4,09-17-2010,1899959.61,0,65,2.59,126.145,7.372
4,09-24-2010,1810684.68,0,61,2.64,126.19,7.372
4,10-01-2010,1842821.02,0,64,2.62,126.235,7.127
4,10-08-2010,1951494.85,0,68,2.64,126.279,7.127
4,10-15-2010,1867345.09,0,62,2.73,126.327,7.127
4,10-22-2010,1927610.06,0,64,2.74,126.382,7.127
4,10-29-2010,1933333.0,0,57,2.72,126.436,7.127
4,11-05-2010,2013115.79,0,52,2.7,126.491,7.127
4,11-12-2010,1999794.26,0,53,2.74,126.546,7.127
4,11-19-2010,2097809.4,0,48,2.78,126.607,7.127
4,11-26-2010,2789469.45,1,48,2.75,126.669,7.127
4,12-03-2010,2102530.17,0,46,2.73,126.731,7.127
4,12-10-2010,2302504.86,0,42,2.86,126.793,7.127
4,12-17-2010,2740057.14,0,47,2.88,126.879,7.127
4,12-24-2010,3526713.39,0,43,2.89,126.984,7.127
4,12-31-2010,1794868.74,1,38,2.96,127.088,7.127
4,01-07-2011,1862476.27,0,39,2.98,127.192,6.51
4,01-14-2011,1865502.46,0,32,2.99,127.301,6.51
4,01-21-2011,1886393.94,0,38,3.02,127.44,6.51
4,01-28-2011,1814240.85,0,41,3.02,127.58,6.51
4,02-04-2011,2119086.04,0,35,3.0,127.72,6.51
4,02-11-2011,2187847.29,1,33,3.03,127.859,6.51
4,02-18-2011,2316495.56,0,48,3.06,127.995,6.51
4,02-25-2011,2078094.69,0,49,3.09,128.13,6.51
4,03-04-2011,2103455.75,0,47,3.3,128.265,6.51
4,03-11-2011,2039818.41,0,51,3.46,128.399,6.51
4,03-18-2011,2116475.38,0,52,3.5,128.512,6.51
4,03-25-2011,1944164.32,0,59,3.48,128.616,6.51
4,04-01-2011,1900246.47,0,57,3.52,128.72,5.946
4,04-08-2011,2074953.46,0,63,3.6,128.824,5.946
4,04-15-2011,1960587.76,0,62,3.72,128.911,5.946
4,04-22-2011,2220600.76,0,69,3.78,128.955,5.946
4,04-29-2011,1878167.44,0,64,3.78,129.0,5.946
4,05-06-2011,2063682.76,0,63,3.87,129.044,5.946
4,05-13-2011,2002362.37,0,71,3.87,129.089,5.946
4,05-20-2011,2015563.48,0,70,3.88,129.076,5.946
4,05-27-2011,1986597.95,0,74,3.77,129.062,5.946
4,06-03-2011,2065377.15,0,78,3.68,129.049,5.946
4,06-10-2011,2073951.38,0,80,3.64,129.036,5.946
4,06-17-2011,2141210.62,0,84,3.62,129.043,5.946
4,06-24-2011,2008344.92,0,82,3.57,129.066,5.946
4,07-01-2011,2051533.53,0,85,3.5,129.089,5.644
4,07-08-2011,2066541.86,0,85,3.47,129.113,5.644
4,07-15-2011,2049046.95,0,83,3.56,129.134,5.644
4,07-22-2011,2036231.39,0,83,3.63,129.151,5.644
4,07-29-2011,1989674.07,0,84,3.66,129.168,5.644
4,08-05-2011,2160057.39,0,86,3.66,129.185,5.644
4,08-12-2011,2105668.74,0,83,3.62,129.202,5.644
4,08-19-2011,2232892.1,0,83,3.55,129.241,5.644
4,08-26-2011,1988490.21,0,81,3.52,129.283,5.644
4,09-02-2011,2078420.31,0,78,3.53,129.326,5.644
4,09-09-2011,2093139.01,1,73,3.55,129.369,5.644
4,09-16-2011,2075577.33,0,73,3.53,129.431,5.644
4,09-23-2011,2031406.41,0,69,3.47,129.518,5.644
4,09-30-2011,1929486.63,0,72,3.37,129.606,5.644
4,10-07-2011,2166737.65,0,66,3.3,129.694,5.143
4,10-14-2011,2074548.85,0,64,3.28,129.771,5.143
4,10-21-2011,2207742.13,0,65,3.36,129.782,5.143
4,10-28-2011,2151659.59,0,55,3.36,129.794,5.143
4,11-04-2011,2281217.31,0,50,3.32,129.805,5.143
4,11-11-2011,2203028.96,0,47,3.29,129.817,5.143
4,11-18-2011,2243946.59,0,50,3.29,129.827,5.143
4,11-25-2011,3004702.33,1,48,3.22,129.836,5.143
4,12-02-2011,2180999.26,0,39,3.18,129.846,5.143
4,12-09-2011,2508955.24,0,32,3.15,129.856,5.143
4,12-16-2011,2771397.17,0,36,3.15,129.898,5.143
4,12-23-2011,3676388.98,0,36,3.1,129.985,5.143
4,12-30-2011,2007105.86,1,37,3.12,130.071,5.143
4,01-06-2012,2047766.07,0,39,3.16,130.158,4.607
4,01-13-2012,1941676.61,0,34,3.26,130.244,4.607
4,01-20-2012,2005097.76,0,42,3.27,130.279,4.607
4,01-27-2012,1928720.51,0,40,3.29,130.314,4.607
4,02-03-2012,2173373.91,0,42,3.35,130.35,4.607
4,02-10-2012,2374660.64,1,33,3.41,130.385,4.607
4,02-17-2012,2427640.17,0,34,3.49,130.455,4.607
4,02-24-2012,2226662.17,0,41,3.54,130.55,4.607
4,03-02-2012,2206319.9,0,50,3.62,130.646,4.607
4,03-09-2012,2202450.81,0,54,3.67,130.741,4.607
4,03-16-2012,2214967.44,0,60,3.71,130.826,4.607
4,03-23-2012,2091592.54,0,59,3.76,130.897,4.607
4,03-30-2012,2089381.77,0,73,3.82,130.967,4.607
4,04-06-2012,2470206.13,0,68,3.86,131.038,4.308
4,04-13-2012,2105301.39,0,69,3.88,131.108,4.308
4,04-20-2012,2144336.89,0,69,3.86,131.117,4.308
4,04-27-2012,2064065.66,0,76,3.81,131.127,4.308
4,05-04-2012,2196968.33,0,80,3.75,131.136,4.308
4,05-11-2012,2127661.17,0,68,3.68,131.145,4.308
4,05-18-2012,2207214.81,0,68,3.62,131.098,4.308
4,05-25-2012,2154137.67,0,77,3.55,131.029,4.308
4,06-01-2012,2179360.94,0,77,3.48,130.959,4.308
4,06-08-2012,2245257.18,0,78,3.43,130.89,4.308
4,06-15-2012,2234190.93,0,81,3.37,130.83,4.308
4,06-22-2012,2197299.65,0,82,3.33,130.793,4.308
4,06-29-2012,2128362.92,0,84,3.26,130.756,4.308
4,07-06-2012,2224499.28,0,80,3.19,130.72,4.077
4,07-13-2012,2100252.61,0,77,3.22,130.683,4.077
4,07-20-2012,2175563.69,0,79,3.26,130.701,4.077
4,07-27-2012,2048613.65,0,81,3.36,130.72,4.077
4,08-03-2012,2174514.13,0,84,3.37,130.738,4.077
4,08-10-2012,2193367.69,0,83,3.48,130.756,4.077
4,08-17-2012,2283540.3,0,81,3.55,130.791,4.077
4,08-24-2012,2125241.68,0,76,3.61,130.838,4.077
4,08-31-2012,2081181.35,0,76,3.65,130.885,4.077
4,09-07-2012,2125104.72,1,82,3.71,130.933,4.077
4,09-14-2012,2117854.6,0,68,3.71,130.978,4.077
4,09-21-2012,2119438.53,0,69,3.72,131.01,4.077
4,09-28-2012,2027620.23,0,72,3.67,131.043,4.077
4,10-05-2012,2209835.43,0,63,3.62,131.076,3.879
4,10-12-2012,2133026.07,0,57,3.6,131.108,3.879
4,10-19-2012,2097266.85,0,64,3.61,131.15,3.879
4,10-26-2012,2149594.46,0,64,3.51,131.193,3.879
5,02-05-2010,317173.1,0,40,2.57,211.654,6.566
5,02-12-2010,311825.7,1,40,2.55,211.8,6.566
5,02-19-2010,303447.57,0,41,2.51,211.847,6.566
5,02-26-2010,270281.63,0,47,2.56,211.877,6.566
5,03-05-2010,288855.71,0,49,2.62,211.907,6.566
5,03-12-2010,297293.59,0,58,2.67,211.937,6.566
5,03-19-2010,281706.41,0,55,2.72,211.771,6.566
5,03-26-2010,273282.97,0,52,2.73,211.572,6.566
5,04-02-2010,331406.0,0,63,2.72,211.373,6.465
5,04-09-2010,328020.49,0,65,2.77,211.174,6.465
5,04-16-2010,306858.69,0,65,2.81,211.039,6.465
5,04-23-2010,288839.73,0,65,2.8,210.989,6.465
5,04-30-2010,298697.84,0,68,2.78,210.939,6.465
5,05-07-2010,333522.6,0,72,2.84,210.89,6.465
5,05-14-2010,296673.77,0,75,2.85,210.887,6.465
5,05-21-2010,301615.49,0,75,2.83,211.169,6.465
5,05-28-2010,310013.11,0,80,2.76,211.451,6.465
5,06-04-2010,337825.89,0,80,2.7,211.733,6.465
5,06-11-2010,296641.91,0,81,2.67,212.014,6.465
5,06-18-2010,313795.6,0,84,2.64,212.012,6.465
5,06-25-2010,295257.3,0,84,2.65,211.896,6.465
5,07-02-2010,305993.27,0,81,2.67,211.78,6.496
5,07-09-2010,291808.87,0,81,2.64,211.664,6.496
5,07-16-2010,280701.7,0,84,2.62,211.656,6.496
5,07-23-2010,274742.63,0,84,2.61,211.792,6.496
5,07-30-2010,268929.03,0,82,2.64,211.927,6.496
5,08-06-2010,303043.02,0,86,2.63,212.062,6.496
5,08-13-2010,286477.35,0,87,2.69,212.198,6.496
5,08-20-2010,287205.38,0,88,2.66,212.161,6.496
5,08-27-2010,288519.75,0,87,2.62,212.124,6.496
5,09-03-2010,323798.0,0,84,2.58,212.087,6.496
5,09-10-2010,306533.08,1,80,2.56,212.05,6.496
5,09-17-2010,282558.65,0,82,2.58,212.077,6.496
5,09-24-2010,293131.58,0,79,2.62,212.152,6.496
5,10-01-2010,283178.12,0,71,2.6,212.227,6.768
5,10-08-2010,290494.85,0,65,2.63,212.302,6.768
5,10-15-2010,280681.2,0,68,2.72,212.369,6.768
5,10-22-2010,284988.27,0,71,2.72,212.417,6.768
5,10-29-2010,278031.81,0,71,2.72,212.465,6.768
5,11-05-2010,325310.3,0,59,2.69,212.513,6.768
5,11-12-2010,301827.36,0,62,2.73,212.56,6.768
5,11-19-2010,297384.81,0,53,2.77,212.445,6.768
5,11-26-2010,488362.61,1,66,2.74,212.303,6.768
5,12-03-2010,344490.88,0,51,2.71,212.161,6.768
5,12-10-2010,352811.53,0,48,2.84,212.019,6.768
5,12-17-2010,367801.19,0,52,2.87,211.958,6.768
5,12-24-2010,466010.25,0,55,2.89,211.957,6.768
5,12-31-2010,298180.18,1,50,2.94,211.957,6.768
5,01-07-2011,286347.26,0,48,2.98,211.956,6.634
5,01-14-2011,260636.71,0,38,2.98,212.009,6.634
5,01-21-2011,275313.34,0,45,3.02,212.38,6.634
5,01-28-2011,279088.39,0,44,3.01,212.751,6.634
5,02-04-2011,329613.2,0,42,2.99,213.123,6.634
5,02-11-2011,311590.54,1,38,3.02,213.494,6.634
5,02-18-2011,356622.61,0,59,3.04,213.807,6.634
5,02-25-2011,294659.5,0,63,3.06,214.096,6.634
5,03-04-2011,329033.66,0,60,3.29,214.384,6.634
5,03-11-2011,293098.1,0,56,3.46,214.673,6.634
5,03-18-2011,312177.67,0,64,3.49,214.926,6.634
5,03-25-2011,294732.5,0,71,3.47,215.164,6.634
5,04-01-2011,314316.55,0,62,3.52,215.402,6.489
5,04-08-2011,307333.62,0,70,3.62,215.641,6.489
5,04-15-2011,307913.58,0,72,3.74,215.859,6.489
5,04-22-2011,328415.44,0,74,3.81,216.028,6.489
5,04-29-2011,307291.56,0,75,3.81,216.197,6.489
5,05-06-2011,322904.68,0,66,3.91,216.366,6.489
5,05-13-2011,290930.01,0,77,3.9,216.534,6.489
5,05-20-2011,299614.33,0,71,3.91,216.302,6.489
5,05-27-2011,297149.69,0,80,3.79,216.07,6.489
5,06-03-2011,329183.92,0,84,3.7,215.838,6.489
5,06-10-2011,304984.14,0,84,3.65,215.606,6.489
5,06-17-2011,304811.82,0,87,3.64,215.56,6.489
5,06-24-2011,302881.64,0,85,3.59,215.654,6.489
5,07-01-2011,327093.89,0,86,3.52,215.747,6.529
5,07-08-2011,310804.93,0,87,3.48,215.841,6.529
5,07-15-2011,283248.62,0,89,3.58,215.925,6.529
5,07-22-2011,292539.73,0,87,3.65,215.986,6.529
5,07-29-2011,275142.17,0,89,3.68,216.046,6.529
5,08-05-2011,317738.56,0,91,3.68,216.107,6.529
5,08-12-2011,289886.16,0,90,3.64,216.168,6.529
5,08-19-2011,303643.84,0,89,3.55,216.231,6.529
5,08-26-2011,310338.17,0,89,3.52,216.295,6.529
5,09-02-2011,315645.53,0,90,3.53,216.359,6.529
5,09-09-2011,321110.22,1,79,3.55,216.423,6.529
5,09-16-2011,278529.71,0,84,3.53,216.603,6.529
5,09-23-2011,291024.98,0,78,3.47,216.94,6.529
5,09-30-2011,292315.38,0,81,3.36,217.276,6.529
5,10-07-2011,309111.47,0,72,3.28,217.612,6.3
5,10-14-2011,286117.72,0,72,3.27,217.924,6.3
5,10-21-2011,306069.18,0,67,3.35,218.085,6.3
5,10-28-2011,307035.11,0,69,3.37,218.247,6.3
5,11-04-2011,353652.23,0,57,3.33,218.408,6.3
5,11-11-2011,311906.7,0,61,3.3,218.57,6.3
5,11-18-2011,307944.37,0,64,3.31,218.794,6.3
5,11-25-2011,507900.07,1,62,3.24,219.043,6.3
5,12-02-2011,376225.61,0,51,3.17,219.292,6.3
5,12-09-2011,367433.77,0,44,3.16,219.541,6.3
5,12-16-2011,379530.3,0,54,3.16,219.76,6.3
5,12-23-2011,458562.24,0,50,3.11,219.939,6.3
5,12-30-2011,349624.88,1,46,3.13,220.118,6.3
5,01-06-2012,312078.71,0,50,3.16,220.297,5.943
5,01-13-2012,291454.52,0,49,3.26,220.476,5.943
5,01-20-2012,287523.98,0,55,3.27,220.569,5.943
5,01-27-2012,295974.22,0,55,3.29,220.663,5.943
5,02-03-2012,333948.0,0,57,3.36,220.756,5.943
5,02-10-2012,349239.88,1,49,3.41,220.85,5.943
5,02-17-2012,356427.98,0,48,3.51,221.011,5.943
5,02-24-2012,312220.47,0,58,3.56,221.222,5.943
5,03-02-2012,359206.21,0,61,3.63,221.434,5.943
5,03-09-2012,347295.6,0,58,3.67,221.646,5.943
5,03-16-2012,339392.54,0,64,3.73,221.799,5.943
5,03-23-2012,321299.99,0,64,3.79,221.874,5.943
5,03-30-2012,331318.73,0,68,3.84,221.948,5.943
5,04-06-2012,402985.7,0,70,3.89,222.023,5.801
5,04-13-2012,351832.03,0,71,3.89,222.097,5.801
5,04-20-2012,330063.06,0,67,3.88,222.151,5.801
5,04-27-2012,324839.74,0,69,3.81,222.205,5.801
5,05-04-2012,360932.69,0,77,3.75,222.259,5.801
5,05-11-2012,333870.52,0,73,3.69,222.314,5.801
5,05-18-2012,336189.66,0,70,3.63,222.33,5.801
5,05-25-2012,341994.48,0,78,3.56,222.332,5.801
5,06-01-2012,359867.8,0,80,3.5,222.334,5.801
5,06-08-2012,341704.59,0,81,3.45,222.336,5.801
5,06-15-2012,327383.64,0,82,3.39,222.349,5.801
5,06-22-2012,325041.68,0,81,3.35,222.39,5.801
5,06-29-2012,329658.1,0,87,3.29,222.431,5.801
5,07-06-2012,341214.43,0,82,3.23,222.471,5.603
5,07-13-2012,316203.64,0,81,3.26,222.512,5.603
5,07-20-2012,321205.12,0,81,3.31,222.521,5.603
5,07-27-2012,306827.36,0,85,3.41,222.53,5.603
5,08-03-2012,324195.17,0,87,3.42,222.539,5.603
5,08-10-2012,306759.7,0,87,3.49,222.547,5.603
5,08-17-2012,314014.18,0,88,3.57,222.628,5.603
5,08-24-2012,320831.36,0,79,3.62,222.762,5.603
5,08-31-2012,344642.01,0,84,3.64,222.896,5.603
5,09-07-2012,350648.91,1,86,3.73,223.03,5.603
5,09-14-2012,299800.67,0,77,3.72,223.173,5.603
5,09-21-2012,307306.76,0,71,3.72,223.374,5.603
5,09-28-2012,310141.68,0,78,3.67,223.574,5.603
5,10-05-2012,343048.29,0,71,3.62,223.774,5.422
5,10-12-2012,325345.41,0,66,3.6,223.975,5.422
5,10-19-2012,313358.15,0,69,3.59,224.019,5.422
5,10-26-2012,319550.77,0,72,3.51,224.038,5.422
6,02-05-2010,1652635.1,0,40,2.57,212.622,7.259
6,02-12-2010,1606283.86,1,41,2.55,212.77,7.259
6,02-19-2010,1567138.07,0,44,2.51,212.816,7.259
6,02-26-2010,1432953.21,0,47,2.56,212.845,7.259
6,03-05-2010,1601348.82,0,50,2.62,212.875,7.259
6,03-12-2010,1558621.36,0,59,2.67,212.904,7.259
6,03-19-2010,1693058.91,0,57,2.72,212.735,7.259
6,03-26-2010,1472033.38,0,54,2.73,212.534,7.259
6,04-02-2010,1770333.9,0,65,2.72,212.332,7.092
6,04-09-2010,1667181.82,0,66,2.77,212.131,7.092
6,04-16-2010,1519846.36,0,66,2.81,211.994,7.092
6,04-23-2010,1540435.99,0,64,2.8,211.944,7.092
6,04-30-2010,1498080.16,0,69,2.78,211.894,7.092
6,05-07-2010,1619920.04,0,74,2.84,211.844,7.092
6,05-14-2010,1524059.4,0,75,2.85,211.842,7.092
6,05-21-2010,1531938.44,0,75,2.83,212.128,7.092
6,05-28-2010,1644470.66,0,79,2.76,212.413,7.092
6,06-04-2010,1857380.09,0,79,2.7,212.698,7.092
6,06-11-2010,1685652.35,0,82,2.67,212.984,7.092
6,06-18-2010,1677248.24,0,84,2.64,212.981,7.092
6,06-25-2010,1640681.88,0,84,2.65,212.864,7.092
6,07-02-2010,1759777.25,0,80,2.67,212.747,6.973
6,07-09-2010,1690317.99,0,81,2.64,212.63,6.973
6,07-16-2010,1560120.8,0,84,2.62,212.621,6.973
6,07-23-2010,1585240.92,0,84,2.61,212.758,6.973
6,07-30-2010,1532308.78,0,81,2.64,212.894,6.973
6,08-06-2010,1633241.59,0,87,2.63,213.031,6.973
6,08-13-2010,1547654.98,0,87,2.69,213.168,6.973
6,08-20-2010,1539930.5,0,87,2.66,213.129,6.973
6,08-27-2010,1450766.12,0,86,2.62,213.091,6.973
6,09-03-2010,1510925.32,0,82,2.58,213.052,6.973
6,09-10-2010,1424225.44,1,79,2.56,213.013,6.973
6,09-17-2010,1308537.75,0,82,2.58,213.04,6.973
6,09-24-2010,1275591.84,0,76,2.62,213.115,6.973
6,10-01-2010,1328468.89,0,71,2.6,213.191,7.007
6,10-08-2010,1360317.9,0,65,2.63,213.266,7.007
6,10-15-2010,1344580.92,0,69,2.72,213.334,7.007
6,10-22-2010,1332716.53,0,71,2.72,213.382,7.007
6,10-29-2010,1385323.7,0,70,2.72,213.43,7.007
6,11-05-2010,1505442.15,0,60,2.69,213.479,7.007
6,11-12-2010,1495536.46,0,62,2.73,213.527,7.007
6,11-19-2010,1518841.45,0,53,2.77,213.411,7.007
6,11-26-2010,2267452.4,1,66,2.74,213.267,7.007
6,12-03-2010,1677067.24,0,52,2.71,213.124,7.007
6,12-10-2010,1834737.58,0,48,2.84,212.98,7.007
6,12-17-2010,2090268.95,0,52,2.87,212.918,7.007
6,12-24-2010,2727575.18,0,55,2.89,212.917,7.007
6,12-31-2010,1464050.02,1,49,2.94,212.915,7.007
6,01-07-2011,1350441.68,0,48,2.98,212.913,6.858
6,01-14-2011,1306194.55,0,38,2.98,212.966,6.858
6,01-21-2011,1261253.18,0,46,3.02,213.34,6.858
6,01-28-2011,1287034.7,0,45,3.01,213.714,6.858
6,02-04-2011,1514999.17,0,41,2.99,214.089,6.858
6,02-11-2011,1486920.17,1,39,3.02,214.463,6.858
6,02-18-2011,1572117.54,0,60,3.04,214.778,6.858
6,02-25-2011,1422600.43,0,63,3.06,215.068,6.858
6,03-04-2011,1502617.99,0,60,3.29,215.358,6.858
6,03-11-2011,1494497.39,0,58,3.46,215.649,6.858
6,03-18-2011,1685375.47,0,65,3.49,215.904,6.858
6,03-25-2011,1438465.81,0,71,3.47,216.144,6.858
6,04-01-2011,1459276.77,0,62,3.52,216.384,6.855
6,04-08-2011,1534594.0,0,70,3.62,216.624,6.855
6,04-15-2011,1448797.02,0,73,3.74,216.845,6.855
6,04-22-2011,1639358.93,0,74,3.81,217.015,6.855
6,04-29-2011,1479249.9,0,75,3.81,217.185,6.855
6,05-06-2011,1504651.57,0,65,3.91,217.355,6.855
6,05-13-2011,1453185.65,0,77,3.9,217.525,6.855
6,05-20-2011,1382783.83,0,72,3.91,217.29,6.855
6,05-27-2011,1523979.11,0,81,3.79,217.054,6.855
6,06-03-2011,1705506.29,0,84,3.7,216.819,6.855
6,06-10-2011,1598643.65,0,84,3.65,216.584,6.855
6,06-17-2011,1622150.33,0,87,3.64,216.537,6.855
6,06-24-2011,1543365.9,0,86,3.59,216.631,6.855
6,07-01-2011,1694551.15,0,87,3.52,216.726,6.925
6,07-08-2011,1709373.62,0,88,3.48,216.82,6.925
6,07-15-2011,1526801.24,0,89,3.58,216.904,6.925
6,07-22-2011,1526506.08,0,88,3.65,216.964,6.925
6,07-29-2011,1483991.05,0,90,3.68,217.024,6.925
6,08-05-2011,1601584.57,0,91,3.68,217.084,6.925
6,08-12-2011,1484995.38,0,90,3.64,217.144,6.925
6,08-19-2011,1493544.04,0,89,3.55,217.207,6.925
6,08-26-2011,1420405.41,0,90,3.52,217.271,6.925
6,09-02-2011,1481618.74,0,91,3.53,217.334,6.925
6,09-09-2011,1483574.38,1,80,3.55,217.398,6.925
6,09-16-2011,1351407.79,0,85,3.53,217.58,6.925
6,09-23-2011,1336044.75,0,78,3.47,217.919,6.925
6,09-30-2011,1307551.92,0,83,3.36,218.258,6.925
6,10-07-2011,1481739.2,0,74,3.28,218.597,6.551
6,10-14-2011,1386520.99,0,71,3.27,218.911,6.551
6,10-21-2011,1417922.37,0,69,3.35,219.074,6.551
6,10-28-2011,1419445.12,0,70,3.37,219.237,6.551
6,11-04-2011,1523420.38,0,59,3.33,219.4,6.551
6,11-11-2011,1536176.54,0,61,3.3,219.563,6.551
6,11-18-2011,1524390.07,0,64,3.31,219.79,6.551
6,11-25-2011,2249811.55,1,63,3.24,220.042,6.551
6,12-02-2011,1688531.34,0,51,3.17,220.294,6.551
6,12-09-2011,1903385.14,0,44,3.16,220.546,6.551
6,12-16-2011,2034695.56,0,53,3.16,220.767,6.551
6,12-23-2011,2644633.02,0,49,3.11,220.948,6.551
6,12-30-2011,1598080.52,1,47,3.13,221.128,6.551
6,01-06-2012,1395339.71,0,51,3.16,221.309,6.132
6,01-13-2012,1344243.17,0,48,3.26,221.489,6.132
6,01-20-2012,1326255.7,0,55,3.27,221.583,6.132
6,01-27-2012,1315610.66,0,54,3.29,221.677,6.132
6,02-03-2012,1496305.78,0,57,3.36,221.771,6.132
6,02-10-2012,1620603.92,1,49,3.41,221.864,6.132
6,02-17-2012,1632616.09,0,49,3.51,222.026,6.132
6,02-24-2012,1465187.71,0,59,3.56,222.239,6.132
6,03-02-2012,1550385.65,0,60,3.63,222.452,6.132
6,03-09-2012,1569304.4,0,58,3.67,222.665,6.132
6,03-16-2012,1748010.29,0,63,3.73,222.819,6.132
6,03-23-2012,1495143.62,0,64,3.79,222.893,6.132
6,03-30-2012,1508933.26,0,68,3.84,222.968,6.132
6,04-06-2012,1840131.19,0,72,3.89,223.042,5.964
6,04-13-2012,1616394.45,0,71,3.89,223.116,5.964
6,04-20-2012,1456073.24,0,69,3.88,223.171,5.964
6,04-27-2012,1456221.1,0,72,3.81,223.225,5.964
6,05-04-2012,1543461.12,0,78,3.75,223.28,5.964
6,05-11-2012,1517075.67,0,73,3.69,223.335,5.964
6,05-18-2012,1513635.64,0,70,3.63,223.351,5.964
6,05-25-2012,1603793.42,0,78,3.56,223.353,5.964
6,06-01-2012,1681121.38,0,80,3.5,223.354,5.964
6,06-08-2012,1696619.52,0,80,3.45,223.355,5.964
6,06-15-2012,1642247.48,0,82,3.39,223.368,5.964
6,06-22-2012,1618272.25,0,81,3.35,223.409,5.964
6,06-29-2012,1648863.46,0,87,3.29,223.451,5.964
6,07-06-2012,1876359.39,0,83,3.23,223.492,5.668
6,07-13-2012,1588142.26,0,80,3.26,223.533,5.668
6,07-20-2012,1574361.97,0,82,3.31,223.542,5.668
6,07-27-2012,1513229.16,0,86,3.41,223.552,5.668
6,08-03-2012,1627274.93,0,88,3.42,223.561,5.668
6,08-10-2012,1588380.73,0,87,3.49,223.57,5.668
6,08-17-2012,1543049.52,0,88,3.57,223.651,5.668
6,08-24-2012,1501095.49,0,79,3.62,223.786,5.668
6,08-31-2012,1577439.81,0,84,3.64,223.921,5.668
6,09-07-2012,1608077.01,1,86,3.73,224.056,5.668
6,09-14-2012,1375166.86,0,76,3.72,224.2,5.668
6,09-21-2012,1425603.65,0,71,3.72,224.402,5.668
6,09-28-2012,1369131.46,0,78,3.67,224.603,5.668
6,10-05-2012,1518177.71,0,71,3.62,224.804,5.329
6,10-12-2012,1459396.84,0,65,3.6,225.005,5.329
6,10-19-2012,1436883.99,0,70,3.59,225.05,5.329
6,10-26-2012,1431426.34,0,72,3.51,225.069,5.329
7,02-05-2010,496725.44,0,11,2.58,189.382,9.014
7,02-12-2010,524104.92,1,26,2.57,189.464,9.014
7,02-19-2010,506760.54,0,27,2.55,189.534,9.014
7,02-26-2010,496083.24,0,25,2.59,189.602,9.014
7,03-05-2010,491419.55,0,36,2.62,189.67,9.014
7,03-12-2010,480452.1,0,27,2.68,189.737,9.014
7,03-19-2010,574450.23,0,29,2.69,189.734,9.014
7,03-26-2010,514731.6,0,23,2.72,189.72,9.014
7,04-02-2010,561145.14,0,38,2.72,189.705,8.963
7,04-09-2010,484263.25,0,34,2.75,189.69,8.963
7,04-16-2010,406228.19,0,42,2.76,189.663,8.963
7,04-23-2010,404751.25,0,43,2.78,189.619,8.963
7,04-30-2010,373655.61,0,39,2.77,189.575,8.963
7,05-07-2010,395453.83,0,40,2.77,189.531,8.963
7,05-14-2010,372673.61,0,41,2.79,189.49,8.963
7,05-21-2010,395195.65,0,47,2.78,189.468,8.963
7,05-28-2010,442734.55,0,54,2.74,189.445,8.963
7,06-04-2010,509183.22,0,54,2.7,189.423,8.963
7,06-11-2010,498580.87,0,64,2.68,189.4,8.963
7,06-18-2010,481144.09,0,53,2.67,189.419,8.963
7,06-25-2010,553714.87,0,60,2.72,189.453,8.963
7,07-02-2010,575570.77,0,61,2.73,189.488,9.017
7,07-09-2010,593462.34,0,58,2.71,189.523,9.017
7,07-16-2010,557166.35,0,62,2.7,189.613,9.017
7,07-23-2010,570231.21,0,65,2.69,189.775,9.017
7,07-30-2010,603547.16,0,66,2.69,189.937,9.017
7,08-06-2010,643854.17,0,62,2.69,190.099,9.017
7,08-13-2010,598185.4,0,60,2.72,190.261,9.017
7,08-20-2010,582353.17,0,60,2.73,190.295,9.017
7,08-27-2010,554309.24,0,58,2.73,190.328,9.017
7,09-03-2010,532765.05,0,50,2.77,190.362,9.017
7,09-10-2010,535769.32,1,48,2.78,190.396,9.017
7,09-17-2010,489408.53,0,49,2.8,190.469,9.017
7,09-24-2010,488008.83,0,48,2.79,190.571,9.017
7,10-01-2010,448998.73,0,50,2.76,190.674,9.137
7,10-08-2010,480239.88,0,44,2.74,190.776,9.137
7,10-15-2010,463370.48,0,36,2.76,190.862,9.137
7,10-22-2010,472450.81,0,37,2.76,190.907,9.137
7,10-29-2010,465493.15,0,35,2.75,190.952,9.137
7,11-05-2010,480512.44,0,49,2.73,190.996,9.137
7,11-12-2010,507584.29,0,22,2.74,191.041,9.137
7,11-19-2010,482528.36,0,26,2.76,191.031,9.137
7,11-26-2010,835189.26,1,18,2.74,191.012,9.137
7,12-03-2010,552811.62,0,22,2.71,190.993,9.137
7,12-10-2010,599730.07,0,24,2.73,190.974,9.137
7,12-17-2010,716388.81,0,21,2.78,191.03,9.137
7,12-24-2010,1045124.88,0,26,2.78,191.143,9.137
7,12-31-2010,729572.08,1,14,2.83,191.256,9.137
7,01-07-2011,661163.94,0,10,2.88,191.368,8.818
7,01-14-2011,547384.9,0,11,2.91,191.478,8.818
7,01-21-2011,521539.46,0,25,2.97,191.573,8.818
7,01-28-2011,513372.17,0,10,3.01,191.668,8.818
7,02-04-2011,558027.77,0,-2,3.01,191.763,8.818
7,02-11-2011,559903.13,1,10,3.04,191.857,8.818
7,02-18-2011,572387.47,0,17,3.05,191.918,8.818
7,02-25-2011,546690.84,0,17,3.1,191.965,8.818
7,03-04-2011,551378.39,0,22,3.23,192.012,8.818
7,03-11-2011,558963.83,0,21,3.37,192.058,8.818
7,03-18-2011,635014.69,0,28,3.41,192.124,8.818
7,03-25-2011,559061.58,0,26,3.41,192.196,8.818
7,04-01-2011,513409.67,0,25,3.46,192.269,8.595
7,04-08-2011,500552.16,0,31,3.53,192.342,8.595
7,04-15-2011,423380.14,0,28,3.61,192.423,8.595
7,04-22-2011,466594.89,0,32,3.64,192.523,8.595
7,04-29-2011,410429.73,0,27,3.66,192.624,8.595
7,05-06-2011,407012.47,0,27,3.74,192.725,8.595
7,05-13-2011,414094.05,0,37,3.77,192.826,8.595
7,05-20-2011,424670.98,0,36,3.83,192.831,8.595
7,05-27-2011,457216.87,0,38,3.8,192.837,8.595
7,06-03-2011,542295.37,0,46,3.76,192.842,8.595
7,06-10-2011,621099.95,0,53,3.74,192.847,8.595
7,06-17-2011,610991.35,0,49,3.7,192.903,8.595
7,06-24-2011,640043.97,0,47,3.66,192.998,8.595
7,07-01-2011,704344.21,0,59,3.6,193.093,8.622
7,07-08-2011,761793.94,0,59,3.54,193.188,8.622
7,07-15-2011,642748.21,0,54,3.53,193.313,8.622
7,07-22-2011,688043.96,0,56,3.54,193.512,8.622
7,07-29-2011,653382.62,0,57,3.55,193.712,8.622
7,08-05-2011,695392.84,0,56,3.55,193.911,8.622
7,08-12-2011,670670.46,0,55,3.54,194.111,8.622
7,08-19-2011,645156.21,0,56,3.5,194.25,8.622
7,08-26-2011,629994.47,0,58,3.48,194.38,8.622
7,09-02-2011,592355.24,0,53,3.51,194.509,8.622
7,09-09-2011,613135.23,1,46,3.57,194.639,8.622
7,09-16-2011,558981.45,0,44,3.6,194.742,8.622
7,09-23-2011,536144.81,0,44,3.58,194.81,8.622
7,09-30-2011,488880.26,0,47,3.54,194.878,8.622
7,10-07-2011,525866.36,0,41,3.5,194.946,8.513
7,10-14-2011,501959.19,0,33,3.49,195.026,8.513
7,10-21-2011,558691.43,0,37,3.55,195.179,8.513
7,10-28-2011,527339.52,0,29,3.55,195.332,8.513
7,11-04-2011,564536.01,0,23,3.53,195.485,8.513
7,11-11-2011,556015.59,0,20,3.5,195.638,8.513
7,11-18-2011,539826.56,0,30,3.48,195.718,8.513
7,11-25-2011,949075.87,1,28,3.42,195.77,8.513
7,12-02-2011,591907.88,0,20,3.38,195.822,8.513
7,12-09-2011,653845.45,0,11,3.33,195.874,8.513
7,12-16-2011,720242.19,0,15,3.27,195.984,8.513
7,12-23-2011,1059715.27,0,12,3.17,196.171,8.513
7,12-30-2011,815915.52,1,16,3.12,196.359,8.513
7,01-06-2012,713117.66,0,19,3.1,196.546,8.256
7,01-13-2012,593875.46,0,7,3.08,196.733,8.256
7,01-20-2012,578002.85,0,27,3.06,196.78,8.256
7,01-27-2012,541037.98,0,27,3.04,196.826,8.256
7,02-03-2012,580453.32,0,22,3.03,196.873,8.256
7,02-10-2012,563460.77,1,19,3.1,196.92,8.256
7,02-17-2012,620908.18,0,27,3.11,196.943,8.256
7,02-24-2012,603041.14,0,24,3.13,196.95,8.256
7,03-02-2012,551058.13,0,22,3.19,196.957,8.256
7,03-09-2012,579166.5,0,30,3.29,196.963,8.256
7,03-16-2012,669205.73,0,37,3.49,197.046,8.256
7,03-23-2012,615997.29,0,35,3.66,197.23,8.256
7,03-30-2012,583322.2,0,45,3.75,197.413,8.256
7,04-06-2012,621425.98,0,44,3.85,197.597,8.09
7,04-13-2012,517420.23,0,41,3.9,197.781,8.09
7,04-20-2012,457340.06,0,39,3.94,197.723,8.09
7,04-27-2012,467827.75,0,51,3.93,197.665,8.09
7,05-04-2012,465198.89,0,45,3.9,197.606,8.09
7,05-11-2012,460397.41,0,49,3.87,197.548,8.09
7,05-18-2012,468428.3,0,49,3.84,197.555,8.09
7,05-25-2012,532739.77,0,51,3.8,197.589,8.09
7,06-01-2012,598495.02,0,55,3.76,197.622,8.09
7,06-08-2012,642963.75,0,63,3.74,197.655,8.09
7,06-15-2012,666942.02,0,59,3.72,197.692,8.09
7,06-22-2012,687344.68,0,64,3.74,197.739,8.09
7,06-29-2012,704335.41,0,69,3.69,197.786,8.09
7,07-06-2012,805642.61,0,65,3.65,197.832,7.872
7,07-13-2012,694150.89,0,64,3.61,197.879,7.872
7,07-20-2012,686345.69,0,63,3.58,197.929,7.872
7,07-27-2012,686365.4,0,65,3.57,197.979,7.872
7,08-03-2012,680954.81,0,62,3.53,198.029,7.872
7,08-10-2012,675926.3,0,63,3.51,198.08,7.872
7,08-17-2012,642450.4,0,60,3.54,198.1,7.872
7,08-24-2012,609099.37,0,59,3.56,198.098,7.872
7,08-31-2012,586467.16,0,60,3.56,198.097,7.872
7,09-07-2012,597876.55,1,58,3.6,198.095,7.872
7,09-14-2012,541120.2,0,54,3.66,198.127,7.872
7,09-21-2012,530842.25,0,52,3.76,198.359,7.872
7,09-28-2012,525545.76,0,51,3.79,198.59,7.872
7,10-05-2012,505830.56,0,48,3.78,198.822,7.557
7,10-12-2012,503463.93,0,41,3.76,199.054,7.557
7,10-19-2012,516424.83,0,43,3.75,199.148,7.557
7,10-26-2012,495543.28,0,43,3.69,199.22,7.557
8,02-05-2010,1004137.09,0,34,2.57,214.471,6.299
8,02-12-2010,994801.4,1,33,2.55,214.621,6.299
8,02-19-2010,963960.37,0,39,2.51,214.666,6.299
8,02-26-2010,847592.11,0,38,2.56,214.694,6.299
8,03-05-2010,881503.95,0,46,2.62,214.722,6.299
8,03-12-2010,860336.16,0,50,2.67,214.749,6.299
8,03-19-2010,839911.0,0,47,2.72,214.576,6.299
8,03-26-2010,772539.12,0,47,2.73,214.37,6.299
8,04-02-2010,914500.91,0,60,2.72,214.164,6.29
8,04-09-2010,916033.92,0,59,2.77,213.958,6.29
8,04-16-2010,882917.12,0,63,2.81,213.819,6.29
8,04-23-2010,850440.26,0,56,2.8,213.768,6.29
8,04-30-2010,778672.64,0,61,2.78,213.718,6.29
8,05-07-2010,916820.96,0,63,2.84,213.667,6.29
8,05-14-2010,873337.84,0,61,2.85,213.666,6.29
8,05-21-2010,818333.21,0,66,2.83,213.958,6.29
8,05-28-2010,868041.56,0,75,2.76,214.25,6.29
8,06-04-2010,958225.41,0,76,2.7,214.542,6.29
8,06-11-2010,914835.86,0,82,2.67,214.835,6.29
8,06-18-2010,869922.56,0,79,2.64,214.832,6.29
8,06-25-2010,814919.11,0,82,2.65,214.713,6.29
8,07-02-2010,852333.75,0,75,2.67,214.593,6.315
8,07-09-2010,845289.77,0,72,2.64,214.473,6.315
8,07-16-2010,848630.57,0,77,2.62,214.464,6.315
8,07-23-2010,785515.88,0,78,2.61,214.603,6.315
8,07-30-2010,787295.09,0,76,2.64,214.742,6.315
8,08-06-2010,893399.77,0,80,2.63,214.881,6.315
8,08-13-2010,867919.21,0,80,2.69,215.02,6.315
8,08-20-2010,870676.44,0,79,2.66,214.978,6.315
8,08-27-2010,888816.78,0,75,2.62,214.936,6.315
8,09-03-2010,899036.47,0,76,2.58,214.895,6.315
8,09-10-2010,831425.2,1,74,2.56,214.853,6.315
8,09-17-2010,836707.85,0,75,2.58,214.879,6.315
8,09-24-2010,773725.08,0,72,2.62,214.955,6.315
8,10-01-2010,804105.49,0,69,2.6,215.031,6.433
8,10-08-2010,870349.86,0,63,2.63,215.107,6.433
8,10-15-2010,826546.96,0,63,2.72,215.176,6.433
8,10-22-2010,836419.14,0,63,2.72,215.225,6.433
8,10-29-2010,830756.76,0,58,2.72,215.274,6.433
8,11-05-2010,927266.34,0,56,2.69,215.323,6.433
8,11-12-2010,911538.98,0,55,2.73,215.372,6.433
8,11-19-2010,885608.04,0,44,2.77,215.254,6.433
8,11-26-2010,1261693.16,1,51,2.74,215.108,6.433
8,12-03-2010,952766.93,0,43,2.71,214.962,6.433
8,12-10-2010,1069061.63,0,42,2.84,214.816,6.433
8,12-17-2010,1220579.55,0,45,2.87,214.751,6.433
8,12-24-2010,1511641.09,0,46,2.89,214.748,6.433
8,12-31-2010,773586.49,1,41,2.94,214.745,6.433
8,01-07-2011,873065.23,0,36,2.98,214.742,6.262
8,01-14-2011,809646.66,0,32,2.98,214.793,6.262
8,01-21-2011,822668.23,0,42,3.02,215.173,6.262
8,01-28-2011,782256.66,0,39,3.01,215.553,6.262
8,02-04-2011,944594.78,0,24,2.99,215.933,6.262
8,02-11-2011,996147.39,1,28,3.02,216.313,6.262
8,02-18-2011,1065108.64,0,51,3.04,216.631,6.262
8,02-25-2011,917317.15,0,51,3.06,216.925,6.262
8,03-04-2011,935266.43,0,53,3.29,217.219,6.262
8,03-11-2011,900387.29,0,49,3.46,217.512,6.262
8,03-18-2011,898289.14,0,57,3.49,217.771,6.262
8,03-25-2011,827968.36,0,60,3.47,218.015,6.262
8,04-01-2011,878762.3,0,50,3.52,218.259,6.297
8,04-08-2011,949825.83,0,66,3.62,218.503,6.297
8,04-15-2011,908278.74,0,64,3.74,218.726,6.297
8,04-22-2011,937473.13,0,65,3.81,218.899,6.297
8,04-29-2011,855014.77,0,62,3.81,219.071,6.297
8,05-06-2011,941457.34,0,59,3.91,219.244,6.297
8,05-13-2011,895763.41,0,73,3.9,219.416,6.297
8,05-20-2011,836049.89,0,66,3.91,219.175,6.297
8,05-27-2011,857939.41,0,73,3.79,218.933,6.297
8,06-03-2011,929222.16,0,82,3.7,218.692,6.297
8,06-10-2011,897309.41,0,82,3.65,218.451,6.297
8,06-17-2011,922048.41,0,85,3.64,218.402,6.297
8,06-24-2011,864881.24,0,84,3.59,218.498,6.297
8,07-01-2011,883683.35,0,87,3.52,218.594,6.425
8,07-08-2011,861965.12,0,84,3.48,218.69,6.425
8,07-15-2011,849925.37,0,84,3.58,218.775,6.425
8,07-22-2011,829902.42,0,85,3.65,218.833,6.425
8,07-29-2011,807082.19,0,86,3.68,218.891,6.425
8,08-05-2011,892393.77,0,85,3.68,218.949,6.425
8,08-12-2011,856796.1,0,86,3.64,219.008,6.425
8,08-19-2011,895066.5,0,83,3.55,219.07,6.425
8,08-26-2011,912542.82,0,85,3.52,219.134,6.425
8,09-02-2011,891387.14,0,85,3.53,219.197,6.425
8,09-09-2011,848358.09,1,69,3.55,219.26,6.425
8,09-16-2011,870971.82,0,69,3.53,219.444,6.425
8,09-23-2011,806444.29,0,69,3.47,219.789,6.425
8,09-30-2011,809049.37,0,72,3.36,220.133,6.425
8,10-07-2011,929976.55,0,68,3.28,220.477,6.123
8,10-14-2011,863188.26,0,62,3.27,220.796,6.123
8,10-21-2011,905984.49,0,60,3.35,220.962,6.123
8,10-28-2011,876712.31,0,57,3.37,221.128,6.123
8,11-04-2011,947815.05,0,50,3.33,221.294,6.123
8,11-11-2011,917088.48,0,51,3.3,221.46,6.123
8,11-18-2011,897032.19,0,52,3.31,221.691,6.123
8,11-25-2011,1235163.86,1,50,3.24,221.949,6.123
8,12-02-2011,986601.46,0,41,3.17,222.207,6.123
8,12-09-2011,1051922.95,0,31,3.16,222.465,6.123
8,12-16-2011,1118163.94,0,40,3.16,222.691,6.123
8,12-23-2011,1462254.05,0,38,3.11,222.874,6.123
8,12-30-2011,858572.22,1,36,3.13,223.058,6.123
8,01-06-2012,872113.23,0,43,3.16,223.241,5.825
8,01-13-2012,817661.76,0,36,3.26,223.424,5.825
8,01-20-2012,813954.82,0,47,3.27,223.519,5.825
8,01-27-2012,778178.53,0,46,3.29,223.613,5.825
8,02-03-2012,927610.69,0,46,3.36,223.708,5.825
8,02-10-2012,1021400.42,1,36,3.41,223.802,5.825
8,02-17-2012,1096232.89,0,38,3.51,223.966,5.825
8,02-24-2012,928537.54,0,46,3.56,224.181,5.825
8,03-02-2012,952264.91,0,51,3.63,224.396,5.825
8,03-09-2012,960115.56,0,50,3.67,224.611,5.825
8,03-16-2012,921178.39,0,57,3.73,224.766,5.825
8,03-23-2012,874223.25,0,53,3.79,224.84,5.825
8,03-30-2012,905935.29,0,67,3.84,224.914,5.825
8,04-06-2012,1046816.59,0,62,3.89,224.988,5.679
8,04-13-2012,909989.45,0,65,3.89,225.063,5.679
8,04-20-2012,872288.46,0,64,3.88,225.118,5.679
8,04-27-2012,879448.25,0,70,3.81,225.173,5.679
8,05-04-2012,937232.09,0,74,3.75,225.229,5.679
8,05-11-2012,920128.89,0,65,3.69,225.284,5.679
8,05-18-2012,913922.01,0,64,3.63,225.3,5.679
8,05-25-2012,895157.44,0,76,3.56,225.301,5.679
8,06-01-2012,921161.2,0,78,3.5,225.301,5.679
8,06-08-2012,928820.0,0,74,3.45,225.301,5.679
8,06-15-2012,916918.7,0,77,3.39,225.313,5.679
8,06-22-2012,899449.65,0,79,3.35,225.356,5.679
8,06-29-2012,878298.22,0,84,3.29,225.398,5.679
8,07-06-2012,936205.5,0,81,3.23,225.441,5.401
8,07-13-2012,890488.01,0,78,3.26,225.483,5.401
8,07-20-2012,888834.07,0,80,3.31,225.493,5.401
8,07-27-2012,838227.52,0,82,3.41,225.503,5.401
8,08-03-2012,897076.73,0,85,3.42,225.513,5.401
8,08-10-2012,930745.69,0,84,3.49,225.523,5.401
8,08-17-2012,896613.19,0,81,3.57,225.605,5.401
8,08-24-2012,936373.65,0,74,3.62,225.742,5.401
8,08-31-2012,976137.73,0,75,3.64,225.879,5.401
8,09-07-2012,932160.37,1,81,3.73,226.015,5.401
8,09-14-2012,883569.38,0,67,3.72,226.162,5.401
8,09-21-2012,857796.45,0,67,3.72,226.365,5.401
8,09-28-2012,884724.41,0,71,3.67,226.568,5.401
8,10-05-2012,976436.02,0,61,3.62,226.771,5.124
8,10-12-2012,927511.99,0,55,3.6,226.974,5.124
8,10-19-2012,900309.75,0,63,3.59,227.018,5.124
8,10-26-2012,891671.44,0,65,3.51,227.037,5.124
9,02-05-2010,549505.55,0,38,2.57,214.655,6.415
9,02-12-2010,552677.48,1,37,2.55,214.806,6.415
9,02-19-2010,511327.9,0,43,2.51,214.851,6.415
9,02-26-2010,473773.27,0,44,2.56,214.878,6.415
9,03-05-2010,507297.88,0,48,2.62,214.905,6.415
9,03-12-2010,494145.8,0,56,2.67,214.933,6.415
9,03-19-2010,485744.61,0,53,2.72,214.76,6.415
9,03-26-2010,484946.56,0,52,2.73,214.553,6.415
9,04-02-2010,545206.32,0,65,2.72,214.347,6.384
9,04-09-2010,529384.31,0,65,2.77,214.14,6.384
9,04-16-2010,485764.32,0,66,2.81,214.0,6.384
9,04-23-2010,488683.57,0,61,2.8,213.95,6.384
9,04-30-2010,491723.42,0,66,2.78,213.899,6.384
9,05-07-2010,526128.61,0,69,2.84,213.848,6.384
9,05-14-2010,492792.8,0,71,2.85,213.847,6.384
9,05-21-2010,506274.94,0,72,2.83,214.14,6.384
9,05-28-2010,558143.53,0,77,2.76,214.433,6.384
9,06-04-2010,586061.46,0,80,2.7,214.726,6.384
9,06-11-2010,522715.68,0,84,2.67,215.019,6.384
9,06-18-2010,513073.87,0,83,2.64,215.017,6.384
9,06-25-2010,509263.28,0,85,2.65,214.897,6.384
9,07-02-2010,528832.54,0,79,2.67,214.777,6.442
9,07-09-2010,485389.15,0,79,2.64,214.656,6.442
9,07-16-2010,474030.51,0,83,2.62,214.647,6.442
9,07-23-2010,462676.5,0,84,2.61,214.787,6.442
9,07-30-2010,468675.19,0,80,2.64,214.926,6.442
9,08-06-2010,522815.45,0,87,2.63,215.065,6.442
9,08-13-2010,481897.98,0,87,2.69,215.204,6.442
9,08-20-2010,499325.38,0,86,2.66,215.162,6.442
9,08-27-2010,506789.66,0,84,2.62,215.12,6.442
9,09-03-2010,511049.06,0,82,2.58,215.078,6.442
9,09-10-2010,484835.2,1,78,2.56,215.036,6.442
9,09-17-2010,463448.59,0,81,2.58,215.062,6.442
9,09-24-2010,452905.22,0,77,2.62,215.138,6.442
9,10-01-2010,495692.19,0,69,2.6,215.214,6.56
9,10-08-2010,505069.21,0,65,2.63,215.29,6.56
9,10-15-2010,454769.68,0,67,2.72,215.359,6.56
9,10-22-2010,466322.76,0,70,2.72,215.408,6.56
9,10-29-2010,508801.61,0,64,2.72,215.457,6.56
9,11-05-2010,517869.97,0,59,2.69,215.507,6.56
9,11-12-2010,520846.68,0,62,2.73,215.556,6.56
9,11-19-2010,519823.3,0,50,2.77,215.437,6.56
9,11-26-2010,768070.53,1,60,2.74,215.291,6.56
9,12-03-2010,578164.82,0,50,2.71,215.145,6.56
9,12-10-2010,618121.82,0,46,2.84,214.998,6.56
9,12-17-2010,685243.2,0,50,2.87,214.933,6.56
9,12-24-2010,873347.55,0,51,2.89,214.93,6.56
9,12-31-2010,459770.85,1,46,2.94,214.927,6.56
9,01-07-2011,490981.78,0,42,2.98,214.923,6.416
9,01-14-2011,458086.69,0,36,2.98,214.975,6.416
9,01-21-2011,454021.69,0,45,3.02,215.355,6.416
9,01-28-2011,463561.48,0,44,3.01,215.736,6.416
9,02-04-2011,544612.28,0,32,2.99,216.116,6.416
9,02-11-2011,555279.02,1,34,3.02,216.497,6.416
9,02-18-2011,610985.56,0,58,3.04,216.815,6.416
9,02-25-2011,513107.2,0,59,3.06,217.11,6.416
9,03-04-2011,542016.18,0,61,3.29,217.404,6.416
9,03-11-2011,517783.5,0,55,3.46,217.698,6.416
9,03-18-2011,515226.11,0,64,3.49,217.956,6.416
9,03-25-2011,497488.4,0,69,3.47,218.201,6.416
9,04-01-2011,520962.14,0,56,3.52,218.445,6.38
9,04-08-2011,561625.92,0,71,3.62,218.69,6.38
9,04-15-2011,528420.28,0,72,3.74,218.913,6.38
9,04-22-2011,549502.11,0,72,3.81,219.086,6.38
9,04-29-2011,532226.2,0,71,3.81,219.259,6.38
9,05-06-2011,545251.1,0,62,3.91,219.432,6.38
9,05-13-2011,539126.0,0,78,3.9,219.604,6.38
9,05-20-2011,518266.9,0,70,3.91,219.362,6.38
9,05-27-2011,553834.04,0,80,3.79,219.12,6.38
9,06-03-2011,587004.29,0,86,3.7,218.878,6.38
9,06-10-2011,550076.32,0,86,3.65,218.637,6.38
9,06-17-2011,558671.14,0,89,3.64,218.588,6.38
9,06-24-2011,538745.93,0,87,3.59,218.684,6.38
9,07-01-2011,537064.03,0,89,3.52,218.78,6.404
9,07-08-2011,535983.13,0,89,3.48,218.876,6.404
9,07-15-2011,512834.04,0,90,3.58,218.961,6.404
9,07-22-2011,491449.94,0,89,3.65,219.019,6.404
9,07-29-2011,471449.98,0,91,3.68,219.077,6.404
9,08-05-2011,554879.67,0,92,3.68,219.135,6.404
9,08-12-2011,520284.79,0,92,3.64,219.193,6.404
9,08-19-2011,540819.44,0,86,3.55,219.256,6.404
9,08-26-2011,542663.53,0,89,3.52,219.319,6.404
9,09-02-2011,544643.33,0,89,3.53,219.382,6.404
9,09-09-2011,528784.86,1,76,3.55,219.446,6.404
9,09-16-2011,500274.03,0,78,3.53,219.63,6.404
9,09-23-2011,506743.78,0,74,3.47,219.975,6.404
9,09-30-2011,508567.04,0,78,3.36,220.32,6.404
9,10-07-2011,553836.98,0,73,3.28,220.664,6.054
9,10-14-2011,529515.66,0,67,3.27,220.984,6.054
9,10-21-2011,557075.21,0,65,3.35,221.15,6.054
9,10-28-2011,548527.49,0,64,3.37,221.316,6.054
9,11-04-2011,597855.07,0,54,3.33,221.482,6.054
9,11-11-2011,594574.12,0,58,3.3,221.648,6.054
9,11-18-2011,542414.27,0,59,3.31,221.88,6.054
9,11-25-2011,814753.5,1,54,3.24,222.139,6.054
9,12-02-2011,613115.21,0,47,3.17,222.398,6.054
9,12-09-2011,630327.28,0,38,3.16,222.656,6.054
9,12-16-2011,705557.97,0,47,3.16,222.883,6.054
9,12-23-2011,905324.68,0,44,3.11,223.066,6.054
9,12-30-2011,549788.36,1,43,3.13,223.25,6.054
9,01-06-2012,519585.67,0,48,3.16,223.433,5.667
9,01-13-2012,474964.6,0,42,3.26,223.617,5.667
9,01-20-2012,480130.04,0,52,3.27,223.711,5.667
9,01-27-2012,482451.21,0,49,3.29,223.806,5.667
9,02-03-2012,549967.89,0,54,3.36,223.901,5.667
9,02-10-2012,609736.12,1,44,3.41,223.995,5.667
9,02-17-2012,658965.05,0,44,3.51,224.159,5.667
9,02-24-2012,563578.79,0,54,3.56,224.374,5.667
9,03-02-2012,619498.28,0,57,3.63,224.589,5.667
9,03-09-2012,574955.95,0,54,3.67,224.805,5.667
9,03-16-2012,550373.57,0,60,3.73,224.959,5.667
9,03-23-2012,550791.32,0,59,3.79,225.034,5.667
9,03-30-2012,574985.37,0,68,3.84,225.108,5.667
9,04-06-2012,677885.99,0,69,3.89,225.182,5.539
9,04-13-2012,578539.86,0,69,3.89,225.256,5.539
9,04-20-2012,542819.03,0,68,3.88,225.312,5.539
9,04-27-2012,550414.99,0,73,3.81,225.367,5.539
9,05-04-2012,586289.08,0,79,3.75,225.423,5.539
9,05-11-2012,592572.3,0,71,3.69,225.478,5.539
9,05-18-2012,571463.93,0,70,3.63,225.494,5.539
9,05-25-2012,547226.0,0,80,3.56,225.494,5.539
9,06-01-2012,583648.59,0,80,3.5,225.495,5.539
9,06-08-2012,582525.42,0,79,3.45,225.495,5.539
9,06-15-2012,564606.1,0,82,3.39,225.507,5.539
9,06-22-2012,562173.12,0,81,3.35,225.55,5.539
9,06-29-2012,544770.7,0,87,3.29,225.592,5.539
9,07-06-2012,578790.36,0,84,3.23,225.635,5.277
9,07-13-2012,536537.64,0,82,3.26,225.677,5.277
9,07-20-2012,513991.57,0,83,3.31,225.687,5.277
9,07-27-2012,495951.0,0,86,3.41,225.697,5.277
9,08-03-2012,533887.54,0,90,3.42,225.707,5.277
9,08-10-2012,538713.47,0,89,3.49,225.717,5.277
9,08-17-2012,535153.47,0,86,3.57,225.8,5.277
9,08-24-2012,572887.78,0,78,3.62,225.936,5.277
9,08-31-2012,576879.15,0,81,3.64,226.073,5.277
9,09-07-2012,565812.29,1,88,3.73,226.21,5.277
9,09-14-2012,523427.35,0,74,3.72,226.357,5.277
9,09-21-2012,533756.88,0,70,3.72,226.56,5.277
9,09-28-2012,516361.06,0,77,3.67,226.763,5.277
9,10-05-2012,606755.3,0,67,3.62,226.966,4.954
9,10-12-2012,558464.8,0,60,3.6,227.169,4.954
9,10-19-2012,542009.46,0,68,3.59,227.214,4.954
9,10-26-2012,549731.49,0,70,3.51,227.233,4.954
10,02-05-2010,2193048.75,0,54,2.96,126.442,9.765
10,02-12-2010,2176028.52,1,50,2.83,126.496,9.765
10,02-19-2010,2113432.58,0,58,2.92,126.526,9.765
10,02-26-2010,2006774.96,0,53,2.82,126.552,9.765
10,03-05-2010,1987090.09,0,56,2.88,126.578,9.765
10,03-12-2010,1941346.13,0,52,3.03,126.604,9.765
10,03-19-2010,1946875.06,0,61,3.05,126.607,9.765
10,03-26-2010,1893532.46,0,60,2.98,126.605,9.765
10,04-02-2010,2138651.97,0,64,3.09,126.603,9.524
10,04-09-2010,2041069.37,0,65,3.0,126.602,9.524
10,04-16-2010,1826241.44,0,70,3.11,126.562,9.524
10,04-23-2010,1829521.83,0,66,3.05,126.471,9.524
10,04-30-2010,1790694.59,0,70,3.1,126.381,9.524
10,05-07-2010,1921432.16,0,71,3.13,126.29,9.524
10,05-14-2010,1808056.41,0,74,3.14,126.209,9.524
10,05-21-2010,1847613.58,0,78,3.12,126.184,9.524
10,05-28-2010,1904618.17,0,77,3.06,126.16,9.524
10,06-04-2010,1931406.28,0,83,2.94,126.136,9.524
10,06-11-2010,1827521.71,0,90,3.06,126.112,9.524
10,06-18-2010,1837636.24,0,83,2.94,126.114,9.524
10,06-25-2010,1768172.31,0,90,3.08,126.127,9.524
10,07-02-2010,1845893.87,0,93,2.98,126.139,9.199
10,07-09-2010,1769793.37,0,91,3.1,126.152,9.199
10,07-16-2010,1828052.47,0,92,2.97,126.15,9.199
10,07-23-2010,1831676.03,0,88,3.11,126.128,9.199
10,07-30-2010,1832664.03,0,85,3.02,126.107,9.199
10,08-06-2010,1949236.09,0,86,3.12,126.085,9.199
10,08-13-2010,1962996.7,0,88,3.05,126.064,9.199
10,08-20-2010,1983190.56,0,90,3.04,126.077,9.199
10,08-27-2010,1727565.42,0,85,3.02,126.089,9.199
10,09-03-2010,1766331.45,0,84,3.09,126.102,9.199
10,09-10-2010,1720530.23,1,84,2.96,126.115,9.199
10,09-17-2010,1716755.78,0,86,3.03,126.145,9.199
10,09-24-2010,1655036.75,0,86,2.94,126.19,9.199
10,10-01-2010,1645892.97,0,86,3.0,126.235,9.003
10,10-08-2010,1772192.42,0,77,2.92,126.279,9.003
10,10-15-2010,1703850.25,0,75,3.08,126.327,9.003
10,10-22-2010,1740234.06,0,68,3.01,126.382,9.003
10,10-29-2010,1741308.56,0,69,3.13,126.436,9.003
10,11-05-2010,1832211.96,0,71,3.01,126.491,9.003
10,11-12-2010,1895901.59,0,61,3.13,126.546,9.003
10,11-19-2010,1949177.13,0,59,3.05,126.607,9.003
10,11-26-2010,2939946.38,1,55,3.16,126.669,9.003
10,12-03-2010,2251206.64,0,51,3.04,126.731,9.003
10,12-10-2010,2411790.21,0,61,3.09,126.793,9.003
10,12-17-2010,2811646.85,0,59,3.12,126.879,9.003
10,12-24-2010,3749057.69,0,57,3.24,126.984,9.003
10,12-31-2010,1707298.14,1,50,3.15,127.088,9.003
10,01-07-2011,1714309.9,0,43,3.29,127.192,8.744
10,01-14-2011,1710803.59,0,50,3.31,127.301,8.744
10,01-21-2011,1677556.18,0,57,3.34,127.44,8.744
10,01-28-2011,1715769.05,0,53,3.23,127.58,8.744
10,02-04-2011,1968045.91,0,45,3.35,127.72,8.744
10,02-11-2011,2115408.31,1,52,3.38,127.859,8.744
10,02-18-2011,2106934.55,0,62,3.43,127.995,8.744
10,02-25-2011,1967996.71,0,54,3.4,128.13,8.744
10,03-04-2011,1958003.19,0,57,3.67,128.265,8.744
10,03-11-2011,1933469.15,0,64,3.63,128.399,8.744
10,03-18-2011,1884734.31,0,70,3.89,128.512,8.744
10,03-25-2011,1815798.85,0,63,3.72,128.616,8.744
10,04-01-2011,1827733.18,0,68,3.77,128.72,8.494
10,04-08-2011,1870720.73,0,73,3.82,128.824,8.494
10,04-15-2011,1781767.22,0,61,4.09,128.911,8.494
10,04-22-2011,2004831.14,0,76,3.92,128.955,8.494
10,04-29-2011,1873646.34,0,73,4.15,129.0,8.494
10,05-06-2011,1841369.99,0,74,4.19,129.044,8.494
10,05-13-2011,1712995.44,0,74,4.2,129.089,8.494
10,05-20-2011,1720908.01,0,73,3.99,129.076,8.494
10,05-27-2011,1743000.38,0,79,3.93,129.062,8.494
10,06-03-2011,1792210.89,0,82,3.89,129.049,8.494
10,06-10-2011,1740063.1,0,85,3.98,129.036,8.494
10,06-17-2011,1817934.76,0,88,3.94,129.043,8.494
10,06-24-2011,1711813.13,0,91,3.81,129.066,8.494
10,07-01-2011,1751369.75,0,95,3.84,129.089,8.257
10,07-08-2011,1699708.38,0,89,3.79,129.113,8.257
10,07-15-2011,1775068.4,0,86,3.78,129.134,8.257
10,07-22-2011,1774342.61,0,89,3.7,129.151,8.257
10,07-29-2011,1745841.33,0,87,3.69,129.168,8.257
10,08-05-2011,1886299.98,0,90,3.8,129.185,8.257
10,08-12-2011,1917397.63,0,86,3.79,129.202,8.257
10,08-19-2011,1954849.68,0,87,3.74,129.241,8.257
10,08-26-2011,1728399.07,0,92,3.66,129.283,8.257
10,09-02-2011,1758587.35,0,92,3.8,129.326,8.257
10,09-09-2011,1670579.82,1,89,3.77,129.369,8.257
10,09-16-2011,1650894.3,0,77,3.78,129.431,8.257
10,09-23-2011,1685910.53,0,83,3.79,129.518,8.257
10,09-30-2011,1627707.31,0,82,3.88,129.606,8.257
10,10-07-2011,1788227.6,0,75,3.83,129.694,7.874
10,10-14-2011,1704753.02,0,70,3.7,129.771,7.874
10,10-21-2011,1745928.56,0,78,3.84,129.782,7.874
10,10-28-2011,1771792.97,0,73,3.84,129.794,7.874
10,11-04-2011,1904438.59,0,69,3.83,129.805,7.874
10,11-11-2011,2076570.84,0,55,3.68,129.817,7.874
10,11-18-2011,1869087.85,0,59,3.67,129.827,7.874
10,11-25-2011,2950198.64,1,61,3.76,129.836,7.874
10,12-02-2011,2068097.18,0,57,3.7,129.846,7.874
10,12-09-2011,2429310.9,0,43,3.64,129.856,7.874
10,12-16-2011,2555031.18,0,51,3.49,129.898,7.874
10,12-23-2011,3487986.89,0,48,3.54,129.985,7.874
10,12-30-2011,1930690.37,1,49,3.43,130.071,7.874
10,01-06-2012,1683401.78,0,60,3.44,130.158,7.545
10,01-13-2012,1711562.73,0,51,3.48,130.244,7.545
10,01-20-2012,1675562.94,0,55,3.66,130.279,7.545
10,01-27-2012,1632406.0,0,54,3.68,130.314,7.545
10,02-03-2012,1867403.01,0,57,3.54,130.35,7.545
10,02-10-2012,2218595.8,1,56,3.72,130.385,7.545
10,02-17-2012,2168709.76,0,54,3.78,130.455,7.545
10,02-24-2012,2039415.74,0,56,3.95,130.55,7.545
10,03-02-2012,1990371.02,0,58,3.88,130.646,7.545
10,03-09-2012,1917483.1,0,58,3.96,130.741,7.545
10,03-16-2012,1930814.66,0,62,4.27,130.826,7.545
10,03-23-2012,1837457.69,0,57,4.29,130.897,7.545
10,03-30-2012,1815760.42,0,68,4.29,130.967,7.545
10,04-06-2012,2163384.17,0,66,4.28,131.038,7.382
10,04-13-2012,1974687.51,0,70,4.25,131.108,7.382
10,04-20-2012,1777166.53,0,68,4.11,131.117,7.382
10,04-27-2012,1712987.56,0,80,4.09,131.127,7.382
10,05-04-2012,1821364.42,0,77,4.06,131.136,7.382
10,05-11-2012,1792345.3,0,76,4.19,131.145,7.382
10,05-18-2012,1795152.73,0,85,4.31,131.098,7.382
10,05-25-2012,1830939.1,0,86,4.13,131.029,7.382
10,06-01-2012,1767471.48,0,80,4.28,130.959,7.382
10,06-08-2012,1840491.41,0,87,4.1,130.89,7.382
10,06-15-2012,1811562.88,0,89,4.14,130.83,7.382
10,06-22-2012,1755334.18,0,90,4.01,130.793,7.382
10,06-29-2012,1707481.9,0,91,3.88,130.756,7.382
10,07-06-2012,1805999.79,0,87,3.67,130.72,7.17
10,07-13-2012,1765571.91,0,90,3.72,130.683,7.17
10,07-20-2012,1869967.03,0,84,3.59,130.701,7.17
10,07-27-2012,1817603.66,0,84,3.77,130.72,7.17
10,08-03-2012,1939440.09,0,85,3.6,130.738,7.17
10,08-10-2012,1880436.94,0,91,3.81,130.756,7.17
10,08-17-2012,1827797.4,0,89,4.0,130.791,7.17
10,08-24-2012,1764984.15,0,82,4.06,130.838,7.17
10,08-31-2012,1650285.54,0,87,3.89,130.885,7.17
10,09-07-2012,1708283.28,1,83,4.12,130.933,7.17
10,09-14-2012,1640168.99,0,78,3.97,130.978,7.17
10,09-21-2012,1671857.57,0,82,4.12,131.01,7.17
10,09-28-2012,1694862.41,0,83,3.97,131.043,7.17
10,10-05-2012,1758971.38,0,81,4.13,131.076,6.943
10,10-12-2012,1713889.11,0,76,4.47,131.108,6.943
10,10-19-2012,1734834.82,0,73,4.45,131.15,6.943
10,10-26-2012,1744349.05,0,70,4.3,131.193,6.943
11,02-05-2010,1528008.64,0,46,2.57,214.425,7.368
11,02-12-2010,1574684.08,1,48,2.55,214.575,7.368
11,02-19-2010,1503298.7,0,48,2.51,214.62,7.368
11,02-26-2010,1336404.65,0,53,2.56,214.648,7.368
11,03-05-2010,1426622.65,0,54,2.62,214.675,7.368
11,03-12-2010,1331883.16,0,64,2.67,214.703,7.368
11,03-19-2010,1364207.0,0,62,2.72,214.53,7.368
11,03-26-2010,1245624.27,0,58,2.73,214.324,7.368
11,04-02-2010,1446210.26,0,66,2.72,214.118,7.343
11,04-09-2010,1470308.32,0,70,2.77,213.912,7.343
11,04-16-2010,1323243.35,0,68,2.81,213.773,7.343
11,04-23-2010,1283766.55,0,68,2.8,213.722,7.343
11,04-30-2010,1239766.89,0,71,2.78,213.672,7.343
11,05-07-2010,1312329.78,0,76,2.84,213.621,7.343
11,05-14-2010,1266796.13,0,78,2.85,213.62,7.343
11,05-21-2010,1271646.62,0,77,2.83,213.912,7.343
11,05-28-2010,1264272.52,0,80,2.76,214.204,7.343
11,06-04-2010,1396322.19,0,80,2.7,214.496,7.343
11,06-11-2010,1339570.85,0,83,2.67,214.788,7.343
11,06-18-2010,1336522.92,0,84,2.64,214.786,7.343
11,06-25-2010,1262025.08,0,84,2.65,214.666,7.343
11,07-02-2010,1302600.14,0,83,2.67,214.546,7.346
11,07-09-2010,1280156.47,0,83,2.64,214.427,7.346
11,07-16-2010,1290609.54,0,85,2.62,214.418,7.346
11,07-23-2010,1244390.03,0,85,2.61,214.556,7.346
11,07-30-2010,1250178.89,0,83,2.64,214.695,7.346
11,08-06-2010,1369634.92,0,87,2.63,214.834,7.346
11,08-13-2010,1384339.1,0,88,2.69,214.973,7.346
11,08-20-2010,1430192.37,0,89,2.66,214.931,7.346
11,08-27-2010,1311263.07,0,88,2.62,214.89,7.346
11,09-03-2010,1303914.27,0,85,2.58,214.848,7.346
11,09-10-2010,1231428.46,1,82,2.56,214.807,7.346
11,09-17-2010,1215676.31,0,83,2.58,214.832,7.346
11,09-24-2010,1170103.25,0,77,2.62,214.908,7.346
11,10-01-2010,1182490.46,0,75,2.6,214.985,7.564
11,10-08-2010,1293472.8,0,69,2.63,215.061,7.564
11,10-15-2010,1175003.67,0,71,2.72,215.129,7.564
11,10-22-2010,1169831.38,0,73,2.72,215.178,7.564
11,10-29-2010,1195036.0,0,74,2.72,215.227,7.564
11,11-05-2010,1332759.13,0,64,2.69,215.277,7.564
11,11-12-2010,1281675.6,0,64,2.73,215.326,7.564
11,11-19-2010,1292346.57,0,59,2.77,215.207,7.564
11,11-26-2010,1757242.51,1,70,2.74,215.061,7.564
11,12-03-2010,1380522.64,0,56,2.71,214.915,7.564
11,12-10-2010,1564516.43,0,53,2.84,214.769,7.564
11,12-17-2010,1843971.15,0,55,2.87,214.705,7.564
11,12-24-2010,2306265.36,0,59,2.89,214.702,7.564
11,12-31-2010,1172003.1,1,55,2.94,214.699,7.564
11,01-07-2011,1178905.44,0,54,2.98,214.696,7.551
11,01-14-2011,1194449.78,0,45,2.98,214.747,7.551
11,01-21-2011,1187776.19,0,52,3.02,215.127,7.551
11,01-28-2011,1100418.69,0,51,3.01,215.507,7.551
11,02-04-2011,1422546.05,0,47,2.99,215.886,7.551
11,02-11-2011,1419236.9,1,45,3.02,216.266,7.551
11,02-18-2011,1554747.15,0,62,3.04,216.584,7.551
11,02-25-2011,1323999.36,0,69,3.06,216.878,7.551
11,03-04-2011,1399456.99,0,66,3.29,217.172,7.551
11,03-11-2011,1314557.31,0,63,3.46,217.465,7.551
11,03-18-2011,1391813.69,0,70,3.49,217.724,7.551
11,03-25-2011,1229777.24,0,74,3.47,217.967,7.551
11,04-01-2011,1258674.12,0,69,3.52,218.211,7.574
11,04-08-2011,1327401.06,0,74,3.62,218.455,7.574
11,04-15-2011,1312905.8,0,77,3.74,218.679,7.574
11,04-22-2011,1388118.53,0,78,3.81,218.851,7.574
11,04-29-2011,1357589.89,0,80,3.81,219.024,7.574
11,05-06-2011,1331453.41,0,71,3.91,219.196,7.574
11,05-13-2011,1277959.42,0,81,3.9,219.368,7.574
11,05-20-2011,1239466.97,0,77,3.91,219.127,7.574
11,05-27-2011,1216876.52,0,86,3.79,218.886,7.574
11,06-03-2011,1343637.0,0,86,3.7,218.645,7.574
11,06-10-2011,1314626.75,0,86,3.65,218.404,7.574
11,06-17-2011,1337506.74,0,88,3.64,218.355,7.574
11,06-24-2011,1254587.84,0,86,3.59,218.451,7.574
11,07-01-2011,1297472.06,0,86,3.52,218.547,7.567
11,07-08-2011,1334627.96,0,87,3.48,218.642,7.567
11,07-15-2011,1266546.73,0,88,3.58,218.728,7.567
11,07-22-2011,1290576.44,0,88,3.65,218.786,7.567
11,07-29-2011,1212938.67,0,89,3.68,218.844,7.567
11,08-05-2011,1403198.94,0,90,3.68,218.902,7.567
11,08-12-2011,1354188.43,0,90,3.64,218.961,7.567
11,08-19-2011,1484169.74,0,90,3.55,219.023,7.567
11,08-26-2011,1304706.75,0,89,3.52,219.087,7.567
11,09-02-2011,1297792.41,0,91,3.53,219.15,7.567
11,09-09-2011,1249439.95,1,85,3.55,219.214,7.567
11,09-16-2011,1270816.01,0,85,3.53,219.397,7.567
11,09-23-2011,1235775.15,0,82,3.47,219.741,7.567
11,09-30-2011,1190515.83,0,84,3.36,220.086,7.567
11,10-07-2011,1346271.06,0,77,3.28,220.43,7.197
11,10-14-2011,1286388.96,0,76,3.27,220.749,7.197
11,10-21-2011,1325107.53,0,71,3.35,220.914,7.197
11,10-28-2011,1310684.1,0,73,3.37,221.08,7.197
11,11-04-2011,1458287.38,0,61,3.33,221.246,7.197
11,11-11-2011,1366053.69,0,64,3.3,221.412,7.197
11,11-18-2011,1315091.63,0,66,3.31,221.643,7.197
11,11-25-2011,1848953.48,1,70,3.24,221.901,7.197
11,12-02-2011,1399322.44,0,57,3.17,222.159,7.197
11,12-09-2011,1646655.94,0,51,3.16,222.417,7.197
11,12-16-2011,1783910.06,0,60,3.16,222.643,7.197
11,12-23-2011,2213518.5,0,54,3.11,222.826,7.197
11,12-30-2011,1352084.21,1,49,3.13,223.009,7.197
11,01-06-2012,1283885.55,0,54,3.16,223.192,6.833
11,01-13-2012,1264736.59,0,53,3.26,223.376,6.833
11,01-20-2012,1207303.29,0,56,3.27,223.47,6.833
11,01-27-2012,1162675.85,0,58,3.29,223.565,6.833
11,02-03-2012,1376732.18,0,60,3.36,223.659,6.833
11,02-10-2012,1574287.76,1,52,3.41,223.754,6.833
11,02-17-2012,1569607.94,0,53,3.51,223.917,6.833
11,02-24-2012,1379473.03,0,61,3.56,224.132,6.833
11,03-02-2012,1438383.44,0,63,3.63,224.347,6.833
11,03-09-2012,1413382.76,0,61,3.67,224.562,6.833
11,03-16-2012,1441884.28,0,64,3.73,224.717,6.833
11,03-23-2012,1300593.61,0,67,3.79,224.791,6.833
11,03-30-2012,1300104.03,0,70,3.84,224.865,6.833
11,04-06-2012,1596325.01,0,74,3.89,224.939,6.664
11,04-13-2012,1472752.01,0,73,3.89,225.014,6.664
11,04-20-2012,1315356.99,0,72,3.88,225.069,6.664
11,04-27-2012,1236238.29,0,73,3.81,225.124,6.664
11,05-04-2012,1370251.22,0,79,3.75,225.18,6.664
11,05-11-2012,1300147.07,0,75,3.69,225.235,6.664
11,05-18-2012,1352442.31,0,73,3.63,225.251,6.664
11,05-25-2012,1297335.87,0,78,3.56,225.252,6.664
11,06-01-2012,1361595.33,0,82,3.5,225.252,6.664
11,06-08-2012,1414343.53,0,82,3.45,225.252,6.664
11,06-15-2012,1417875.42,0,85,3.39,225.264,6.664
11,06-22-2012,1355680.3,0,83,3.35,225.307,6.664
11,06-29-2012,1297028.6,0,88,3.29,225.349,6.664
11,07-06-2012,1461129.94,0,83,3.23,225.392,6.334
11,07-13-2012,1320239.51,0,82,3.26,225.434,6.334
11,07-20-2012,1344483.81,0,82,3.31,225.444,6.334
11,07-27-2012,1272395.02,0,85,3.41,225.454,6.334
11,08-03-2012,1399341.07,0,87,3.42,225.464,6.334
11,08-10-2012,1388973.65,0,86,3.49,225.474,6.334
11,08-17-2012,1421307.2,0,88,3.57,225.556,6.334
11,08-24-2012,1409515.73,0,83,3.62,225.693,6.334
11,08-31-2012,1372872.35,0,86,3.64,225.829,6.334
11,09-07-2012,1304584.4,1,85,3.73,225.966,6.334
11,09-14-2012,1267675.05,0,80,3.72,226.112,6.334
11,09-21-2012,1326132.98,0,74,3.72,226.315,6.334
11,09-28-2012,1227430.73,0,78,3.67,226.518,6.334
11,10-05-2012,1422794.26,0,73,3.62,226.721,6.034
11,10-12-2012,1311965.09,0,70,3.6,226.924,6.034
11,10-19-2012,1232073.18,0,74,3.59,226.969,6.034
11,10-26-2012,1200729.45,0,74,3.51,226.987,6.034
12,02-05-2010,1100046.37,0,49,2.96,126.442,13.975
12,02-12-2010,1117863.33,1,48,2.95,126.496,13.975
12,02-19-2010,1095421.65,0,55,2.92,126.526,13.975
12,02-26-2010,1048617.17,0,50,2.82,126.552,13.975
12,03-05-2010,1077018.27,0,54,2.99,126.578,13.975
12,03-12-2010,985594.23,0,50,2.92,126.604,13.975
12,03-19-2010,972088.34,0,60,3.05,126.607,13.975
12,03-26-2010,981615.81,0,60,3.08,126.605,13.975
12,04-02-2010,1011822.3,0,60,3.09,126.603,14.099
12,04-09-2010,1041238.87,0,59,3.09,126.602,14.099
12,04-16-2010,957997.52,0,65,3.11,126.562,14.099
12,04-23-2010,993833.44,0,65,3.05,126.471,14.099
12,04-30-2010,954220.22,0,67,3.1,126.381,14.099
12,05-07-2010,1043240.27,0,70,3.13,126.29,14.099
12,05-14-2010,966054.97,0,68,3.14,126.209,14.099
12,05-21-2010,958374.56,0,76,3.12,126.184,14.099
12,05-28-2010,955451.16,0,68,3.06,126.16,14.099
12,06-04-2010,1049357.36,0,81,2.94,126.136,14.099
12,06-11-2010,1016039.71,0,91,2.95,126.112,14.099
12,06-18-2010,956211.2,0,81,3.04,126.114,14.099
12,06-25-2010,958007.69,0,87,3.08,126.127,14.099
12,07-02-2010,951957.31,0,92,3.1,126.139,14.18
12,07-09-2010,943506.28,0,90,3.1,126.152,14.18
12,07-16-2010,916402.76,0,97,3.09,126.15,14.18
12,07-23-2010,912403.67,0,99,3.11,126.128,14.18
12,07-30-2010,913548.25,0,96,3.02,126.107,14.18
12,08-06-2010,967576.95,0,93,3.12,126.085,14.18
12,08-13-2010,928264.4,0,87,3.16,126.064,14.18
12,08-20-2010,948447.34,0,93,3.04,126.077,14.18
12,08-27-2010,1004516.46,0,93,3.13,126.089,14.18
12,09-03-2010,1075758.55,0,83,3.09,126.102,14.18
12,09-10-2010,903119.03,1,84,3.04,126.115,14.18
12,09-17-2010,852882.61,0,82,3.03,126.145,14.18
12,09-24-2010,851919.34,0,82,2.94,126.19,14.18
12,10-01-2010,850936.26,0,85,3.0,126.235,14.313
12,10-08-2010,918335.68,0,72,3.01,126.279,14.313
12,10-15-2010,862419.84,0,75,2.98,126.327,14.313
12,10-22-2010,857883.46,0,69,3.01,126.382,14.313
12,10-29-2010,955294.7,0,61,3.02,126.436,14.313
12,11-05-2010,929690.71,0,65,3.13,126.491,14.313
12,11-12-2010,942475.24,0,58,3.13,126.546,14.313
12,11-19-2010,894493.7,0,58,3.16,126.607,14.313
12,11-26-2010,1601377.41,1,48,3.16,126.669,14.313
12,12-03-2010,1069533.17,0,43,3.04,126.731,14.313
12,12-10-2010,1121934.15,0,50,3.2,126.793,14.313
12,12-17-2010,1295605.35,0,53,3.24,126.879,14.313
12,12-24-2010,1768249.89,0,52,3.24,126.984,14.313
12,12-31-2010,891736.91,1,46,3.15,127.088,14.313
12,01-07-2011,910110.24,0,38,3.29,127.192,14.021
12,01-14-2011,812011.8,0,43,3.31,127.301,14.021
12,01-21-2011,802105.5,0,54,3.22,127.44,14.021
12,01-28-2011,873119.06,0,51,3.34,127.58,14.021
12,02-04-2011,1046068.17,0,45,3.35,127.72,14.021
12,02-11-2011,1086421.57,1,51,3.38,127.859,14.021
12,02-18-2011,1128485.1,0,53,3.43,127.995,14.021
12,02-25-2011,1046203.72,0,48,3.53,128.13,14.021
12,03-04-2011,1085248.21,0,52,3.67,128.265,14.021
12,03-11-2011,997672.62,0,58,3.82,128.399,14.021
12,03-18-2011,1009502.01,0,64,3.69,128.512,14.021
12,03-25-2011,954107.32,0,54,3.91,128.616,14.021
12,04-01-2011,1005463.49,0,64,3.77,128.72,13.736
12,04-08-2011,998362.05,0,64,4.0,128.824,13.736
12,04-15-2011,990951.77,0,58,3.87,128.911,13.736
12,04-22-2011,1016019.47,0,72,4.13,128.955,13.736
12,04-29-2011,994966.1,0,68,4.15,129.0,13.736
12,05-06-2011,1021154.48,0,68,4.19,129.044,13.736
12,05-13-2011,977033.5,0,71,4.2,129.089,13.736
12,05-20-2011,924134.99,0,67,4.17,129.076,13.736
12,05-27-2011,964332.51,0,77,4.09,129.062,13.736
12,06-03-2011,970328.68,0,72,4.03,129.049,13.736
12,06-10-2011,996937.95,0,79,3.98,129.036,13.736
12,06-17-2011,986504.93,0,87,3.94,129.043,13.736
12,06-24-2011,997282.75,0,89,3.9,129.066,13.736
12,07-01-2011,961993.34,0,90,3.84,129.089,13.503
12,07-08-2011,943717.38,0,90,3.7,129.113,13.503
12,07-15-2011,936001.98,0,88,3.69,129.134,13.503
12,07-22-2011,922231.92,0,91,3.79,129.151,13.503
12,07-29-2011,890547.07,0,93,3.8,129.168,13.503
12,08-05-2011,988712.52,0,91,3.8,129.185,13.503
12,08-12-2011,955913.68,0,91,3.7,129.202,13.503
12,08-19-2011,966817.24,0,92,3.74,129.241,13.503
12,08-26-2011,1017593.47,0,95,3.74,129.283,13.503
12,09-02-2011,1052051.45,0,94,3.8,129.326,13.503
12,09-09-2011,922850.57,1,88,3.91,129.369,13.503
12,09-16-2011,889290.23,0,76,3.92,129.431,13.503
12,09-23-2011,871692.74,0,83,3.79,129.518,13.503
12,09-30-2011,866401.45,0,83,3.88,129.606,13.503
12,10-07-2011,951244.66,0,70,3.83,129.694,12.89
12,10-14-2011,927600.01,0,67,3.8,129.771,12.89
12,10-21-2011,938604.58,0,73,3.84,129.782,12.89
12,10-28-2011,990926.38,0,67,3.73,129.794,12.89
12,11-04-2011,1051944.79,0,60,3.83,129.805,12.89
12,11-11-2011,1095091.53,0,49,3.82,129.817,12.89
12,11-18-2011,970641.34,0,54,3.81,129.827,12.89
12,11-25-2011,1591920.42,1,53,3.62,129.836,12.89
12,12-02-2011,1071383.1,0,52,3.7,129.846,12.89
12,12-09-2011,1189646.45,0,42,3.64,129.856,12.89
12,12-16-2011,1293404.18,0,43,3.6,129.898,12.89
12,12-23-2011,1617612.03,0,45,3.54,129.985,12.89
12,12-30-2011,1111638.07,1,45,3.43,130.071,12.89
12,01-06-2012,945823.65,0,50,3.6,130.158,12.187
12,01-13-2012,865467.86,0,48,3.66,130.244,12.187
12,01-20-2012,855922.64,0,46,3.66,130.279,12.187
12,01-27-2012,888203.69,0,50,3.68,130.314,12.187
12,02-03-2012,1058767.95,0,51,3.7,130.35,12.187
12,02-10-2012,1199330.85,1,52,3.72,130.385,12.187
12,02-17-2012,1240048.85,0,52,3.78,130.455,12.187
12,02-24-2012,1112034.72,0,53,3.95,130.55,12.187
12,03-02-2012,1147636.96,0,52,4.18,130.646,12.187
12,03-09-2012,1113208.57,0,55,4.25,130.741,12.187
12,03-16-2012,1088498.52,0,64,4.27,130.826,12.187
12,03-23-2012,1045419.87,0,56,4.04,130.897,12.187
12,03-30-2012,1025382.22,0,64,4.29,130.967,12.187
12,04-06-2012,1128765.71,0,64,4.12,131.038,11.627
12,04-13-2012,1083811.19,0,64,4.25,131.108,11.627
12,04-20-2012,1006486.96,0,67,4.22,131.117,11.627
12,04-27-2012,1004252.38,0,78,4.19,131.127,11.627
12,05-04-2012,1073433.69,0,76,4.17,131.136,11.627
12,05-11-2012,1041995.22,0,77,4.19,131.145,11.627
12,05-18-2012,1020486.05,0,85,4.11,131.098,11.627
12,05-25-2012,991514.21,0,84,4.29,131.029,11.627
12,06-01-2012,981345.2,0,78,4.28,130.959,11.627
12,06-08-2012,1086231.47,0,85,4.1,130.89,11.627
12,06-15-2012,1019555.51,0,86,4.14,130.83,11.627
12,06-22-2012,981386.25,0,92,4.01,130.793,11.627
12,06-29-2012,943124.74,0,90,3.88,130.756,11.627
12,07-06-2012,1014898.78,0,89,3.76,130.72,10.926
12,07-13-2012,960312.75,0,96,3.72,130.683,10.926
12,07-20-2012,941550.34,0,86,3.73,130.701,10.926
12,07-27-2012,916967.92,0,93,3.77,130.72,10.926
12,08-03-2012,958667.23,0,88,3.76,130.738,10.926
12,08-10-2012,984689.9,0,96,3.81,130.756,10.926
12,08-17-2012,1005003.12,0,95,4.0,130.791,10.926
12,08-24-2012,1048101.39,0,85,4.06,130.838,10.926
12,08-31-2012,1061943.49,0,90,4.09,130.885,10.926
12,09-07-2012,955146.04,1,89,4.12,130.933,10.926
12,09-14-2012,885892.37,0,84,4.13,130.978,10.926
12,09-21-2012,922735.37,0,83,4.12,131.01,10.926
12,09-28-2012,880415.67,0,81,3.97,131.043,10.926
12,10-05-2012,979825.92,0,82,3.97,131.076,10.199
12,10-12-2012,934917.47,0,72,4.47,131.108,10.199
12,10-19-2012,960945.43,0,69,4.45,131.15,10.199
12,10-26-2012,974697.6,0,66,4.3,131.193,10.199
13,02-05-2010,1967220.53,0,32,2.67,126.442,8.316
13,02-12-2010,2030933.46,1,33,2.67,126.496,8.316
13,02-19-2010,1970274.64,0,36,2.65,126.526,8.316
13,02-26-2010,1817850.32,0,30,2.67,126.552,8.316
13,03-05-2010,1939980.43,0,41,2.68,126.578,8.316
13,03-12-2010,1840686.94,0,38,2.73,126.604,8.316
13,03-19-2010,1879794.89,0,42,2.78,126.607,8.316
13,03-26-2010,1882095.98,0,41,2.82,126.605,8.316
13,04-02-2010,2142482.14,0,42,2.84,126.603,8.107
13,04-09-2010,1898321.33,0,39,2.88,126.602,8.107
13,04-16-2010,1819660.44,0,50,2.92,126.562,8.107
13,04-23-2010,1909330.77,0,56,2.94,126.471,8.107
13,04-30-2010,1785823.37,0,48,2.94,126.381,8.107
13,05-07-2010,2005478.46,0,44,2.95,126.29,8.107
13,05-14-2010,1890273.44,0,50,2.96,126.209,8.107
13,05-21-2010,1853657.6,0,58,2.95,126.184,8.107
13,05-28-2010,1877358.86,0,53,2.91,126.16,8.107
13,06-04-2010,2022705.22,0,60,2.87,126.136,8.107
13,06-11-2010,2037880.96,0,65,2.84,126.112,8.107
13,06-18-2010,2003435.31,0,58,2.82,126.114,8.107
13,06-25-2010,1970340.25,0,72,2.82,126.127,8.107
13,07-02-2010,2018314.71,0,79,2.81,126.139,7.951
13,07-09-2010,1870843.9,0,71,2.8,126.152,7.951
13,07-16-2010,1932231.05,0,78,2.79,126.15,7.951
13,07-23-2010,1907351.2,0,82,2.8,126.128,7.951
13,07-30-2010,1817887.23,0,79,2.8,126.107,7.951
13,08-06-2010,1969121.45,0,81,2.8,126.085,7.951
13,08-13-2010,1877592.55,0,75,2.84,126.064,7.951
13,08-20-2010,1997397.63,0,76,2.85,126.077,7.951
13,08-27-2010,1908278.27,0,75,2.85,126.089,7.951
13,09-03-2010,1911852.58,0,66,2.87,126.102,7.951
13,09-10-2010,1772143.94,1,66,2.87,126.115,7.951
13,09-17-2010,1790279.74,0,67,2.88,126.145,7.951
13,09-24-2010,1705655.09,0,68,2.87,126.19,7.951
13,10-01-2010,1765584.48,0,69,2.85,126.235,7.795
13,10-08-2010,1871924.07,0,63,2.84,126.279,7.795
13,10-15-2010,1851431.06,0,54,2.84,126.327,7.795
13,10-22-2010,1796949.59,0,57,2.85,126.382,7.795
13,10-29-2010,1887895.07,0,45,2.84,126.436,7.795
13,11-05-2010,1854967.66,0,50,2.83,126.491,7.795
13,11-12-2010,1939964.63,0,43,2.83,126.546,7.795
13,11-19-2010,1925393.91,0,42,2.84,126.607,7.795
13,11-26-2010,2766400.05,1,28,2.83,126.669,7.795
13,12-03-2010,2083379.89,0,26,2.81,126.731,7.795
13,12-10-2010,2461468.35,0,37,2.82,126.793,7.795
13,12-17-2010,2771646.81,0,35,2.84,126.879,7.795
13,12-24-2010,3595903.2,0,35,2.85,126.984,7.795
13,12-31-2010,1675292.0,1,27,2.87,127.088,7.795
13,01-07-2011,1744544.39,0,17,2.89,127.192,7.47
13,01-14-2011,1682316.31,0,21,2.9,127.301,7.47
13,01-21-2011,1770177.37,0,35,2.93,127.44,7.47
13,01-28-2011,1633663.12,0,32,2.96,127.58,7.47
13,02-04-2011,1848186.58,0,23,2.97,127.72,7.47
13,02-11-2011,1944438.9,1,31,3.03,127.859,7.47
13,02-18-2011,2003480.59,0,41,3.06,127.995,7.47
13,02-25-2011,1831933.95,0,33,3.12,128.13,7.47
13,03-04-2011,1894960.68,0,34,3.23,128.265,7.47
13,03-11-2011,1852432.58,0,41,3.35,128.399,7.47
13,03-18-2011,1852443.78,0,45,3.41,128.512,7.47
13,03-25-2011,1807545.43,0,42,3.44,128.616,7.47
13,04-01-2011,1864238.64,0,42,3.49,128.72,7.193
13,04-08-2011,1887465.04,0,43,3.55,128.824,7.193
13,04-15-2011,1950994.04,0,42,3.62,128.911,7.193
13,04-22-2011,2124316.34,0,48,3.66,128.955,7.193
13,04-29-2011,1895583.12,0,44,3.68,129.0,7.193
13,05-06-2011,1986380.4,0,48,3.74,129.044,7.193
13,05-13-2011,1958823.56,0,52,3.77,129.089,7.193
13,05-20-2011,1860923.55,0,52,3.8,129.076,7.193
13,05-27-2011,1866369.93,0,55,3.78,129.062,7.193
13,06-03-2011,1935593.87,0,53,3.75,129.049,7.193
13,06-10-2011,1997816.98,0,61,3.73,129.036,7.193
13,06-17-2011,2086433.49,0,63,3.7,129.043,7.193
13,06-24-2011,2009163.08,0,66,3.67,129.066,7.193
13,07-01-2011,2048035.74,0,74,3.61,129.089,6.877
13,07-08-2011,2021699.38,0,77,3.56,129.113,6.877
13,07-15-2011,1956813.31,0,76,3.55,129.134,6.877
13,07-22-2011,1987089.36,0,78,3.56,129.151,6.877
13,07-29-2011,1880785.69,0,78,3.57,129.168,6.877
13,08-05-2011,2076231.8,0,76,3.6,129.185,6.877
13,08-12-2011,1970341.38,0,76,3.61,129.202,6.877
13,08-19-2011,2090340.98,0,77,3.58,129.241,6.877
13,08-26-2011,2035244.54,0,82,3.57,129.283,6.877
13,09-02-2011,1953628.82,0,77,3.58,129.326,6.877
13,09-09-2011,1872921.31,1,70,3.62,129.369,6.877
13,09-16-2011,1923223.82,0,68,3.64,129.431,6.877
13,09-23-2011,1847430.96,0,64,3.65,129.518,6.877
13,09-30-2011,1835662.69,0,68,3.62,129.606,6.877
13,10-07-2011,2067232.56,0,61,3.59,129.694,6.392
13,10-14-2011,1929659.07,0,52,3.57,129.771,6.392
13,10-21-2011,1973544.27,0,55,3.58,129.782,6.392
13,10-28-2011,1948733.81,0,47,3.57,129.794,6.392
13,11-04-2011,2036317.54,0,44,3.54,129.805,6.392
13,11-11-2011,2111592.09,0,34,3.51,129.817,6.392
13,11-18-2011,2016323.51,0,41,3.49,129.827,6.392
13,11-25-2011,2864170.61,1,39,3.44,129.836,6.392
13,12-02-2011,2051315.66,0,34,3.39,129.846,6.392
13,12-09-2011,2462779.06,0,25,3.34,129.856,6.392
13,12-16-2011,2760346.71,0,28,3.28,129.898,6.392
13,12-23-2011,3556766.03,0,25,3.19,129.985,6.392
13,12-30-2011,1969056.91,1,32,3.12,130.071,6.392
13,01-06-2012,1865752.78,0,34,3.08,130.158,6.104
13,01-13-2012,1794962.64,0,26,3.06,130.244,6.104
13,01-20-2012,1811606.21,0,33,3.05,130.279,6.104
13,01-27-2012,1733983.09,0,34,3.06,130.314,6.104
13,02-03-2012,1927780.74,0,31,3.08,130.35,6.104
13,02-10-2012,2069284.57,1,34,3.12,130.385,6.104
13,02-17-2012,2214477.06,0,37,3.12,130.455,6.104
13,02-24-2012,1929768.03,0,35,3.14,130.55,6.104
13,03-02-2012,1969742.76,0,32,3.24,130.646,6.104
13,03-09-2012,1986445.65,0,38,3.38,130.741,6.104
13,03-16-2012,2025582.62,0,52,3.53,130.826,6.104
13,03-23-2012,1904421.74,0,48,3.67,130.897,6.104
13,03-30-2012,1948982.7,0,53,3.73,130.967,6.104
13,04-06-2012,2271614.76,0,49,3.79,131.038,5.965
13,04-13-2012,2057637.86,0,52,3.83,131.108,5.965
13,04-20-2012,1955689.12,0,50,3.84,131.117,5.965
13,04-27-2012,1970121.65,0,65,3.84,131.127,5.965
13,05-04-2012,1995994.51,0,54,3.83,131.136,5.965
13,05-11-2012,2080764.17,0,56,3.81,131.145,5.965
13,05-18-2012,2131900.55,0,65,3.81,131.098,5.965
13,05-25-2012,2043349.41,0,62,3.8,131.029,5.965
13,06-01-2012,2035431.39,0,61,3.79,130.959,5.965
13,06-08-2012,2182437.9,0,68,3.78,130.89,5.965
13,06-15-2012,2152229.11,0,66,3.76,130.83,5.965
13,06-22-2012,2094373.0,0,73,3.74,130.793,5.965
13,06-29-2012,2037663.71,0,82,3.68,130.756,5.965
13,07-06-2012,2184980.35,0,79,3.63,130.72,5.765
13,07-13-2012,2002750.99,0,84,3.6,130.683,5.765
13,07-20-2012,2053089.32,0,76,3.56,130.701,5.765
13,07-27-2012,1914430.53,0,80,3.54,130.72,5.765
13,08-03-2012,2044148.23,0,82,3.51,130.738,5.765
13,08-10-2012,2041019.92,0,82,3.51,130.756,5.765
13,08-17-2012,2095769.18,0,79,3.54,130.791,5.765
13,08-24-2012,2059458.25,0,77,3.58,130.838,5.765
13,08-31-2012,2073855.42,0,79,3.62,130.885,5.765
13,09-07-2012,2165796.31,1,71,3.69,130.933,5.765
13,09-14-2012,1919917.03,0,69,3.75,130.978,5.765
13,09-21-2012,1938379.66,0,68,3.82,131.01,5.765
13,09-28-2012,1927664.11,0,65,3.82,131.043,5.765
13,10-05-2012,2041918.74,0,62,3.82,131.076,5.621
13,10-12-2012,1999079.44,0,55,3.8,131.108,5.621
13,10-19-2012,2018010.15,0,52,3.78,131.15,5.621
13,10-26-2012,2035189.66,0,47,3.76,131.193,5.621
14,02-05-2010,2623469.95,0,27,2.78,181.871,8.992
14,02-12-2010,1704218.84,1,28,2.77,181.982,8.992
14,02-19-2010,2204556.7,0,31,2.74,182.035,8.992
14,02-26-2010,2095591.63,0,35,2.75,182.077,8.992
14,03-05-2010,2237544.75,0,37,2.78,182.12,8.992
14,03-12-2010,2156035.06,0,46,2.82,182.163,8.992
14,03-19-2010,2066219.3,0,49,2.84,182.078,8.992
14,03-26-2010,2050396.27,0,54,2.85,181.972,8.992
14,04-02-2010,2495630.51,0,48,2.85,181.866,8.899
14,04-09-2010,2258781.28,0,65,2.87,181.76,8.899
14,04-16-2010,2121788.61,0,54,2.9,181.692,8.899
14,04-23-2010,2138144.91,0,53,2.9,181.677,8.899
14,04-30-2010,2082355.12,0,53,2.92,181.662,8.899
14,05-07-2010,2370116.52,0,71,2.97,181.647,8.899
14,05-14-2010,2129771.13,0,54,2.98,181.661,8.899
14,05-21-2010,2108187.1,0,63,2.96,181.854,8.899
14,05-28-2010,2227152.16,0,69,2.9,182.046,8.899
14,06-04-2010,2363601.47,0,76,2.85,182.239,8.899
14,06-11-2010,2249570.04,0,70,2.81,182.432,8.899
14,06-18-2010,2248645.59,0,73,2.78,182.442,8.899
14,06-25-2010,2246179.91,0,79,2.81,182.381,8.899
14,07-02-2010,2334788.42,0,77,2.82,182.319,8.743
14,07-09-2010,2236209.13,0,82,2.79,182.257,8.743
14,07-16-2010,2130287.27,0,78,2.78,182.26,8.743
14,07-23-2010,2044155.39,0,81,2.77,182.351,8.743
14,07-30-2010,2054843.28,0,80,2.78,182.442,8.743
14,08-06-2010,2219813.5,0,77,2.78,182.532,8.743
14,08-13-2010,2052984.81,0,78,2.8,182.623,8.743
14,08-20-2010,2057138.31,0,76,2.78,182.617,8.743
14,08-27-2010,2020332.07,0,71,2.76,182.61,8.743
14,09-03-2010,2182563.66,0,78,2.72,182.604,8.743
14,09-10-2010,2191767.76,1,71,2.7,182.598,8.743
14,09-17-2010,1953539.85,0,67,2.71,182.623,8.743
14,09-24-2010,1879891.13,0,69,2.71,182.67,8.743
14,10-01-2010,1855703.66,0,71,2.71,182.717,8.724
14,10-08-2010,2091663.2,0,56,2.76,182.764,8.724
14,10-15-2010,1932162.63,0,59,2.87,182.811,8.724
14,10-22-2010,1936621.09,0,53,2.92,182.856,8.724
14,10-29-2010,1984768.34,0,61,2.92,182.901,8.724
14,11-05-2010,2078417.47,0,46,2.92,182.946,8.724
14,11-12-2010,2092189.06,0,46,2.93,182.992,8.724
14,11-19-2010,1968462.58,0,50,3.0,182.899,8.724
14,11-26-2010,2921709.71,1,46,3.04,182.783,8.724
14,12-03-2010,2258489.63,0,41,3.05,182.668,8.724
14,12-10-2010,2600519.26,0,31,3.11,182.552,8.724
14,12-17-2010,2762861.41,0,31,3.14,182.518,8.724
14,12-24-2010,3818686.45,0,31,3.14,182.545,8.724
14,12-31-2010,1623716.46,1,30,3.18,182.571,8.724
14,01-07-2011,1864746.1,0,34,3.19,182.598,8.549
14,01-14-2011,1699095.9,0,25,3.2,182.659,8.549
14,01-21-2011,1743188.87,0,31,3.23,182.919,8.549
14,01-28-2011,1613718.38,0,24,3.24,183.18,8.549
14,02-04-2011,1995891.87,0,29,3.23,183.441,8.549
14,02-11-2011,1980405.03,1,30,3.24,183.702,8.549
14,02-18-2011,2019031.67,0,41,3.24,183.937,8.549
14,02-25-2011,1875708.88,0,36,3.27,184.163,8.549
14,03-04-2011,2041215.61,0,39,3.43,184.388,8.549
14,03-11-2011,1931104.67,0,45,3.58,184.613,8.549
14,03-18-2011,1932491.42,0,47,3.63,184.81,8.549
14,03-25-2011,1879451.23,0,42,3.62,184.994,8.549
14,04-01-2011,1869110.55,0,37,3.64,185.179,8.521
14,04-08-2011,2037798.88,0,49,3.72,185.364,8.521
14,04-15-2011,1974960.86,0,54,3.82,185.534,8.521
14,04-22-2011,2256461.39,0,53,3.89,185.668,8.521
14,04-29-2011,1930617.64,0,66,3.96,185.803,8.521
14,05-06-2011,2095599.93,0,58,4.05,185.937,8.521
14,05-13-2011,2004330.3,0,60,4.07,186.072,8.521
14,05-20-2011,1959967.8,0,62,4.06,185.966,8.521
14,05-27-2011,2080694.24,0,70,3.98,185.86,8.521
14,06-03-2011,2079899.47,0,76,3.92,185.754,8.521
14,06-10-2011,2132446.0,0,74,3.88,185.649,8.521
14,06-17-2011,2082083.34,0,69,3.84,185.672,8.521
14,06-24-2011,2069523.52,0,75,3.8,185.792,8.521
14,07-01-2011,2074668.19,0,74,3.75,185.912,8.625
14,07-08-2011,2063401.06,0,77,3.71,186.032,8.625
14,07-15-2011,1953544.76,0,78,3.76,186.14,8.625
14,07-22-2011,1882070.88,0,82,3.81,186.218,8.625
14,07-29-2011,1871021.01,0,81,3.83,186.296,8.625
14,08-05-2011,2066020.69,0,78,3.84,186.373,8.625
14,08-12-2011,1928773.82,0,77,3.81,186.451,8.625
14,08-19-2011,1896873.99,0,73,3.75,186.509,8.625
14,08-26-2011,2273470.62,0,73,3.7,186.564,8.625
14,09-02-2011,1750891.47,0,71,3.7,186.619,8.625
14,09-09-2011,2202742.9,1,71,3.74,186.674,8.625
14,09-16-2011,1864637.89,0,69,3.74,186.802,8.625
14,09-23-2011,1871555.64,0,64,3.71,187.03,8.625
14,09-30-2011,1809989.29,0,71,3.64,187.257,8.625
14,10-07-2011,2078796.76,0,56,3.58,187.484,8.523
14,10-14-2011,1890870.75,0,64,3.54,187.692,8.523
14,10-21-2011,2009004.59,0,60,3.57,187.785,8.523
14,10-28-2011,2056846.12,0,52,3.57,187.877,8.523
14,11-04-2011,2174056.71,0,44,3.55,187.97,8.523
14,11-11-2011,2081534.65,0,48,3.53,188.063,8.523
14,11-18-2011,1969360.72,0,51,3.53,188.198,8.523
14,11-25-2011,2685351.81,1,49,3.49,188.35,8.523
14,12-02-2011,2143080.57,0,50,3.45,188.502,8.523
14,12-09-2011,2470581.29,0,47,3.42,188.654,8.523
14,12-16-2011,2594363.09,0,40,3.41,188.798,8.523
14,12-23-2011,3369068.99,0,42,3.39,188.93,8.523
14,12-30-2011,1914148.89,1,38,3.39,189.062,8.523
14,01-06-2012,1859144.96,0,36,3.42,189.194,8.424
14,01-13-2012,1696248.27,0,41,3.51,189.326,8.424
14,01-20-2012,1789113.32,0,32,3.53,189.421,8.424
14,01-27-2012,1595362.27,0,38,3.57,189.517,8.424
14,02-03-2012,1877410.36,0,43,3.62,189.612,8.424
14,02-10-2012,2077256.24,1,37,3.64,189.708,8.424
14,02-17-2012,2020550.99,0,37,3.7,189.842,8.424
14,02-24-2012,1875040.16,0,43,3.74,190.007,8.424
14,03-02-2012,1926004.99,0,42,3.82,190.171,8.424
14,03-09-2012,2020839.31,0,46,3.85,190.336,8.424
14,03-16-2012,1941040.5,0,51,3.86,190.462,8.424
14,03-23-2012,1893447.71,0,59,3.9,190.536,8.424
14,03-30-2012,1905033.01,0,50,3.95,190.611,8.424
14,04-06-2012,2376022.26,0,50,4.0,190.685,8.567
14,04-13-2012,1912909.69,0,52,4.04,190.76,8.567
14,04-20-2012,1875686.44,0,63,4.03,190.814,8.567
14,04-27-2012,1784029.95,0,53,4.0,190.868,8.567
14,05-04-2012,1949354.29,0,55,3.95,190.922,8.567
14,05-11-2012,1987531.05,0,61,3.89,190.976,8.567
14,05-18-2012,1932233.17,0,66,3.85,190.996,8.567
14,05-25-2012,2030869.61,0,67,3.8,191.003,8.567
14,06-01-2012,2049485.49,0,74,3.74,191.009,8.567
14,06-08-2012,2099615.88,0,64,3.69,191.016,8.567
14,06-15-2012,1905733.68,0,72,3.62,191.03,8.567
14,06-22-2012,1660228.88,0,74,3.56,191.065,8.567
14,06-29-2012,1591835.02,0,75,3.51,191.099,8.567
14,07-06-2012,1862128.95,0,83,3.48,191.134,8.684
14,07-13-2012,1544422.35,0,80,3.52,191.169,8.684
14,07-20-2012,1553250.16,0,79,3.57,191.167,8.684
14,07-27-2012,1479514.66,0,77,3.65,191.166,8.684
14,08-03-2012,1656886.46,0,77,3.65,191.164,8.684
14,08-10-2012,1648570.03,0,79,3.72,191.163,8.684
14,08-17-2012,1660433.3,0,76,3.81,191.228,8.684
14,08-24-2012,1621841.33,0,73,3.83,191.345,8.684
14,08-31-2012,1613342.19,0,75,3.87,191.461,8.684
14,09-07-2012,1904512.34,1,76,3.91,191.578,8.684
14,09-14-2012,1554794.22,0,68,3.95,191.7,8.684
14,09-21-2012,1565352.46,0,65,4.04,191.857,8.684
14,09-28-2012,1522512.2,0,65,4.0,192.014,8.684
14,10-05-2012,1687592.16,0,65,3.98,192.17,8.667
14,10-12-2012,1639585.61,0,54,4.0,192.327,8.667
14,10-19-2012,1590274.72,0,56,3.97,192.331,8.667
14,10-26-2012,1704357.62,0,59,3.88,192.309,8.667
15,02-05-2010,652122.44,0,20,2.95,131.528,8.35
15,02-12-2010,682447.1,1,22,2.94,131.587,8.35
15,02-19-2010,660838.75,0,28,2.91,131.637,8.35
15,02-26-2010,564883.2,0,30,2.91,131.686,8.35
15,03-05-2010,605325.43,0,32,2.92,131.735,8.35
15,03-12-2010,604173.59,0,41,2.94,131.784,8.35
15,03-19-2010,593710.67,0,45,2.96,131.824,8.35
15,03-26-2010,592111.49,0,40,2.96,131.863,8.35
15,04-02-2010,718470.71,0,45,2.96,131.902,8.185
15,04-09-2010,634605.77,0,58,2.99,131.941,8.185
15,04-16-2010,641208.65,0,50,3.01,131.981,8.185
15,04-23-2010,643097.6,0,47,3.02,132.023,8.185
15,04-30-2010,570791.11,0,49,3.04,132.064,8.185
15,05-07-2010,661348.88,0,63,3.1,132.106,8.185
15,05-14-2010,594385.2,0,47,3.11,132.152,8.185
15,05-21-2010,616598.1,0,59,3.1,132.223,8.185
15,05-28-2010,744772.88,0,71,3.05,132.294,8.185
15,06-04-2010,693192.5,0,70,3.01,132.365,8.185
15,06-11-2010,619337.29,0,61,2.97,132.436,8.185
15,06-18-2010,652329.53,0,66,2.94,132.473,8.185
15,06-25-2010,672194.03,0,73,2.96,132.498,8.185
15,07-02-2010,709337.11,0,66,2.96,132.522,8.099
15,07-09-2010,691497.62,0,77,2.94,132.546,8.099
15,07-16-2010,633203.69,0,73,2.93,132.567,8.099
15,07-23-2010,598553.43,0,73,2.92,132.583,8.099
15,07-30-2010,619224.06,0,72,2.93,132.598,8.099
15,08-06-2010,639651.24,0,73,2.94,132.614,8.099
15,08-13-2010,622437.08,0,72,2.92,132.63,8.099
15,08-20-2010,637090.44,0,71,2.91,132.662,8.099
15,08-27-2010,649791.15,0,65,2.88,132.693,8.099
15,09-03-2010,638647.21,0,73,2.86,132.725,8.099
15,09-10-2010,641965.2,1,62,2.84,132.756,8.099
15,09-17-2010,583210.87,0,58,2.85,132.767,8.099
15,09-24-2010,548542.47,0,63,2.84,132.762,8.099
15,10-01-2010,566945.95,0,60,2.84,132.757,8.067
15,10-08-2010,591603.79,0,52,2.9,132.752,8.067
15,10-15-2010,577011.26,0,50,3.0,132.763,8.067
15,10-22-2010,600395.73,0,47,3.05,132.817,8.067
15,10-29-2010,598301.5,0,55,3.06,132.871,8.067
15,11-05-2010,612987.64,0,40,3.05,132.925,8.067
15,11-12-2010,619639.74,0,40,3.06,132.978,8.067
15,11-19-2010,608200.81,0,44,3.14,132.917,8.067
15,11-26-2010,1120018.92,1,41,3.19,132.837,8.067
15,12-03-2010,754134.95,0,36,3.2,132.757,8.067
15,12-10-2010,847294.04,0,24,3.26,132.676,8.067
15,12-17-2010,983825.15,0,25,3.3,132.68,8.067
15,12-24-2010,1368318.17,0,25,3.31,132.748,8.067
15,12-31-2010,543754.17,1,27,3.34,132.815,8.067
15,01-07-2011,509640.77,0,31,3.35,132.882,7.771
15,01-14-2011,479424.2,0,20,3.37,132.951,7.771
15,01-21-2011,487311.03,0,22,3.39,133.029,7.771
15,01-28-2011,481119.6,0,20,3.4,133.106,7.771
15,02-04-2011,556550.85,0,21,3.4,133.183,7.771
15,02-11-2011,582864.35,1,22,3.42,133.261,7.771
15,02-18-2011,649993.5,0,33,3.42,133.37,7.771
15,02-25-2011,547564.09,0,21,3.45,133.492,7.771
15,03-04-2011,573374.49,0,28,3.6,133.614,7.771
15,03-11-2011,537035.28,0,34,3.75,133.736,7.771
15,03-18-2011,551553.99,0,40,3.8,133.849,7.771
15,03-25-2011,527389.28,0,33,3.79,133.959,7.771
15,04-01-2011,542556.05,0,30,3.81,134.068,7.658
15,04-08-2011,587370.81,0,41,3.9,134.178,7.658
15,04-15-2011,607691.36,0,49,3.98,134.278,7.658
15,04-22-2011,655318.26,0,41,4.06,134.357,7.658
15,04-29-2011,560764.41,0,55,4.12,134.436,7.658
15,05-06-2011,630522.67,0,50,4.19,134.514,7.658
15,05-13-2011,630482.91,0,57,4.21,134.593,7.658
15,05-20-2011,593941.9,0,57,4.2,134.68,7.658
15,05-27-2011,636193.24,0,66,4.13,134.768,7.658
15,06-03-2011,695396.19,0,70,4.07,134.855,7.658
15,06-10-2011,642679.81,0,70,4.03,134.943,7.658
15,06-17-2011,639928.85,0,64,3.99,135.084,7.658
15,06-24-2011,656594.95,0,70,3.96,135.265,7.658
15,07-01-2011,674669.16,0,67,3.92,135.447,7.806
15,07-08-2011,635118.48,0,73,3.89,135.628,7.806
15,07-15-2011,624114.56,0,73,3.92,135.784,7.806
15,07-22-2011,607475.44,0,80,3.97,135.874,7.806
15,07-29-2011,577511.02,0,75,4.0,135.964,7.806
15,08-05-2011,607961.21,0,74,4.02,136.054,7.806
15,08-12-2011,590836.37,0,71,4.0,136.144,7.806
15,08-19-2011,599488.98,0,70,3.94,136.183,7.806
15,08-26-2011,605413.17,0,69,3.91,136.214,7.806
15,09-02-2011,649159.68,0,68,3.88,136.244,7.806
15,09-09-2011,607593.51,1,68,3.93,136.275,7.806
15,09-16-2011,545052.34,0,62,3.94,136.314,7.806
15,09-23-2011,545570.86,0,59,3.9,136.367,7.806
15,09-30-2011,521297.31,0,65,3.86,136.42,7.806
15,10-07-2011,579068.88,0,51,3.78,136.472,7.866
15,10-14-2011,537300.94,0,61,3.74,136.515,7.866
15,10-21-2011,603318.89,0,52,3.76,136.502,7.866
15,10-28-2011,589842.69,0,46,3.76,136.488,7.866
15,11-04-2011,615121.78,0,43,3.74,136.475,7.866
15,11-11-2011,618949.82,0,47,3.72,136.462,7.866
15,11-18-2011,597856.51,0,47,3.72,136.467,7.866
15,11-25-2011,1066478.1,1,41,3.69,136.479,7.866
15,12-02-2011,699028.66,0,46,3.67,136.491,7.866
15,12-09-2011,764565.55,0,39,3.63,136.503,7.866
15,12-16-2011,870415.49,0,35,3.61,136.534,7.866
15,12-23-2011,1182691.87,0,35,3.59,136.588,7.866
15,12-30-2011,603460.79,1,31,3.57,136.643,7.866
15,01-06-2012,516087.65,0,30,3.58,136.698,7.943
15,01-13-2012,454183.42,0,36,3.67,136.753,7.943
15,01-20-2012,492721.85,0,21,3.7,136.856,7.943
15,01-27-2012,466045.63,0,31,3.74,136.96,7.943
15,02-03-2012,523831.64,0,35,3.8,137.063,7.943
15,02-10-2012,628218.22,1,32,3.83,137.167,7.943
15,02-17-2012,598502.83,0,30,3.87,137.258,7.943
15,02-24-2012,561137.06,0,33,3.92,137.341,7.943
15,03-02-2012,541292.64,0,33,3.98,137.424,7.943
15,03-09-2012,545120.67,0,37,4.02,137.507,7.943
15,03-16-2012,570611.23,0,47,4.02,137.584,7.943
15,03-23-2012,565481.88,0,59,4.05,137.655,7.943
15,03-30-2012,557547.25,0,43,4.1,137.726,7.943
15,04-06-2012,659950.36,0,40,4.14,137.797,8.15
15,04-13-2012,558585.13,0,44,4.19,137.868,8.15
15,04-20-2012,534780.57,0,54,4.17,137.923,8.15
15,04-27-2012,527402.62,0,42,4.16,137.978,8.15
15,05-04-2012,577868.38,0,51,4.12,138.033,8.15
15,05-11-2012,579539.95,0,54,4.06,138.088,8.15
15,05-18-2012,600050.98,0,59,4.03,138.107,8.15
15,05-25-2012,693780.42,0,68,3.98,138.11,8.15
15,06-01-2012,663971.26,0,68,3.92,138.114,8.15
15,06-08-2012,611390.67,0,59,3.87,138.117,8.15
15,06-15-2012,636737.65,0,68,3.79,138.13,8.15
15,06-22-2012,687085.6,0,74,3.72,138.163,8.15
15,06-29-2012,624099.48,0,69,3.67,138.196,8.15
15,07-06-2012,678024.75,0,75,3.65,138.23,8.193
15,07-13-2012,591335.5,0,73,3.69,138.263,8.193
15,07-20-2012,592369.22,0,75,3.73,138.233,8.193
15,07-27-2012,571190.83,0,74,3.82,138.203,8.193
15,08-03-2012,590739.62,0,73,3.82,138.174,8.193
15,08-10-2012,590453.63,0,74,3.86,138.144,8.193
15,08-17-2012,579738.2,0,70,3.96,138.186,8.193
15,08-24-2012,606210.77,0,67,4.0,138.281,8.193
15,08-31-2012,610185.32,0,71,4.03,138.377,8.193
15,09-07-2012,587259.82,1,72,4.08,138.473,8.193
15,09-14-2012,527509.76,0,65,4.09,138.567,8.193
15,09-21-2012,533161.64,0,60,4.2,138.653,8.193
15,09-28-2012,553901.97,0,57,4.16,138.74,8.193
15,10-05-2012,573498.64,0,60,4.15,138.826,7.992
15,10-12-2012,551799.63,0,49,4.19,138.912,7.992
15,10-19-2012,555652.77,0,53,4.15,138.834,7.992
15,10-26-2012,558473.6,0,56,4.07,138.728,7.992
16,02-05-2010,477409.3,0,20,2.58,189.382,7.039
16,02-12-2010,472044.28,1,21,2.57,189.464,7.039
16,02-19-2010,469868.7,0,21,2.55,189.534,7.039
16,02-26-2010,443242.17,0,18,2.59,189.602,7.039
16,03-05-2010,444181.85,0,28,2.62,189.67,7.039
16,03-12-2010,445393.74,0,29,2.68,189.737,7.039
16,03-19-2010,504307.35,0,33,2.69,189.734,7.039
16,03-26-2010,483177.2,0,30,2.72,189.72,7.039
16,04-02-2010,490503.69,0,36,2.72,189.705,6.842
16,04-09-2010,424083.99,0,34,2.75,189.69,6.842
16,04-16-2010,436312.41,0,46,2.76,189.663,6.842
16,04-23-2010,370230.94,0,45,2.78,189.619,6.842
16,04-30-2010,383550.93,0,38,2.77,189.575,6.842
16,05-07-2010,403217.22,0,37,2.77,189.531,6.842
16,05-14-2010,401770.9,0,41,2.79,189.49,6.842
16,05-21-2010,435300.51,0,47,2.78,189.468,6.842
16,05-28-2010,479430.0,0,52,2.74,189.445,6.842
16,06-04-2010,516295.81,0,54,2.7,189.423,6.842
16,06-11-2010,535587.31,0,63,2.68,189.4,6.842
16,06-18-2010,540149.85,0,52,2.67,189.419,6.842
16,06-25-2010,546554.96,0,62,2.72,189.453,6.842
16,07-02-2010,610641.42,0,64,2.73,189.488,6.868
16,07-09-2010,614253.33,0,62,2.71,189.523,6.868
16,07-16-2010,586583.69,0,68,2.7,189.613,6.868
16,07-23-2010,588344.18,0,71,2.69,189.775,6.868
16,07-30-2010,562633.67,0,71,2.69,189.937,6.868
16,08-06-2010,586936.45,0,67,2.69,190.099,6.868
16,08-13-2010,543757.97,0,64,2.72,190.261,6.868
16,08-20-2010,521516.96,0,64,2.73,190.295,6.868
16,08-27-2010,581010.52,0,66,2.73,190.328,6.868
16,09-03-2010,542087.89,0,58,2.77,190.362,6.868
16,09-10-2010,537518.57,1,57,2.78,190.396,6.868
16,09-17-2010,522049.52,0,57,2.8,190.469,6.868
16,09-24-2010,511330.32,0,58,2.79,190.571,6.868
16,10-01-2010,463977.54,0,59,2.76,190.674,6.986
16,10-08-2010,442894.2,0,54,2.74,190.776,6.986
16,10-15-2010,452169.28,0,45,2.76,190.862,6.986
16,10-22-2010,541216.92,0,46,2.76,190.907,6.986
16,10-29-2010,495022.51,0,36,2.75,190.952,6.986
16,11-05-2010,446905.02,0,40,2.73,190.996,6.986
16,11-12-2010,453632.76,0,34,2.74,191.041,6.986
16,11-19-2010,458634.68,0,27,2.76,191.031,6.986
16,11-26-2010,651837.77,1,23,2.74,191.012,6.986
16,12-03-2010,512260.59,0,24,2.71,190.993,6.986
16,12-10-2010,570103.64,0,32,2.73,190.974,6.986
16,12-17-2010,648652.01,0,26,2.78,191.03,6.986
16,12-24-2010,1004730.69,0,32,2.78,191.143,6.986
16,12-31-2010,575317.38,1,20,2.83,191.256,6.986
16,01-07-2011,573545.96,0,12,2.88,191.368,6.614
16,01-14-2011,470365.59,0,17,2.91,191.478,6.614
16,01-21-2011,462888.13,0,29,2.97,191.573,6.614
16,01-28-2011,448391.99,0,21,3.01,191.668,6.614
16,02-04-2011,479263.15,0,14,3.01,191.763,6.614
16,02-11-2011,466806.89,1,15,3.04,191.857,6.614
16,02-18-2011,491179.79,0,27,3.05,191.918,6.614
16,02-25-2011,475201.64,0,26,3.1,191.965,6.614
16,03-04-2011,484829.07,0,32,3.23,192.012,6.614
16,03-11-2011,457504.35,0,29,3.37,192.058,6.614
16,03-18-2011,497373.49,0,36,3.41,192.124,6.614
16,03-25-2011,465279.68,0,33,3.41,192.196,6.614
16,04-01-2011,459756.11,0,36,3.46,192.269,6.339
16,04-08-2011,439276.5,0,38,3.53,192.342,6.339
16,04-15-2011,427855.24,0,35,3.61,192.423,6.339
16,04-22-2011,368600.0,0,41,3.64,192.523,6.339
16,04-29-2011,378100.31,0,38,3.66,192.624,6.339
16,05-06-2011,423805.22,0,39,3.74,192.725,6.339
16,05-13-2011,410406.95,0,43,3.77,192.826,6.339
16,05-20-2011,435397.19,0,44,3.83,192.831,6.339
16,05-27-2011,444718.68,0,45,3.8,192.837,6.339
16,06-03-2011,531080.31,0,54,3.76,192.842,6.339
16,06-10-2011,600952.06,0,56,3.74,192.847,6.339
16,06-17-2011,581546.23,0,58,3.7,192.903,6.339
16,06-24-2011,569105.03,0,54,3.66,192.998,6.339
16,07-01-2011,608737.56,0,64,3.6,193.093,6.338
16,07-08-2011,634634.66,0,65,3.54,193.188,6.338
16,07-15-2011,586841.77,0,65,3.53,193.313,6.338
16,07-22-2011,581758.22,0,65,3.54,193.512,6.338
16,07-29-2011,582381.95,0,67,3.55,193.712,6.338
16,08-05-2011,592981.33,0,64,3.55,193.911,6.338
16,08-12-2011,563884.47,0,67,3.54,194.111,6.338
16,08-19-2011,554630.42,0,69,3.5,194.25,6.338
16,08-26-2011,557312.01,0,68,3.48,194.38,6.338
16,09-02-2011,580805.33,0,63,3.51,194.509,6.338
16,09-09-2011,574622.56,1,57,3.57,194.639,6.338
16,09-16-2011,539081.09,0,54,3.6,194.742,6.338
16,09-23-2011,504856.97,0,50,3.58,194.81,6.338
16,09-30-2011,450075.31,0,58,3.54,194.878,6.338
16,10-07-2011,482926.93,0,49,3.5,194.946,6.232
16,10-14-2011,498241.06,0,40,3.49,195.026,6.232
16,10-21-2011,560104.16,0,47,3.55,195.179,6.232
16,10-28-2011,505918.21,0,42,3.55,195.332,6.232
16,11-04-2011,511059.95,0,33,3.53,195.485,6.232
16,11-11-2011,513181.31,0,30,3.5,195.638,6.232
16,11-18-2011,480353.64,0,32,3.48,195.718,6.232
16,11-25-2011,712422.4,1,31,3.42,195.77,6.232
16,12-02-2011,530492.84,0,28,3.38,195.822,6.232
16,12-09-2011,574798.86,0,14,3.33,195.874,6.232
16,12-16-2011,679481.9,0,22,3.27,195.984,6.232
16,12-23-2011,950691.96,0,21,3.17,196.171,6.232
16,12-30-2011,665861.06,1,24,3.12,196.359,6.232
16,01-06-2012,564538.07,0,26,3.1,196.546,6.162
16,01-13-2012,508520.09,0,20,3.08,196.733,6.162
16,01-20-2012,474389.75,0,29,3.06,196.78,6.162
16,01-27-2012,453979.19,0,28,3.04,196.826,6.162
16,02-03-2012,475905.1,0,26,3.03,196.873,6.162
16,02-10-2012,473766.97,1,24,3.1,196.92,6.162
16,02-17-2012,494069.49,0,31,3.11,196.943,6.162
16,02-24-2012,495720.3,0,26,3.13,196.95,6.162
16,03-02-2012,464189.09,0,23,3.19,196.957,6.162
16,03-09-2012,495951.66,0,28,3.29,196.963,6.162
16,03-16-2012,520850.71,0,38,3.49,197.046,6.162
16,03-23-2012,493503.89,0,39,3.66,197.23,6.162
16,03-30-2012,485095.41,0,48,3.75,197.413,6.162
16,04-06-2012,502662.07,0,49,3.85,197.597,6.169
16,04-13-2012,450756.71,0,46,3.9,197.781,6.169
16,04-20-2012,436221.26,0,44,3.94,197.723,6.169
16,04-27-2012,398445.15,0,60,3.93,197.665,6.169
16,05-04-2012,426959.62,0,51,3.9,197.606,6.169
16,05-11-2012,479855.0,0,54,3.87,197.548,6.169
16,05-18-2012,493506.47,0,57,3.84,197.555,6.169
16,05-25-2012,518045.09,0,57,3.8,197.589,6.169
16,06-01-2012,532311.93,0,59,3.76,197.622,6.169
16,06-08-2012,603618.89,0,65,3.74,197.655,6.169
16,06-15-2012,570045.79,0,65,3.72,197.692,6.169
16,06-22-2012,581745.72,0,70,3.74,197.739,6.169
16,06-29-2012,570162.28,0,77,3.69,197.786,6.169
16,07-06-2012,641763.53,0,70,3.65,197.832,6.061
16,07-13-2012,569005.06,0,70,3.61,197.879,6.061
16,07-20-2012,565297.54,0,68,3.58,197.929,6.061
16,07-27-2012,539337.87,0,69,3.57,197.979,6.061
16,08-03-2012,584000.71,0,69,3.53,198.029,6.061
16,08-10-2012,554036.84,0,70,3.51,198.08,6.061
16,08-17-2012,521896.6,0,62,3.54,198.1,6.061
16,08-24-2012,551152.15,0,61,3.56,198.098,6.061
16,08-31-2012,551837.31,0,64,3.56,198.097,6.061
16,09-07-2012,537138.58,1,60,3.6,198.095,6.061
16,09-14-2012,526525.16,0,57,3.66,198.127,6.061
16,09-21-2012,509942.56,0,56,3.76,198.359,6.061
16,09-28-2012,469607.73,0,51,3.79,198.59,6.061
16,10-05-2012,471281.68,0,50,3.78,198.822,5.847
16,10-12-2012,491817.19,0,43,3.76,199.054,5.847
16,10-19-2012,577198.97,0,41,3.75,199.148,5.847
16,10-26-2012,475770.14,0,41,3.69,199.22,5.847
17,02-05-2010,789036.02,0,23,2.67,126.442,6.548
17,02-12-2010,841951.91,1,18,2.67,126.496,6.548
17,02-19-2010,800714.0,0,25,2.65,126.526,6.548
17,02-26-2010,749549.55,0,16,2.67,126.552,6.548
17,03-05-2010,783300.05,0,32,2.68,126.578,6.548
17,03-12-2010,763961.82,0,30,2.73,126.604,6.548
17,03-19-2010,752034.52,0,34,2.78,126.607,6.548
17,03-26-2010,793097.64,0,36,2.82,126.605,6.548
17,04-02-2010,848521.17,0,37,2.84,126.603,6.635
17,04-09-2010,770228.02,0,34,2.88,126.602,6.635
17,04-16-2010,757738.76,0,45,2.92,126.562,6.635
17,04-23-2010,977790.83,0,52,2.94,126.471,6.635
17,04-30-2010,807798.73,0,44,2.94,126.381,6.635
17,05-07-2010,843848.65,0,40,2.95,126.29,6.635
17,05-14-2010,813756.09,0,47,2.96,126.209,6.635
17,05-21-2010,826626.5,0,54,2.95,126.184,6.635
17,05-28-2010,872817.62,0,48,2.91,126.16,6.635
17,06-04-2010,876902.87,0,54,2.87,126.136,6.635
17,06-11-2010,845252.21,0,57,2.84,126.112,6.635
17,06-18-2010,877996.27,0,55,2.82,126.114,6.635
17,06-25-2010,893995.44,0,63,2.82,126.127,6.635
17,07-02-2010,958875.37,0,69,2.81,126.139,6.697
17,07-09-2010,836915.92,0,62,2.8,126.152,6.697
17,07-16-2010,876591.41,0,66,2.79,126.15,6.697
17,07-23-2010,893504.87,0,70,2.8,126.128,6.697
17,07-30-2010,833517.19,0,70,2.8,126.107,6.697
17,08-06-2010,795301.17,0,71,2.8,126.085,6.697
17,08-13-2010,759995.18,0,65,2.84,126.064,6.697
17,08-20-2010,783929.7,0,67,2.85,126.077,6.697
17,08-27-2010,802583.89,0,65,2.85,126.089,6.697
17,09-03-2010,834373.73,0,58,2.87,126.102,6.697
17,09-10-2010,1200888.28,1,56,2.87,126.115,6.697
17,09-17-2010,871264.25,0,59,2.88,126.145,6.697
17,09-24-2010,852876.29,0,58,2.87,126.19,6.697
17,10-01-2010,829207.27,0,60,2.85,126.235,6.885
17,10-08-2010,827738.06,0,58,2.84,126.279,6.885
17,10-15-2010,838297.32,0,47,2.84,126.327,6.885
17,10-22-2010,815093.76,0,48,2.85,126.382,6.885
17,10-29-2010,861941.25,0,40,2.84,126.436,6.885
17,11-05-2010,818434.49,0,43,2.83,126.491,6.885
17,11-12-2010,855459.96,0,36,2.83,126.546,6.885
17,11-19-2010,782252.57,0,36,2.84,126.607,6.885
17,11-26-2010,1005448.76,1,19,2.83,126.669,6.885
17,12-03-2010,926573.81,0,22,2.81,126.731,6.885
17,12-10-2010,962475.55,0,32,2.82,126.793,6.885
17,12-17-2010,1049372.38,0,25,2.84,126.879,6.885
17,12-24-2010,1309226.79,0,27,2.85,126.984,6.885
17,12-31-2010,635862.55,1,21,2.87,127.088,6.885
17,01-07-2011,1083071.14,0,6,2.89,127.192,6.866
17,01-14-2011,758510.36,0,17,2.9,127.301,6.866
17,01-21-2011,755804.37,0,27,2.93,127.44,6.866
17,01-28-2011,736335.69,0,22,2.96,127.58,6.866
17,02-04-2011,816603.05,0,11,2.97,127.72,6.866
17,02-11-2011,813211.46,1,14,3.03,127.859,6.866
17,02-18-2011,860962.91,0,27,3.06,127.995,6.866
17,02-25-2011,767256.53,0,24,3.12,128.13,6.866
17,03-04-2011,816138.33,0,24,3.23,128.265,6.866
17,03-11-2011,779602.36,0,32,3.35,128.399,6.866
17,03-18-2011,778436.81,0,34,3.41,128.512,6.866
17,03-25-2011,781267.76,0,37,3.44,128.616,6.866
17,04-01-2011,795859.23,0,39,3.49,128.72,6.774
17,04-08-2011,811855.72,0,39,3.55,128.824,6.774
17,04-15-2011,825283.43,0,40,3.62,128.911,6.774
17,04-22-2011,1060770.11,0,42,3.66,128.955,6.774
17,04-29-2011,806979.15,0,40,3.68,129.0,6.774
17,05-06-2011,882132.28,0,46,3.74,129.044,6.774
17,05-13-2011,870625.49,0,49,3.77,129.089,6.774
17,05-20-2011,844443.35,0,52,3.8,129.076,6.774
17,05-27-2011,892056.64,0,51,3.78,129.062,6.774
17,06-03-2011,895020.48,0,50,3.75,129.049,6.774
17,06-10-2011,881190.46,0,55,3.73,129.036,6.774
17,06-17-2011,894686.67,0,57,3.7,129.043,6.774
17,06-24-2011,920719.98,0,61,3.67,129.066,6.774
17,07-01-2011,940554.34,0,67,3.61,129.089,6.745
17,07-08-2011,915064.22,0,71,3.56,129.113,6.745
17,07-15-2011,902727.76,0,68,3.55,129.134,6.745
17,07-22-2011,899044.34,0,70,3.56,129.151,6.745
17,07-29-2011,861894.77,0,69,3.57,129.168,6.745
17,08-05-2011,866184.92,0,66,3.6,129.185,6.745
17,08-12-2011,800819.79,0,65,3.61,129.202,6.745
17,08-19-2011,797523.04,0,68,3.58,129.241,6.745
17,08-26-2011,837390.79,0,72,3.57,129.283,6.745
17,09-02-2011,847380.07,0,69,3.58,129.326,6.745
17,09-09-2011,1161900.18,1,62,3.62,129.369,6.745
17,09-16-2011,1051116.95,0,61,3.64,129.431,6.745
17,09-23-2011,895535.31,0,57,3.65,129.518,6.745
17,09-30-2011,868191.05,0,61,3.62,129.606,6.745
17,10-07-2011,918006.9,0,54,3.59,129.694,6.617
17,10-14-2011,884042.63,0,48,3.57,129.771,6.617
17,10-21-2011,877380.22,0,47,3.58,129.782,6.617
17,10-28-2011,936508.43,0,42,3.57,129.794,6.617
17,11-04-2011,927657.63,0,38,3.54,129.805,6.617
17,11-11-2011,914759.2,0,28,3.51,129.817,6.617
17,11-18-2011,877724.31,0,33,3.49,129.827,6.617
17,11-25-2011,1225700.28,1,33,3.44,129.836,6.617
17,12-02-2011,945267.68,0,26,3.39,129.846,6.617
17,12-09-2011,976522.93,0,18,3.34,129.856,6.617
17,12-16-2011,1067754.06,0,21,3.28,129.898,6.617
17,12-23-2011,1289156.9,0,19,3.19,129.985,6.617
17,12-30-2011,777207.3,1,27,3.12,130.071,6.617
17,01-06-2012,1198104.22,0,28,3.08,130.158,6.403
17,01-13-2012,873576.96,0,20,3.06,130.244,6.403
17,01-20-2012,809272.65,0,27,3.05,130.279,6.403
17,01-27-2012,769522.33,0,30,3.06,130.314,6.403
17,02-03-2012,864852.85,0,26,3.08,130.35,6.403
17,02-10-2012,880165.7,1,24,3.12,130.385,6.403
17,02-17-2012,927084.65,0,31,3.12,130.455,6.403
17,02-24-2012,843864.43,0,30,3.14,130.55,6.403
17,03-02-2012,856178.47,0,26,3.24,130.646,6.403
17,03-09-2012,860224.98,0,32,3.38,130.741,6.403
17,03-16-2012,853136.46,0,44,3.53,130.826,6.403
17,03-23-2012,851762.28,0,41,3.67,130.897,6.403
17,03-30-2012,872469.03,0,45,3.73,130.967,6.403
17,04-06-2012,986922.62,0,44,3.79,131.038,6.235
17,04-13-2012,877055.32,0,47,3.83,131.108,6.235
17,04-20-2012,1119979.98,0,48,3.84,131.117,6.235
17,04-27-2012,925916.65,0,59,3.84,131.127,6.235
17,05-04-2012,930121.14,0,49,3.83,131.136,6.235
17,05-11-2012,944100.3,0,50,3.81,131.145,6.235
17,05-18-2012,968816.33,0,60,3.81,131.098,6.235
17,05-25-2012,984881.59,0,56,3.8,131.029,6.235
17,06-01-2012,938914.28,0,54,3.79,130.959,6.235
17,06-08-2012,987990.24,0,61,3.78,130.89,6.235
17,06-15-2012,964169.67,0,57,3.76,130.83,6.235
17,06-22-2012,981210.57,0,63,3.74,130.793,6.235
17,06-29-2012,982322.24,0,71,3.68,130.756,6.235
17,07-06-2012,1046782.52,0,69,3.63,130.72,5.936
17,07-13-2012,960746.04,0,73,3.6,130.683,5.936
17,07-20-2012,944698.7,0,71,3.56,130.701,5.936
17,07-27-2012,907493.24,0,74,3.54,130.72,5.936
17,08-03-2012,877813.33,0,73,3.51,130.738,5.936
17,08-10-2012,849074.04,0,73,3.51,130.756,5.936
17,08-17-2012,844928.17,0,71,3.54,130.791,5.936
17,08-24-2012,924299.78,0,69,3.58,130.838,5.936
17,08-31-2012,865924.2,0,68,3.62,130.885,5.936
17,09-07-2012,1255633.29,1,62,3.69,130.933,5.936
17,09-14-2012,1071040.22,0,60,3.75,130.978,5.936
17,09-21-2012,938303.28,0,58,3.82,131.01,5.936
17,09-28-2012,972716.24,0,58,3.82,131.043,5.936
17,10-05-2012,952609.17,0,53,3.82,131.076,5.527
17,10-12-2012,919878.34,0,45,3.8,131.108,5.527
17,10-19-2012,957356.84,0,48,3.78,131.15,5.527
17,10-26-2012,943465.29,0,40,3.76,131.193,5.527
18,02-05-2010,1205307.5,0,21,2.79,131.528,9.202
18,02-12-2010,1187880.7,1,26,2.77,131.587,9.202
18,02-19-2010,1150663.42,0,31,2.75,131.637,9.202
18,02-26-2010,1068157.45,0,35,2.75,131.686,9.202
18,03-05-2010,1179738.5,0,37,2.77,131.735,9.202
18,03-12-2010,1138800.32,0,42,2.8,131.784,9.202
18,03-19-2010,1087507.47,0,45,2.83,131.824,9.202
18,03-26-2010,1092704.09,0,48,2.83,131.863,9.202
18,04-02-2010,1254107.84,0,46,2.83,131.902,9.269
18,04-09-2010,1174447.55,0,60,2.85,131.941,9.269
18,04-16-2010,1135577.62,0,50,2.88,131.981,9.269
18,04-23-2010,1132433.55,0,50,2.9,132.023,9.269
18,04-30-2010,1060446.16,0,51,2.94,132.064,9.269
18,05-07-2010,1222255.47,0,66,2.98,132.106,9.269
18,05-14-2010,1092616.49,0,50,2.98,132.152,9.269
18,05-21-2010,1101621.36,0,60,2.96,132.223,9.269
18,05-28-2010,1256282.79,0,69,2.91,132.294,9.269
18,06-04-2010,1271311.76,0,70,2.86,132.365,9.269
18,06-11-2010,1173521.82,0,64,2.83,132.436,9.269
18,06-18-2010,1183225.92,0,66,2.8,132.473,9.269
18,06-25-2010,1220983.17,0,74,2.81,132.498,9.269
18,07-02-2010,1257928.35,0,71,2.82,132.522,9.342
18,07-09-2010,1171391.41,0,80,2.81,132.546,9.342
18,07-16-2010,1115514.61,0,77,2.8,132.567,9.342
18,07-23-2010,1032908.23,0,76,2.78,132.583,9.342
18,07-30-2010,1078557.62,0,76,2.79,132.598,9.342
18,08-06-2010,1166117.85,0,74,2.79,132.614,9.342
18,08-13-2010,1084722.78,0,74,2.81,132.63,9.342
18,08-20-2010,1141860.67,0,72,2.8,132.662,9.342
18,08-27-2010,1214302.76,0,67,2.77,132.693,9.342
18,09-03-2010,1187359.77,0,75,2.74,132.725,9.342
18,09-10-2010,1011201.12,1,67,2.72,132.756,9.342
18,09-17-2010,997998.21,0,61,2.72,132.767,9.342
18,09-24-2010,950862.92,0,65,2.72,132.762,9.342
18,10-01-2010,948977.5,0,68,2.72,132.757,9.331
18,10-08-2010,1107432.71,0,55,2.78,132.752,9.331
18,10-15-2010,1029618.1,0,52,2.88,132.763,9.331
18,10-22-2010,1052120.43,0,47,2.92,132.817,9.331
18,10-29-2010,1038576.54,0,56,2.94,132.871,9.331
18,11-05-2010,1089530.94,0,42,2.94,132.925,9.331
18,11-12-2010,1081322.12,0,43,2.96,132.978,9.331
18,11-19-2010,1045722.37,0,45,3.03,132.917,9.331
18,11-26-2010,1653759.36,1,41,3.07,132.837,9.331
18,12-03-2010,1211026.13,0,37,3.06,132.757,9.331
18,12-10-2010,1416168.98,0,26,3.13,132.676,9.331
18,12-17-2010,1588430.71,0,27,3.14,132.68,9.331
18,12-24-2010,2027507.15,0,28,3.15,132.748,9.331
18,12-31-2010,887907.01,1,26,3.18,132.815,9.331
18,01-07-2011,933960.3,0,30,3.19,132.882,9.131
18,01-14-2011,777175.28,0,23,3.22,132.951,9.131
18,01-21-2011,891148.55,0,23,3.23,133.029,9.131
18,01-28-2011,849540.85,0,15,3.24,133.106,9.131
18,02-04-2011,1055841.24,0,21,3.24,133.183,9.131
18,02-11-2011,1122053.58,1,24,3.26,133.261,9.131
18,02-18-2011,1095058.57,0,32,3.26,133.37,9.131
18,02-25-2011,1005983.31,0,26,3.28,133.492,9.131
18,03-04-2011,1063310.62,0,28,3.44,133.614,9.131
18,03-11-2011,1002714.25,0,38,3.6,133.736,9.131
18,03-18-2011,945889.59,0,41,3.63,133.849,9.131
18,03-25-2011,944523.3,0,37,3.62,133.959,9.131
18,04-01-2011,938083.17,0,35,3.64,134.068,8.975
18,04-08-2011,1018541.3,0,43,3.72,134.178,8.975
18,04-15-2011,988157.72,0,50,3.82,134.278,8.975
18,04-22-2011,1105860.06,0,46,3.92,134.357,8.975
18,04-29-2011,974114.39,0,59,3.99,134.436,8.975
18,05-06-2011,1065427.37,0,54,4.08,134.514,8.975
18,05-13-2011,993172.98,0,58,4.1,134.593,8.975
18,05-20-2011,994610.43,0,58,4.1,134.68,8.975
18,05-27-2011,1065214.14,0,65,4.03,134.768,8.975
18,06-03-2011,1178039.0,0,71,3.97,134.855,8.975
18,06-10-2011,1044079.2,0,69,3.92,134.943,8.975
18,06-17-2011,1045859.39,0,63,3.87,135.084,8.975
18,06-24-2011,1056478.65,0,67,3.85,135.265,8.975
18,07-01-2011,1087051.26,0,70,3.82,135.447,8.89
18,07-08-2011,1048802.62,0,73,3.78,135.628,8.89
18,07-15-2011,974916.13,0,74,3.83,135.784,8.89
18,07-22-2011,991262.46,0,79,3.88,135.874,8.89
18,07-29-2011,954148.64,0,74,3.9,135.964,8.89
18,08-05-2011,1002806.39,0,75,3.9,136.054,8.89
18,08-12-2011,928470.83,0,74,3.88,136.144,8.89
18,08-19-2011,932679.79,0,69,3.82,136.183,8.89
18,08-26-2011,1147906.46,0,70,3.8,136.214,8.89
18,09-02-2011,540922.94,0,68,3.78,136.244,8.89
18,09-09-2011,951549.61,1,68,3.81,136.275,8.89
18,09-16-2011,845715.37,0,66,3.81,136.314,8.89
18,09-23-2011,853073.17,0,60,3.76,136.367,8.89
18,09-30-2011,847348.08,0,69,3.68,136.42,8.89
18,10-07-2011,1019741.1,0,55,3.63,136.472,8.471
18,10-14-2011,953533.95,0,60,3.58,136.515,8.471
18,10-21-2011,1048212.62,0,56,3.62,136.502,8.471
18,10-28-2011,1106642.63,0,46,3.6,136.488,8.471
18,11-04-2011,1100625.06,0,38,3.59,136.475,8.471
18,11-11-2011,1079931.63,0,46,3.57,136.462,8.471
18,11-18-2011,1056992.18,0,48,3.57,136.467,8.471
18,11-25-2011,1624170.99,1,42,3.54,136.479,8.471
18,12-02-2011,1188047.61,0,46,3.5,136.491,8.471
18,12-09-2011,1368471.23,0,42,3.47,136.503,8.471
18,12-16-2011,1516924.23,0,36,3.44,136.534,8.471
18,12-23-2011,1882393.4,0,36,3.41,136.588,8.471
18,12-30-2011,1010562.49,1,32,3.4,136.643,8.471
18,01-06-2012,977286.07,0,31,3.44,136.698,8.075
18,01-13-2012,890130.25,0,35,3.52,136.753,8.075
18,01-20-2012,937522.77,0,24,3.54,136.856,8.075
18,01-27-2012,825584.22,0,30,3.57,136.96,8.075
18,02-03-2012,1049772.04,0,38,3.63,137.063,8.075
18,02-10-2012,1161615.51,1,33,3.66,137.167,8.075
18,02-17-2012,1115985.81,0,33,3.7,137.258,8.075
18,02-24-2012,1037861.11,0,36,3.75,137.341,8.075
18,03-02-2012,1047178.91,0,34,3.83,137.424,8.075
18,03-09-2012,1084894.47,0,38,3.88,137.507,8.075
18,03-16-2012,1022018.43,0,46,3.87,137.584,8.075
18,03-23-2012,1031139.3,0,58,3.89,137.655,8.075
18,03-30-2012,1009121.2,0,45,3.92,137.726,8.075
18,04-06-2012,1200815.3,0,44,3.96,137.797,8.304
18,04-13-2012,998443.5,0,48,4.03,137.868,8.304
18,04-20-2012,1025813.8,0,61,4.05,137.923,8.304
18,04-27-2012,961186.23,0,50,4.02,137.978,8.304
18,05-04-2012,1050027.89,0,50,3.99,138.033,8.304
18,05-11-2012,1060433.1,0,57,3.95,138.088,8.304
18,05-18-2012,1047444.59,0,62,3.9,138.107,8.304
18,05-25-2012,1088446.58,0,65,3.85,138.11,8.304
18,06-01-2012,1118313.7,0,71,3.8,138.114,8.304
18,06-08-2012,1110479.94,0,59,3.75,138.117,8.304
18,06-15-2012,1057425.83,0,67,3.68,138.13,8.304
18,06-22-2012,1080357.89,0,71,3.63,138.163,8.304
18,06-29-2012,1097006.3,0,70,3.58,138.196,8.304
18,07-06-2012,1158247.31,0,76,3.54,138.23,8.535
18,07-13-2012,1024784.92,0,75,3.56,138.263,8.535
18,07-20-2012,1033543.56,0,77,3.61,138.233,8.535
18,07-27-2012,924506.26,0,73,3.7,138.203,8.535
18,08-03-2012,1052066.58,0,73,3.7,138.174,8.535
18,08-10-2012,967304.07,0,76,3.77,138.144,8.535
18,08-17-2012,1048134.24,0,73,3.84,138.186,8.535
18,08-24-2012,1145840.91,0,69,3.87,138.281,8.535
18,08-31-2012,1117097.23,0,70,3.88,138.377,8.535
18,09-07-2012,1083521.24,1,72,3.92,138.473,8.535
18,09-14-2012,960476.1,0,64,3.99,138.567,8.535
18,09-21-2012,971386.65,0,60,4.06,138.653,8.535
18,09-28-2012,1002856.2,0,58,4.02,138.74,8.535
18,10-05-2012,1092204.79,0,60,4.03,138.826,8.243
18,10-12-2012,1074079.0,0,51,4.03,138.912,8.243
18,10-19-2012,1048706.75,0,52,4.0,138.834,8.243
18,10-26-2012,1127516.25,0,56,3.92,138.728,8.243
19,02-05-2010,1507637.17,0,21,2.95,131.528,8.35
19,02-12-2010,1536549.95,1,23,2.94,131.587,8.35
19,02-19-2010,1515976.11,0,29,2.91,131.637,8.35
19,02-26-2010,1373270.06,0,30,2.91,131.686,8.35
19,03-05-2010,1495844.57,0,33,2.92,131.735,8.35
19,03-12-2010,1467889.2,0,39,2.94,131.784,8.35
19,03-19-2010,1332940.35,0,44,2.96,131.824,8.35
19,03-26-2010,1427023.45,0,39,2.96,131.863,8.35
19,04-02-2010,1642970.27,0,45,2.96,131.902,8.185
19,04-09-2010,1489613.32,0,56,2.99,131.941,8.185
19,04-16-2010,1460354.67,0,50,3.01,131.981,8.185
19,04-23-2010,1456793.33,0,47,3.02,132.023,8.185
19,04-30-2010,1405065.57,0,50,3.04,132.064,8.185
19,05-07-2010,1566219.77,0,63,3.1,132.106,8.185
19,05-14-2010,1437319.45,0,47,3.11,132.152,8.185
19,05-21-2010,1377716.17,0,58,3.1,132.223,8.185
19,05-28-2010,1648882.62,0,69,3.05,132.294,8.185
19,06-04-2010,1519013.49,0,69,3.01,132.365,8.185
19,06-11-2010,1410683.94,0,62,2.97,132.436,8.185
19,06-18-2010,1457314.39,0,66,2.94,132.473,8.185
19,06-25-2010,1450407.32,0,72,2.96,132.498,8.185
19,07-02-2010,1549018.68,0,66,2.96,132.522,8.099
19,07-09-2010,1577541.24,0,78,2.94,132.546,8.099
19,07-16-2010,1412157.02,0,75,2.93,132.567,8.099
19,07-23-2010,1372043.71,0,75,2.92,132.583,8.099
19,07-30-2010,1366395.96,0,73,2.93,132.598,8.099
19,08-06-2010,1492060.89,0,74,2.94,132.614,8.099
19,08-13-2010,1418027.08,0,73,2.92,132.63,8.099
19,08-20-2010,1419383.19,0,72,2.91,132.662,8.099
19,08-27-2010,1557888.16,0,66,2.88,132.693,8.099
19,09-03-2010,1623519.64,0,75,2.86,132.725,8.099
19,09-10-2010,1591453.39,1,63,2.84,132.756,8.099
19,09-17-2010,1386789.31,0,59,2.85,132.767,8.099
19,09-24-2010,1318343.58,0,63,2.84,132.762,8.099
19,10-01-2010,1379456.3,0,60,2.84,132.757,8.067
19,10-08-2010,1428960.72,0,54,2.9,132.752,8.067
19,10-15-2010,1369317.63,0,51,3.0,132.763,8.067
19,10-22-2010,1357154.71,0,48,3.05,132.817,8.067
19,10-29-2010,1404576.48,0,56,3.06,132.871,8.067
19,11-05-2010,1435379.25,0,42,3.05,132.925,8.067
19,11-12-2010,1490235.86,0,40,3.06,132.978,8.067
19,11-19-2010,1377593.1,0,44,3.14,132.917,8.067
19,11-26-2010,1993367.83,1,43,3.19,132.837,8.067
19,12-03-2010,1615987.96,0,37,3.2,132.757,8.067
19,12-10-2010,1799070.98,0,25,3.26,132.676,8.067
19,12-17-2010,1911967.44,0,27,3.3,132.68,8.067
19,12-24-2010,2678206.42,0,26,3.31,132.748,8.067
19,12-31-2010,1275146.94,1,29,3.34,132.815,8.067
19,01-07-2011,1224175.99,0,31,3.35,132.882,7.771
19,01-14-2011,1181204.53,0,22,3.37,132.951,7.771
19,01-21-2011,1212967.84,0,23,3.39,133.029,7.771
19,01-28-2011,1284185.49,0,21,3.4,133.106,7.771
19,02-04-2011,1370562.11,0,21,3.4,133.183,7.771
19,02-11-2011,1430851.11,1,22,3.42,133.261,7.771
19,02-18-2011,1457270.16,0,35,3.42,133.37,7.771
19,02-25-2011,1296658.47,0,23,3.45,133.492,7.771
19,03-04-2011,1433569.44,0,29,3.6,133.614,7.771
19,03-11-2011,1351450.43,0,36,3.75,133.736,7.771
19,03-18-2011,1257972.37,0,40,3.8,133.849,7.771
19,03-25-2011,1266564.94,0,33,3.79,133.959,7.771
19,04-01-2011,1305950.22,0,31,3.81,134.068,7.658
19,04-08-2011,1419911.91,0,41,3.9,134.178,7.658
19,04-15-2011,1392093.04,0,49,3.98,134.278,7.658
19,04-22-2011,1514288.82,0,42,4.06,134.357,7.658
19,04-29-2011,1297237.7,0,54,4.12,134.436,7.658
19,05-06-2011,1451953.95,0,50,4.19,134.514,7.658
19,05-13-2011,1429143.06,0,54,4.21,134.593,7.658
19,05-20-2011,1355234.3,0,53,4.2,134.68,7.658
19,05-27-2011,1388553.11,0,63,4.13,134.768,7.658
19,06-03-2011,1457345.75,0,66,4.07,134.855,7.658
19,06-10-2011,1467473.63,0,68,4.03,134.943,7.658
19,06-17-2011,1418973.62,0,64,3.99,135.084,7.658
19,06-24-2011,1440785.7,0,68,3.96,135.265,7.658
19,07-01-2011,1462731.93,0,68,3.92,135.447,7.806
19,07-08-2011,1465489.75,0,73,3.89,135.628,7.806
19,07-15-2011,1391580.41,0,74,3.92,135.784,7.806
19,07-22-2011,1377119.45,0,79,3.97,135.874,7.806
19,07-29-2011,1298775.8,0,75,4.0,135.964,7.806
19,08-05-2011,1408968.55,0,74,4.02,136.054,7.806
19,08-12-2011,1360969.45,0,71,4.0,136.144,7.806
19,08-19-2011,1391792.69,0,71,3.94,136.183,7.806
19,08-26-2011,1547729.24,0,69,3.91,136.214,7.806
19,09-02-2011,1609951.02,0,69,3.88,136.244,7.806
19,09-09-2011,1566712.79,1,68,3.93,136.275,7.806
19,09-16-2011,1365633.53,0,63,3.94,136.314,7.806
19,09-23-2011,1300375.76,0,61,3.9,136.367,7.806
19,09-30-2011,1330757.22,0,65,3.86,136.42,7.806
19,10-07-2011,1461718.87,0,53,3.78,136.472,7.866
19,10-14-2011,1318905.53,0,62,3.74,136.515,7.866
19,10-21-2011,1374863.1,0,52,3.76,136.502,7.866
19,10-28-2011,1396612.36,0,46,3.76,136.488,7.866
19,11-04-2011,1480289.64,0,45,3.74,136.475,7.866
19,11-11-2011,1502078.93,0,48,3.72,136.462,7.866
19,11-18-2011,1411835.57,0,48,3.72,136.467,7.866
19,11-25-2011,1974646.78,1,43,3.69,136.479,7.866
19,12-02-2011,1484708.38,0,46,3.67,136.491,7.866
19,12-09-2011,1713769.06,0,40,3.63,136.503,7.866
19,12-16-2011,1852179.15,0,37,3.61,136.534,7.866
19,12-23-2011,2480159.47,0,36,3.59,136.588,7.866
19,12-30-2011,1405168.06,1,32,3.57,136.643,7.866
19,01-06-2012,1266570.4,0,32,3.58,136.698,7.943
19,01-13-2012,1182198.7,0,37,3.67,136.753,7.943
19,01-20-2012,1237104.73,0,23,3.7,136.856,7.943
19,01-27-2012,1279623.26,0,32,3.74,136.96,7.943
19,02-03-2012,1345311.65,0,36,3.8,137.063,7.943
19,02-10-2012,1499496.67,1,33,3.83,137.167,7.943
19,02-17-2012,1424720.27,0,31,3.87,137.258,7.943
19,02-24-2012,1352470.09,0,34,3.92,137.341,7.943
19,03-02-2012,1308977.05,0,35,3.98,137.424,7.943
19,03-09-2012,1358816.46,0,38,4.02,137.507,7.943
19,03-16-2012,1312849.1,0,48,4.02,137.584,7.943
19,03-23-2012,1342254.55,0,57,4.05,137.655,7.943
19,03-30-2012,1327139.35,0,43,4.1,137.726,7.943
19,04-06-2012,1631737.68,0,40,4.14,137.797,8.15
19,04-13-2012,1365098.46,0,44,4.19,137.868,8.15
19,04-20-2012,1255087.26,0,55,4.17,137.923,8.15
19,04-27-2012,1285897.24,0,42,4.16,137.978,8.15
19,05-04-2012,1405007.44,0,51,4.12,138.033,8.15
19,05-11-2012,1442873.22,0,55,4.06,138.088,8.15
19,05-18-2012,1366937.1,0,59,4.03,138.107,8.15
19,05-25-2012,1485540.28,0,68,3.98,138.11,8.15
19,06-01-2012,1450733.29,0,68,3.92,138.114,8.15
19,06-08-2012,1390122.11,0,60,3.87,138.117,8.15
19,06-15-2012,1440263.15,0,68,3.79,138.13,8.15
19,06-22-2012,1468350.36,0,76,3.72,138.163,8.15
19,06-29-2012,1379652.65,0,70,3.67,138.196,8.15
19,07-06-2012,1557120.44,0,76,3.65,138.23,8.193
19,07-13-2012,1321741.35,0,73,3.69,138.263,8.193
19,07-20-2012,1317672.92,0,76,3.73,138.233,8.193
19,07-27-2012,1248915.43,0,74,3.82,138.203,8.193
19,08-03-2012,1342123.78,0,73,3.82,138.174,8.193
19,08-10-2012,1408907.89,0,74,3.86,138.144,8.193
19,08-17-2012,1375101.26,0,70,3.96,138.186,8.193
19,08-24-2012,1544653.37,0,67,4.0,138.281,8.193
19,08-31-2012,1542719.87,0,72,4.03,138.377,8.193
19,09-07-2012,1497073.82,1,72,4.08,138.473,8.193
19,09-14-2012,1370653.41,0,65,4.09,138.567,8.193
19,09-21-2012,1338572.29,0,61,4.2,138.653,8.193
19,09-28-2012,1338299.02,0,57,4.16,138.74,8.193
19,10-05-2012,1408016.1,0,60,4.15,138.826,7.992
19,10-12-2012,1352809.5,0,48,4.19,138.912,7.992
19,10-19-2012,1321102.35,0,53,4.15,138.834,7.992
19,10-26-2012,1322117.96,0,56,4.07,138.728,7.992
20,02-05-2010,2401395.47,0,26,2.78,204.247,8.187
20,02-12-2010,2109107.9,1,22,2.77,204.386,8.187
20,02-19-2010,2161549.76,0,25,2.74,204.432,8.187
20,02-26-2010,1898193.95,0,32,2.75,204.463,8.187
20,03-05-2010,2119213.72,0,32,2.78,204.494,8.187
20,03-12-2010,2010974.84,0,44,2.82,204.525,8.187
20,03-19-2010,1951848.43,0,47,2.84,204.378,8.187
20,03-26-2010,1894742.95,0,50,2.85,204.202,8.187
20,04-02-2010,2405395.22,0,51,2.85,204.025,7.856
20,04-09-2010,2007796.26,0,65,2.87,203.849,7.856
20,04-16-2010,1985784.59,0,55,2.9,203.731,7.856
20,04-23-2010,1878862.42,0,51,2.9,203.691,7.856
20,04-30-2010,1919053.21,0,55,2.92,203.65,7.856
20,05-07-2010,2137202.38,0,67,2.97,203.61,7.856
20,05-14-2010,2033211.62,0,56,2.98,203.613,7.856
20,05-21-2010,1893736.9,0,60,2.96,203.877,7.856
20,05-28-2010,2065984.95,0,71,2.9,204.141,7.856
20,06-04-2010,2203619.35,0,73,2.85,204.404,7.856
20,06-11-2010,2100489.79,0,67,2.81,204.668,7.856
20,06-18-2010,2091903.63,0,73,2.78,204.67,7.856
20,06-25-2010,1973135.87,0,75,2.81,204.568,7.856
20,07-02-2010,2143676.77,0,70,2.82,204.465,7.527
20,07-09-2010,2107285.85,0,78,2.79,204.363,7.527
20,07-16-2010,2031852.16,0,75,2.78,204.357,7.527
20,07-23-2010,1900535.9,0,78,2.77,204.481,7.527
20,07-30-2010,1955896.59,0,76,2.78,204.605,7.527
20,08-06-2010,1910177.38,0,75,2.78,204.729,7.527
20,08-13-2010,2071022.45,0,76,2.8,204.853,7.527
20,08-20-2010,1975374.56,0,75,2.78,204.822,7.527
20,08-27-2010,1946369.57,0,71,2.76,204.79,7.527
20,09-03-2010,2121561.41,0,76,2.72,204.758,7.527
20,09-10-2010,2014954.79,1,65,2.7,204.727,7.527
20,09-17-2010,1948359.78,0,65,2.71,204.751,7.527
20,09-24-2010,1789687.65,0,69,2.71,204.818,7.527
20,10-01-2010,1933719.21,0,61,2.71,204.885,7.484
20,10-08-2010,2060389.27,0,52,2.76,204.952,7.484
20,10-15-2010,1950676.39,0,59,2.87,205.014,7.484
20,10-22-2010,1893955.27,0,51,2.92,205.063,7.484
20,10-29-2010,1891816.0,0,58,2.92,205.112,7.484
20,11-05-2010,2184316.64,0,43,2.92,205.161,7.484
20,11-12-2010,2187765.28,0,42,2.93,205.21,7.484
20,11-19-2010,2105058.91,0,46,3.0,205.099,7.484
20,11-26-2010,2811634.04,1,47,3.04,204.962,7.484
20,12-03-2010,2416051.17,0,35,3.05,204.825,7.484
20,12-10-2010,2752122.08,0,24,3.11,204.688,7.484
20,12-17-2010,2819193.17,0,24,3.14,204.632,7.484
20,12-24-2010,3766687.43,0,25,3.14,204.638,7.484
20,12-31-2010,1799737.79,1,29,3.18,204.643,7.484
20,01-07-2011,1843030.95,0,31,3.19,204.649,7.343
20,01-14-2011,1884345.01,0,20,3.2,204.703,7.343
20,01-21-2011,1781805.66,0,27,3.23,205.046,7.343
20,01-28-2011,1761506.68,0,23,3.24,205.389,7.343
20,02-04-2011,2351143.07,0,29,3.23,205.733,7.343
20,02-11-2011,2211388.14,1,25,3.24,206.076,7.343
20,02-18-2011,2258616.24,0,43,3.24,206.369,7.343
20,02-25-2011,1938608.52,0,33,3.27,206.642,7.343
20,03-04-2011,2143424.61,0,37,3.43,206.915,7.343
20,03-11-2011,1990932.77,0,40,3.58,207.188,7.343
20,03-18-2011,1931668.64,0,45,3.63,207.428,7.343
20,03-25-2011,1824711.21,0,45,3.62,207.655,7.343
20,04-01-2011,1927993.09,0,32,3.64,207.882,7.287
20,04-08-2011,2027056.39,0,47,3.72,208.109,7.287
20,04-15-2011,2057406.33,0,55,3.82,208.317,7.287
20,04-22-2011,2313861.81,0,53,3.89,208.478,7.287
20,04-29-2011,1881788.19,0,63,3.96,208.639,7.287
20,05-06-2011,2090838.44,0,53,4.05,208.799,7.287
20,05-13-2011,2036748.53,0,62,4.07,208.96,7.287
20,05-20-2011,1953416.06,0,59,4.06,208.758,7.287
20,05-27-2011,1944433.17,0,69,3.98,208.557,7.287
20,06-03-2011,2182246.69,0,74,3.92,208.355,7.287
20,06-10-2011,2135062.04,0,74,3.88,208.154,7.287
20,06-17-2011,2065191.27,0,66,3.84,208.127,7.287
20,06-24-2011,1950826.32,0,72,3.8,208.231,7.287
20,07-01-2011,2053165.41,0,70,3.75,208.335,7.274
20,07-08-2011,2123787.79,0,75,3.71,208.439,7.274
20,07-15-2011,2039875.75,0,75,3.76,208.531,7.274
20,07-22-2011,1950904.84,0,79,3.81,208.594,7.274
20,07-29-2011,1858440.92,0,77,3.83,208.656,7.274
20,08-05-2011,2189353.63,0,78,3.84,208.719,7.274
20,08-12-2011,2052246.4,0,74,3.81,208.782,7.274
20,08-19-2011,1990017.93,0,71,3.75,208.842,7.274
20,08-26-2011,1933577.2,0,70,3.7,208.902,7.274
20,09-02-2011,2141765.98,0,71,3.7,208.963,7.274
20,09-09-2011,2050542.56,1,69,3.74,209.023,7.274
20,09-16-2011,1979009.46,0,64,3.74,209.189,7.274
20,09-23-2011,1888119.7,0,62,3.71,209.499,7.274
20,09-30-2011,1945808.26,0,63,3.64,209.808,7.274
20,10-07-2011,2135982.79,0,52,3.58,210.117,7.082
20,10-14-2011,2010107.68,0,63,3.54,210.403,7.082
20,10-21-2011,2104241.9,0,54,3.57,210.547,7.082
20,10-28-2011,2065421.52,0,49,3.57,210.692,7.082
20,11-04-2011,2284106.6,0,44,3.55,210.836,7.082
20,11-11-2011,2269975.85,0,47,3.53,210.981,7.082
20,11-18-2011,2169933.82,0,49,3.53,211.185,7.082
20,11-25-2011,2906233.25,1,46,3.49,211.412,7.082
20,12-02-2011,2298776.83,0,46,3.45,211.639,7.082
20,12-09-2011,2546123.78,0,42,3.42,211.867,7.082
20,12-16-2011,2762816.65,0,37,3.41,212.069,7.082
20,12-23-2011,3555371.03,0,40,3.39,212.236,7.082
20,12-30-2011,2043245.0,1,36,3.39,212.404,7.082
20,01-06-2012,1964701.94,0,33,3.42,212.571,6.961
20,01-13-2012,1911510.64,0,38,3.51,212.739,6.961
20,01-20-2012,1892775.94,0,28,3.53,212.834,6.961
20,01-27-2012,1761016.51,0,37,3.57,212.929,6.961
20,02-03-2012,2203523.2,0,40,3.62,213.024,6.961
20,02-10-2012,2462978.28,1,33,3.64,213.119,6.961
20,02-17-2012,2309025.16,0,31,3.7,213.273,6.961
20,02-24-2012,2045837.55,0,40,3.74,213.473,6.961
20,03-02-2012,2148822.76,0,40,3.82,213.672,6.961
20,03-09-2012,2139265.4,0,41,3.85,213.871,6.961
20,03-16-2012,2064991.71,0,54,3.86,214.017,6.961
20,03-23-2012,1992436.96,0,66,3.9,214.091,6.961
20,03-30-2012,2074721.74,0,52,3.95,214.165,6.961
20,04-06-2012,2565259.92,0,50,4.0,214.239,7.139
20,04-13-2012,2045396.06,0,46,4.04,214.313,7.139
20,04-20-2012,1884427.84,0,60,4.03,214.368,7.139
20,04-27-2012,1886503.93,0,48,4.0,214.422,7.139
20,05-04-2012,2163510.89,0,63,3.95,214.477,7.139
20,05-11-2012,2168097.11,0,63,3.89,214.532,7.139
20,05-18-2012,2039222.26,0,61,3.85,214.549,7.139
20,05-25-2012,2114989.0,0,70,3.8,214.55,7.139
20,06-01-2012,2143126.59,0,74,3.74,214.551,7.139
20,06-08-2012,2231962.13,0,62,3.69,214.553,7.139
20,06-15-2012,2165160.29,0,72,3.62,214.565,7.139
20,06-22-2012,2060588.69,0,77,3.56,214.606,7.139
20,06-29-2012,2055952.61,0,74,3.51,214.647,7.139
20,07-06-2012,2358055.3,0,79,3.48,214.687,7.28
20,07-13-2012,2134680.12,0,78,3.52,214.728,7.28
20,07-20-2012,1970170.29,0,76,3.57,214.733,7.28
20,07-27-2012,1911559.1,0,75,3.65,214.738,7.28
20,08-03-2012,2094515.71,0,75,3.65,214.743,7.28
20,08-10-2012,2144245.39,0,75,3.72,214.748,7.28
20,08-17-2012,2045061.22,0,70,3.81,214.826,7.28
20,08-24-2012,2005341.43,0,68,3.83,214.957,7.28
20,08-31-2012,2062481.56,0,73,3.87,215.088,7.28
20,09-07-2012,2080529.06,1,76,3.91,215.219,7.28
20,09-14-2012,2047949.98,0,65,3.95,215.358,7.28
20,09-21-2012,2028587.24,0,61,4.04,215.548,7.28
20,09-28-2012,2008350.58,0,59,4.0,215.737,7.28
20,10-05-2012,2246411.89,0,61,3.98,215.926,7.293
20,10-12-2012,2162951.36,0,47,4.0,216.115,7.293
20,10-19-2012,1999363.49,0,56,3.97,216.146,7.293
20,10-26-2012,2031650.55,0,60,3.88,216.152,7.293
21,02-05-2010,798593.88,0,39,2.57,210.753,8.324
21,02-12-2010,809321.44,1,38,2.55,210.898,8.324
21,02-19-2010,867283.25,0,40,2.51,210.945,8.324
21,02-26-2010,749597.24,0,45,2.56,210.976,8.324
21,03-05-2010,747444.32,0,49,2.62,211.007,8.324
21,03-12-2010,712312.89,0,57,2.67,211.038,8.324
21,03-19-2010,727070.0,0,55,2.72,210.873,8.324
21,03-26-2010,686497.53,0,52,2.73,210.677,8.324
21,04-02-2010,753664.12,0,64,2.72,210.48,8.2
21,04-09-2010,751181.4,0,66,2.77,210.283,8.2
21,04-16-2010,716026.51,0,68,2.81,210.15,8.2
21,04-23-2010,718780.59,0,64,2.8,210.1,8.2
21,04-30-2010,680532.69,0,67,2.78,210.051,8.2
21,05-07-2010,744969.42,0,71,2.84,210.001,8.2
21,05-14-2010,723559.88,0,73,2.85,209.998,8.2
21,05-21-2010,753361.72,0,74,2.83,210.277,8.2
21,05-28-2010,755214.26,0,81,2.76,210.555,8.2
21,06-04-2010,806012.48,0,83,2.7,210.834,8.2
21,06-11-2010,784305.55,0,84,2.67,211.112,8.2
21,06-18-2010,785104.29,0,86,2.64,211.11,8.2
21,06-25-2010,769848.75,0,87,2.65,210.995,8.2
21,07-02-2010,711470.8,0,82,2.67,210.88,8.099
21,07-09-2010,714677.47,0,82,2.64,210.766,8.099
21,07-16-2010,755098.41,0,86,2.62,210.758,8.099
21,07-23-2010,765823.48,0,87,2.61,210.892,8.099
21,07-30-2010,715876.27,0,84,2.64,211.026,8.099
21,08-06-2010,739279.19,0,90,2.63,211.161,8.099
21,08-13-2010,793589.18,0,90,2.69,211.295,8.099
21,08-20-2010,848873.28,0,90,2.66,211.26,8.099
21,08-27-2010,855882.57,0,86,2.62,211.224,8.099
21,09-03-2010,727772.8,0,83,2.58,211.189,8.099
21,09-10-2010,674055.81,1,79,2.56,211.153,8.099
21,09-17-2010,684340.86,0,83,2.58,211.181,8.099
21,09-24-2010,671688.06,0,81,2.62,211.255,8.099
21,10-01-2010,677158.39,0,70,2.6,211.33,8.163
21,10-08-2010,680579.49,0,66,2.63,211.404,8.163
21,10-15-2010,693412.05,0,69,2.72,211.471,8.163
21,10-22-2010,710668.45,0,71,2.72,211.519,8.163
21,10-29-2010,731756.65,0,68,2.72,211.566,8.163
21,11-05-2010,719888.76,0,59,2.69,211.614,8.163
21,11-12-2010,735796.38,0,61,2.73,211.661,8.163
21,11-19-2010,756288.89,0,52,2.77,211.547,8.163
21,11-26-2010,1245628.61,1,63,2.74,211.406,8.163
21,12-03-2010,829210.73,0,50,2.71,211.266,8.163
21,12-10-2010,943891.64,0,46,2.84,211.125,8.163
21,12-17-2010,1147556.83,0,49,2.87,211.065,8.163
21,12-24-2010,1587257.78,0,51,2.89,211.065,8.163
21,12-31-2010,672903.23,1,47,2.94,211.065,8.163
21,01-07-2011,629152.06,0,44,2.98,211.065,8.028
21,01-14-2011,650789.13,0,34,2.98,211.118,8.028
21,01-21-2011,663941.73,0,43,3.02,211.486,8.028
21,01-28-2011,649878.29,0,44,3.01,211.855,8.028
21,02-04-2011,596218.24,0,36,2.99,212.224,8.028
21,02-11-2011,771908.51,1,35,3.02,212.593,8.028
21,02-18-2011,884701.92,0,60,3.04,212.903,8.028
21,02-25-2011,768313.85,0,61,3.06,213.19,8.028
21,03-04-2011,796277.72,0,60,3.29,213.478,8.028
21,03-11-2011,763479.9,0,55,3.46,213.765,8.028
21,03-18-2011,793569.0,0,63,3.49,214.016,8.028
21,03-25-2011,753711.32,0,70,3.47,214.252,8.028
21,04-01-2011,732056.37,0,56,3.52,214.489,7.931
21,04-08-2011,744782.89,0,69,3.62,214.725,7.931
21,04-15-2011,768390.05,0,71,3.74,214.942,7.931
21,04-22-2011,801302.01,0,71,3.81,215.11,7.931
21,04-29-2011,783250.75,0,70,3.81,215.277,7.931
21,05-06-2011,718898.33,0,62,3.91,215.445,7.931
21,05-13-2011,754236.7,0,75,3.9,215.612,7.931
21,05-20-2011,744836.56,0,68,3.91,215.383,7.931
21,05-27-2011,744389.81,0,77,3.79,215.154,7.931
21,06-03-2011,773878.58,0,84,3.7,214.925,7.931
21,06-10-2011,794397.89,0,85,3.65,214.696,7.931
21,06-17-2011,823220.43,0,88,3.64,214.651,7.931
21,06-24-2011,771298.98,0,86,3.59,214.744,7.931
21,07-01-2011,784639.12,0,88,3.52,214.837,7.852
21,07-08-2011,734099.4,0,89,3.48,214.93,7.852
21,07-15-2011,728311.15,0,91,3.58,215.013,7.852
21,07-22-2011,784490.67,0,90,3.65,215.075,7.852
21,07-29-2011,751167.12,0,92,3.68,215.136,7.852
21,08-05-2011,783614.89,0,94,3.68,215.198,7.852
21,08-12-2011,776933.37,0,92,3.64,215.259,7.852
21,08-19-2011,855546.5,0,90,3.55,215.323,7.852
21,08-26-2011,821127.53,0,92,3.52,215.387,7.852
21,09-02-2011,705557.8,0,92,3.53,215.451,7.852
21,09-09-2011,653989.65,1,79,3.55,215.515,7.852
21,09-16-2011,653525.84,0,81,3.53,215.694,7.852
21,09-23-2011,681913.29,0,76,3.47,216.028,7.852
21,09-30-2011,651970.48,0,79,3.36,216.362,7.852
21,10-07-2011,663452.46,0,72,3.28,216.696,7.441
21,10-14-2011,671379.44,0,70,3.27,217.005,7.441
21,10-21-2011,729036.06,0,65,3.35,217.165,7.441
21,10-28-2011,738812.0,0,65,3.37,217.325,7.441
21,11-04-2011,767358.37,0,56,3.33,217.485,7.441
21,11-11-2011,757369.87,0,60,3.3,217.646,7.441
21,11-18-2011,737014.09,0,62,3.31,217.867,7.441
21,11-25-2011,1219263.4,1,56,3.24,218.113,7.441
21,12-02-2011,793184.25,0,49,3.17,218.359,7.441
21,12-09-2011,897747.13,0,41,3.16,218.605,7.441
21,12-16-2011,1027584.51,0,51,3.16,218.822,7.441
21,12-23-2011,1384552.17,0,47,3.11,219.0,7.441
21,12-30-2011,804362.36,1,45,3.13,219.177,7.441
21,01-06-2012,640181.86,0,48,3.16,219.355,7.057
21,01-13-2012,631181.25,0,45,3.26,219.533,7.057
21,01-20-2012,651178.2,0,52,3.27,219.626,7.057
21,01-27-2012,611258.71,0,51,3.29,219.719,7.057
21,02-03-2012,680725.43,0,56,3.36,219.812,7.057
21,02-10-2012,770652.79,1,47,3.41,219.905,7.057
21,02-17-2012,834663.52,0,45,3.51,220.065,7.057
21,02-24-2012,747099.07,0,55,3.56,220.276,7.057
21,03-02-2012,764385.4,0,59,3.63,220.487,7.057
21,03-09-2012,755084.4,0,57,3.67,220.697,7.057
21,03-16-2012,767338.32,0,63,3.73,220.85,7.057
21,03-23-2012,729759.97,0,63,3.79,220.924,7.057
21,03-30-2012,724798.76,0,68,3.84,220.999,7.057
21,04-06-2012,761956.58,0,69,3.89,221.074,6.891
21,04-13-2012,769319.04,0,69,3.89,221.148,6.891
21,04-20-2012,734858.91,0,67,3.88,221.202,6.891
21,04-27-2012,674829.58,0,69,3.81,221.256,6.891
21,05-04-2012,697645.32,0,78,3.75,221.31,6.891
21,05-11-2012,649945.54,0,74,3.69,221.363,6.891
21,05-18-2012,700554.16,0,72,3.63,221.38,6.891
21,05-25-2012,722891.24,0,79,3.56,221.383,6.891
21,06-01-2012,695439.83,0,79,3.5,221.385,6.891
21,06-08-2012,707895.72,0,79,3.45,221.388,6.891
21,06-15-2012,727049.04,0,82,3.39,221.401,6.891
21,06-22-2012,735870.0,0,82,3.35,221.441,6.891
21,06-29-2012,716341.39,0,88,3.29,221.481,6.891
21,07-06-2012,693013.59,0,85,3.23,221.522,6.565
21,07-13-2012,668132.36,0,83,3.26,221.562,6.565
21,07-20-2012,691200.33,0,84,3.31,221.57,6.565
21,07-27-2012,677789.14,0,88,3.41,221.579,6.565
21,08-03-2012,693785.85,0,92,3.42,221.587,6.565
21,08-10-2012,700272.01,0,90,3.49,221.595,6.565
21,08-17-2012,751963.81,0,86,3.57,221.675,6.565
21,08-24-2012,802003.61,0,78,3.62,221.808,6.565
21,08-31-2012,763867.59,0,84,3.64,221.942,6.565
21,09-07-2012,642827.29,1,88,3.73,222.075,6.565
21,09-14-2012,628494.63,0,76,3.72,222.217,6.565
21,09-21-2012,667151.46,0,72,3.72,222.417,6.565
21,09-28-2012,647097.65,0,80,3.67,222.616,6.565
21,10-05-2012,651768.91,0,70,3.62,222.816,6.17
21,10-12-2012,653043.44,0,62,3.6,223.015,6.17
21,10-19-2012,641368.14,0,69,3.59,223.06,6.17
21,10-26-2012,675202.87,0,70,3.51,223.078,6.17
22,02-05-2010,1033017.37,0,24,2.79,135.352,8.283
22,02-12-2010,1022571.25,1,28,2.77,135.411,8.283
22,02-19-2010,988467.61,0,32,2.75,135.466,8.283
22,02-26-2010,899761.48,0,36,2.75,135.52,8.283
22,03-05-2010,1009201.24,0,37,2.77,135.573,8.283
22,03-12-2010,967187.37,0,43,2.8,135.627,8.283
22,03-19-2010,966145.09,0,46,2.83,135.668,8.283
22,03-26-2010,1012075.12,0,49,2.83,135.707,8.283
22,04-02-2010,1177340.99,0,45,2.83,135.746,8.348
22,04-09-2010,1033171.07,0,57,2.85,135.786,8.348
22,04-16-2010,1000968.67,0,51,2.88,135.827,8.348
22,04-23-2010,969594.47,0,51,2.9,135.872,8.348
22,04-30-2010,977683.06,0,51,2.94,135.917,8.348
22,05-07-2010,1052973.28,0,64,2.98,135.962,8.348
22,05-14-2010,973585.33,0,51,2.98,136.01,8.348
22,05-21-2010,979977.89,0,60,2.96,136.08,8.348
22,05-28-2010,1103740.4,0,66,2.91,136.149,8.348
22,06-04-2010,1095539.13,0,69,2.86,136.218,8.348
22,06-11-2010,1061196.47,0,65,2.83,136.287,8.348
22,06-18-2010,1052895.25,0,67,2.8,136.324,8.348
22,06-25-2010,1095020.33,0,74,2.81,136.348,8.348
22,07-02-2010,1120259.71,0,73,2.82,136.372,8.433
22,07-09-2010,1092654.26,0,79,2.81,136.396,8.433
22,07-16-2010,988392.99,0,76,2.8,136.418,8.433
22,07-23-2010,974123.2,0,77,2.78,136.437,8.433
22,07-30-2010,970773.64,0,76,2.79,136.455,8.433
22,08-06-2010,1010326.14,0,74,2.79,136.474,8.433
22,08-13-2010,993097.43,0,75,2.81,136.493,8.433
22,08-20-2010,1017045.44,0,73,2.8,136.525,8.433
22,08-27-2010,1081420.96,0,69,2.77,136.557,8.433
22,09-03-2010,1074535.88,0,76,2.74,136.589,8.433
22,09-10-2010,924174.4,1,69,2.72,136.621,8.433
22,09-17-2010,918285.97,0,62,2.72,136.634,8.433
22,09-24-2010,902779.25,0,65,2.72,136.632,8.433
22,10-01-2010,905987.17,0,69,2.72,136.63,8.572
22,10-08-2010,1015051.62,0,56,2.78,136.628,8.572
22,10-15-2010,954401.46,0,55,2.88,136.64,8.572
22,10-22-2010,960998.52,0,50,2.92,136.689,8.572
22,10-29-2010,1025766.27,0,58,2.94,136.738,8.572
22,11-05-2010,1006888.16,0,44,2.94,136.786,8.572
22,11-12-2010,1043698.64,0,44,2.96,136.835,8.572
22,11-19-2010,985896.44,0,49,3.03,136.772,8.572
22,11-26-2010,1564502.26,1,45,3.07,136.69,8.572
22,12-03-2010,1230514.58,0,39,3.06,136.608,8.572
22,12-10-2010,1367202.84,0,28,3.13,136.526,8.572
22,12-17-2010,1527682.99,0,30,3.14,136.529,8.572
22,12-24-2010,1962445.04,0,30,3.15,136.597,8.572
22,12-31-2010,774262.28,1,28,3.18,136.665,8.572
22,01-07-2011,873954.7,0,33,3.19,136.733,8.458
22,01-14-2011,807535.52,0,25,3.22,136.803,8.458
22,01-21-2011,855001.02,0,27,3.23,136.887,8.458
22,01-28-2011,799369.15,0,21,3.24,136.971,8.458
22,02-04-2011,946060.98,0,26,3.24,137.054,8.458
22,02-11-2011,1009206.33,1,29,3.26,137.138,8.458
22,02-18-2011,975964.86,0,35,3.26,137.251,8.458
22,02-25-2011,911245.43,0,30,3.28,137.376,8.458
22,03-04-2011,997353.15,0,34,3.44,137.502,8.458
22,03-11-2011,944587.23,0,41,3.6,137.627,8.458
22,03-18-2011,926427.12,0,43,3.63,137.74,8.458
22,03-25-2011,933528.39,0,39,3.62,137.848,8.458
22,04-01-2011,951588.37,0,36,3.64,137.956,8.252
22,04-08-2011,969046.69,0,44,3.72,138.064,8.252
22,04-15-2011,1008557.04,0,49,3.82,138.165,8.252
22,04-22-2011,1152781.9,0,48,3.92,138.248,8.252
22,04-29-2011,926133.8,0,57,3.99,138.33,8.252
22,05-06-2011,1032076.06,0,54,4.08,138.413,8.252
22,05-13-2011,1001558.74,0,58,4.1,138.496,8.252
22,05-20-2011,970307.83,0,59,4.1,138.587,8.252
22,05-27-2011,1021568.34,0,63,4.03,138.678,8.252
22,06-03-2011,1125169.92,0,70,3.97,138.769,8.252
22,06-10-2011,1060868.49,0,70,3.92,138.861,8.252
22,06-17-2011,1042454.61,0,64,3.87,139.003,8.252
22,06-24-2011,1012584.2,0,69,3.85,139.183,8.252
22,07-01-2011,1077491.68,0,71,3.82,139.364,8.023
22,07-08-2011,1017050.65,0,74,3.78,139.544,8.023
22,07-15-2011,961953.57,0,75,3.83,139.701,8.023
22,07-22-2011,964683.8,0,78,3.88,139.797,8.023
22,07-29-2011,944958.69,0,75,3.9,139.893,8.023
22,08-05-2011,983232.96,0,75,3.9,139.99,8.023
22,08-12-2011,991779.2,0,75,3.88,140.086,8.023
22,08-19-2011,973004.91,0,71,3.82,140.129,8.023
22,08-26-2011,1181815.31,0,72,3.8,140.163,8.023
22,09-02-2011,912762.76,0,69,3.78,140.197,8.023
22,09-09-2011,1004434.54,1,69,3.81,140.231,8.023
22,09-16-2011,937420.65,0,68,3.81,140.274,8.023
22,09-23-2011,899834.75,0,62,3.76,140.327,8.023
22,09-30-2011,953314.16,0,70,3.68,140.381,8.023
22,10-07-2011,993436.67,0,56,3.63,140.435,7.706
22,10-14-2011,944337.32,0,63,3.58,140.478,7.706
22,10-21-2011,981567.22,0,59,3.62,140.462,7.706
22,10-28-2011,1099351.68,0,49,3.6,140.445,7.706
22,11-04-2011,1106575.59,0,43,3.59,140.428,7.706
22,11-11-2011,1051740.29,0,48,3.57,140.411,7.706
22,11-18-2011,1007579.44,0,51,3.57,140.413,7.706
22,11-25-2011,1535857.49,1,46,3.54,140.422,7.706
22,12-02-2011,1167621.14,0,49,3.5,140.431,7.706
22,12-09-2011,1308967.44,0,45,3.47,140.44,7.706
22,12-16-2011,1453153.33,0,39,3.44,140.47,7.706
22,12-23-2011,1863195.68,0,40,3.41,140.529,7.706
22,12-30-2011,982661.14,1,36,3.4,140.587,7.706
22,01-06-2012,895358.2,0,35,3.44,140.646,7.503
22,01-13-2012,855437.57,0,39,3.52,140.705,7.503
22,01-20-2012,897027.44,0,29,3.54,140.809,7.503
22,01-27-2012,786459.23,0,36,3.57,140.912,7.503
22,02-03-2012,958487.75,0,41,3.63,141.016,7.503
22,02-10-2012,1034448.07,1,36,3.66,141.12,7.503
22,02-17-2012,1004749.41,0,36,3.7,141.214,7.503
22,02-24-2012,912958.95,0,39,3.75,141.301,7.503
22,03-02-2012,974866.65,0,37,3.83,141.388,7.503
22,03-09-2012,991127.01,0,42,3.88,141.474,7.503
22,03-16-2012,966780.01,0,46,3.87,141.555,7.503
22,03-23-2012,992774.4,0,55,3.89,141.627,7.503
22,03-30-2012,965769.93,0,46,3.92,141.699,7.503
22,04-06-2012,1197489.66,0,46,3.96,141.771,7.671
22,04-13-2012,939118.24,0,50,4.03,141.843,7.671
22,04-20-2012,1000342.87,0,59,4.05,141.902,7.671
22,04-27-2012,922539.94,0,51,4.02,141.96,7.671
22,05-04-2012,1005083.31,0,51,3.99,142.018,7.671
22,05-11-2012,997868.63,0,57,3.95,142.076,7.671
22,05-18-2012,986612.02,0,62,3.9,142.097,7.671
22,05-25-2012,1047297.38,0,62,3.85,142.103,7.671
22,06-01-2012,1102857.37,0,70,3.8,142.11,7.671
22,06-08-2012,1061134.37,0,62,3.75,142.116,7.671
22,06-15-2012,1061219.19,0,67,3.68,142.129,7.671
22,06-22-2012,1112449.3,0,71,3.63,142.161,7.671
22,06-29-2012,1053881.78,0,71,3.58,142.192,7.671
22,07-06-2012,1097786.14,0,77,3.54,142.223,7.753
22,07-13-2012,971361.38,0,76,3.56,142.255,7.753
22,07-20-2012,991969.37,0,77,3.61,142.234,7.753
22,07-27-2012,925731.21,0,74,3.7,142.213,7.753
22,08-03-2012,1007257.83,0,73,3.7,142.192,7.753
22,08-10-2012,973812.79,0,77,3.77,142.171,7.753
22,08-17-2012,981273.26,0,75,3.84,142.216,7.753
22,08-24-2012,1060906.75,0,70,3.87,142.311,7.753
22,08-31-2012,1022270.86,0,72,3.88,142.405,7.753
22,09-07-2012,996628.8,1,73,3.92,142.5,7.753
22,09-14-2012,918049.28,0,66,3.99,142.594,7.753
22,09-21-2012,921612.53,0,63,4.06,142.68,7.753
22,09-28-2012,976479.51,0,62,4.02,142.766,7.753
22,10-05-2012,1009887.36,0,62,4.03,142.852,7.543
22,10-12-2012,1004039.84,0,54,4.03,142.938,7.543
22,10-19-2012,978027.95,0,55,4.0,142.863,7.543
22,10-26-2012,1094422.69,0,58,3.92,142.762,7.543
23,02-05-2010,1364721.58,0,15,2.79,131.528,5.892
23,02-12-2010,1380892.08,1,19,2.77,131.587,5.892
23,02-19-2010,1319588.04,0,27,2.75,131.637,5.892
23,02-26-2010,1198709.65,0,33,2.75,131.686,5.892
23,03-05-2010,1311175.93,0,33,2.77,131.735,5.892
23,03-12-2010,1408082.96,0,36,2.8,131.784,5.892
23,03-19-2010,1229008.32,0,43,2.83,131.824,5.892
23,03-26-2010,1310701.8,0,39,2.83,131.863,5.892
23,04-02-2010,1556627.62,0,40,2.83,131.902,5.435
23,04-09-2010,1264434.7,0,57,2.85,131.941,5.435
23,04-16-2010,1288823.72,0,44,2.88,131.981,5.435
23,04-23-2010,1315023.08,0,46,2.9,132.023,5.435
23,04-30-2010,1259414.52,0,45,2.94,132.064,5.435
23,05-07-2010,1365552.28,0,61,2.98,132.106,5.435
23,05-14-2010,1303055.09,0,45,2.98,132.152,5.435
23,05-21-2010,1327424.28,0,58,2.96,132.223,5.435
23,05-28-2010,1571158.56,0,69,2.91,132.294,5.435
23,06-04-2010,1514435.51,0,65,2.86,132.365,5.435
23,06-11-2010,1439432.06,0,58,2.83,132.436,5.435
23,06-18-2010,1507708.93,0,60,2.8,132.473,5.435
23,06-25-2010,1415204.88,0,70,2.81,132.498,5.435
23,07-02-2010,1549113.18,0,65,2.82,132.522,5.326
23,07-09-2010,1417535.78,0,77,2.81,132.546,5.326
23,07-16-2010,1413124.11,0,74,2.8,132.567,5.326
23,07-23-2010,1333634.45,0,70,2.78,132.583,5.326
23,07-30-2010,1319773.55,0,70,2.79,132.598,5.326
23,08-06-2010,1417013.07,0,70,2.79,132.614,5.326
23,08-13-2010,1346345.97,0,67,2.81,132.63,5.326
23,08-20-2010,1439901.05,0,69,2.8,132.662,5.326
23,08-27-2010,1584623.36,0,63,2.77,132.693,5.326
23,09-03-2010,1405119.23,0,73,2.74,132.725,5.326
23,09-10-2010,1272842.85,1,63,2.72,132.756,5.326
23,09-17-2010,1159132.58,0,55,2.72,132.767,5.326
23,09-24-2010,1099055.65,0,58,2.72,132.762,5.326
23,10-01-2010,1129909.44,0,62,2.72,132.757,5.287
23,10-08-2010,1179851.68,0,51,2.78,132.752,5.287
23,10-15-2010,1119809.71,0,46,2.88,132.763,5.287
23,10-22-2010,1147503.92,0,43,2.92,132.817,5.287
23,10-29-2010,1112871.23,0,49,2.94,132.871,5.287
23,11-05-2010,1203119.96,0,37,2.94,132.925,5.287
23,11-12-2010,1387953.75,0,36,2.96,132.978,5.287
23,11-19-2010,1314994.32,0,42,3.03,132.917,5.287
23,11-26-2010,2072685.05,1,35,3.07,132.837,5.287
23,12-03-2010,1617025.41,0,34,3.06,132.757,5.287
23,12-10-2010,1872365.99,0,20,3.13,132.676,5.287
23,12-17-2010,2238573.48,0,23,3.14,132.68,5.287
23,12-24-2010,2734277.1,0,23,3.15,132.748,5.287
23,12-31-2010,1169773.85,1,19,3.18,132.815,5.287
23,01-07-2011,1122034.48,0,28,3.19,132.882,5.114
23,01-14-2011,1016756.1,0,18,3.22,132.951,5.114
23,01-21-2011,1110706.06,0,16,3.23,133.029,5.114
23,01-28-2011,1083657.61,0,11,3.24,133.106,5.114
23,02-04-2011,1159438.53,0,14,3.24,133.183,5.114
23,02-11-2011,1249786.4,1,22,3.26,133.261,5.114
23,02-18-2011,1369971.57,0,27,3.26,133.37,5.114
23,02-25-2011,1206917.2,0,17,3.28,133.492,5.114
23,03-04-2011,1301185.28,0,21,3.44,133.614,5.114
23,03-11-2011,1042043.55,0,29,3.6,133.736,5.114
23,03-18-2011,1203682.62,0,37,3.63,133.849,5.114
23,03-25-2011,1148624.83,0,29,3.62,133.959,5.114
23,04-01-2011,1182694.95,0,29,3.64,134.068,4.781
23,04-08-2011,1248901.98,0,37,3.72,134.178,4.781
23,04-15-2011,1263680.51,0,46,3.82,134.278,4.781
23,04-22-2011,1447301.24,0,40,3.92,134.357,4.781
23,04-29-2011,1173307.4,0,54,3.99,134.436,4.781
23,05-06-2011,1359921.13,0,50,4.08,134.514,4.781
23,05-13-2011,1254914.87,0,55,4.1,134.593,4.781
23,05-20-2011,1337617.55,0,57,4.1,134.68,4.781
23,05-27-2011,1361945.18,0,63,4.03,134.768,4.781
23,06-03-2011,1562161.97,0,67,3.97,134.855,4.781
23,06-10-2011,1447028.06,0,65,3.92,134.943,4.781
23,06-17-2011,1470520.83,0,61,3.87,135.084,4.781
23,06-24-2011,1434036.18,0,64,3.85,135.265,4.781
23,07-01-2011,1492507.44,0,66,3.82,135.447,4.584
23,07-08-2011,1379488.05,0,70,3.78,135.628,4.584
23,07-15-2011,1360520.56,0,70,3.83,135.784,4.584
23,07-22-2011,1362144.0,0,77,3.88,135.874,4.584
23,07-29-2011,1319767.55,0,70,3.9,135.964,4.584
23,08-05-2011,1416344.68,0,70,3.9,136.054,4.584
23,08-12-2011,1380952.05,0,70,3.88,136.144,4.584
23,08-19-2011,1453416.53,0,67,3.82,136.183,4.584
23,08-26-2011,1637266.29,0,67,3.8,136.214,4.584
23,09-02-2011,1464295.69,0,65,3.78,136.244,4.584
23,09-09-2011,1423289.9,1,66,3.81,136.275,4.584
23,09-16-2011,1253329.17,0,61,3.81,136.314,4.584
23,09-23-2011,1289082.81,0,57,3.76,136.367,4.584
23,09-30-2011,1275597.85,0,65,3.68,136.42,4.584
23,10-07-2011,1463501.99,0,49,3.63,136.472,4.42
23,10-14-2011,1257778.34,0,57,3.58,136.515,4.42
23,10-21-2011,1441032.59,0,52,3.62,136.502,4.42
23,10-28-2011,1407191.96,0,43,3.6,136.488,4.42
23,11-04-2011,1428436.33,0,39,3.59,136.475,4.42
23,11-11-2011,1436940.78,0,44,3.57,136.462,4.42
23,11-18-2011,1345631.96,0,45,3.57,136.467,4.42
23,11-25-2011,2057059.53,1,35,3.54,136.479,4.42
23,12-02-2011,1552886.59,0,44,3.5,136.491,4.42
23,12-09-2011,1841173.6,0,36,3.47,136.503,4.42
23,12-16-2011,2173621.2,0,33,3.44,136.534,4.42
23,12-23-2011,2587953.32,0,28,3.41,136.588,4.42
23,12-30-2011,1213486.95,1,22,3.4,136.643,4.42
23,01-06-2012,1150662.55,0,24,3.44,136.698,4.261
23,01-13-2012,1031451.35,0,28,3.52,136.753,4.261
23,01-20-2012,1146992.13,0,15,3.54,136.856,4.261
23,01-27-2012,1037476.38,0,26,3.57,136.96,4.261
23,02-03-2012,1261872.67,0,30,3.63,137.063,4.261
23,02-10-2012,1358444.07,1,27,3.66,137.167,4.261
23,02-17-2012,1365546.69,0,27,3.7,137.258,4.261
23,02-24-2012,1272948.27,0,31,3.75,137.341,4.261
23,03-02-2012,1322852.2,0,26,3.83,137.424,4.261
23,03-09-2012,1292724.9,0,33,3.88,137.507,4.261
23,03-16-2012,1258364.31,0,41,3.87,137.584,4.261
23,03-23-2012,1288154.1,0,58,3.89,137.655,4.261
23,03-30-2012,1261964.96,0,37,3.92,137.726,4.261
23,04-06-2012,1604605.69,0,37,3.96,137.797,4.125
23,04-13-2012,1231752.54,0,42,4.03,137.868,4.125
23,04-20-2012,1287899.41,0,57,4.05,137.923,4.125
23,04-27-2012,1277758.76,0,45,4.02,137.978,4.125
23,05-04-2012,1317379.68,0,46,3.99,138.033,4.125
23,05-11-2012,1321914.34,0,53,3.95,138.088,4.125
23,05-18-2012,1332952.47,0,58,3.9,138.107,4.125
23,05-25-2012,1552934.64,0,66,3.85,138.11,4.125
23,06-01-2012,1476144.34,0,66,3.8,138.114,4.125
23,06-08-2012,1568048.54,0,57,3.75,138.117,4.125
23,06-15-2012,1543667.68,0,65,3.68,138.13,4.125
23,06-22-2012,1522042.57,0,72,3.63,138.163,4.125
23,06-29-2012,1451782.16,0,64,3.58,138.196,4.125
23,07-06-2012,1545370.16,0,71,3.54,138.23,4.156
23,07-13-2012,1384921.63,0,69,3.56,138.263,4.156
23,07-20-2012,1381339.23,0,71,3.61,138.233,4.156
23,07-27-2012,1322932.36,0,69,3.7,138.203,4.156
23,08-03-2012,1416926.31,0,72,3.7,138.174,4.156
23,08-10-2012,1436311.76,0,71,3.77,138.144,4.156
23,08-17-2012,1510131.45,0,70,3.84,138.186,4.156
23,08-24-2012,1702220.96,0,65,3.87,138.281,4.156
23,08-31-2012,1577468.78,0,68,3.88,138.377,4.156
23,09-07-2012,1427162.26,1,67,3.92,138.473,4.156
23,09-14-2012,1279041.64,0,61,3.99,138.567,4.156
23,09-21-2012,1338627.55,0,57,4.06,138.653,4.156
23,09-28-2012,1319035.06,0,54,4.02,138.74,4.156
23,10-05-2012,1464616.59,0,57,4.03,138.826,4.145
23,10-12-2012,1412925.25,0,48,4.03,138.912,4.145
23,10-19-2012,1363155.77,0,48,4.0,138.834,4.145
23,10-26-2012,1347454.59,0,51,3.92,138.728,4.145
24,02-05-2010,1388725.63,0,22,2.95,131.528,8.326
24,02-12-2010,1414107.1,1,26,2.94,131.587,8.326
24,02-19-2010,1385362.49,0,31,2.91,131.637,8.326
24,02-26-2010,1158722.74,0,34,2.91,131.686,8.326
24,03-05-2010,1412387.37,0,37,2.92,131.735,8.326
24,03-12-2010,1309340.16,0,42,2.94,131.784,8.326
24,03-19-2010,1222511.29,0,46,2.96,131.824,8.326
24,03-26-2010,1258311.56,0,49,2.96,131.863,8.326
24,04-02-2010,1478321.26,0,45,2.96,131.902,8.211
24,04-09-2010,1379579.63,0,62,2.99,131.941,8.211
24,04-16-2010,1268266.72,0,51,3.01,131.981,8.211
24,04-23-2010,1264117.01,0,51,3.02,132.023,8.211
24,04-30-2010,1259877.19,0,51,3.04,132.064,8.211
24,05-07-2010,1409705.03,0,67,3.1,132.106,8.211
24,05-14-2010,1346783.35,0,51,3.11,132.152,8.211
24,05-21-2010,1283482.85,0,60,3.1,132.223,8.211
24,05-28-2010,1473868.15,0,70,3.05,132.294,8.211
24,06-04-2010,1566668.91,0,72,3.01,132.365,8.211
24,06-11-2010,1375458.21,0,65,2.97,132.436,8.211
24,06-18-2010,1354168.18,0,67,2.94,132.473,8.211
24,06-25-2010,1399073.75,0,75,2.96,132.498,8.211
24,07-02-2010,1563387.94,0,71,2.96,132.522,8.117
24,07-09-2010,1665502.55,0,79,2.94,132.546,8.117
24,07-16-2010,1418697.05,0,77,2.93,132.567,8.117
24,07-23-2010,1333740.35,0,75,2.92,132.583,8.117
24,07-30-2010,1387517.63,0,76,2.93,132.598,8.117
24,08-06-2010,1442819.28,0,75,2.94,132.614,8.117
24,08-13-2010,1384243.75,0,74,2.92,132.63,8.117
24,08-20-2010,1375307.54,0,72,2.91,132.662,8.117
24,08-27-2010,1350059.35,0,67,2.88,132.693,8.117
24,09-03-2010,1366381.6,0,74,2.86,132.725,8.117
24,09-10-2010,1474498.59,1,67,2.84,132.756,8.117
24,09-17-2010,1273295.46,0,60,2.85,132.767,8.117
24,09-24-2010,1169413.27,0,64,2.84,132.762,8.117
24,10-01-2010,1215273.2,0,67,2.84,132.757,8.275
24,10-08-2010,1361944.94,0,55,2.9,132.752,8.275
24,10-15-2010,1300806.74,0,53,3.0,132.763,8.275
24,10-22-2010,1234875.33,0,49,3.05,132.817,8.275
24,10-29-2010,1244925.94,0,57,3.06,132.871,8.275
24,11-05-2010,1285358.01,0,42,3.05,132.925,8.275
24,11-12-2010,1312877.01,0,42,3.06,132.978,8.275
24,11-19-2010,1277150.6,0,46,3.14,132.917,8.275
24,11-26-2010,1779276.51,1,42,3.19,132.837,8.275
24,12-03-2010,1413302.7,0,37,3.2,132.757,8.275
24,12-10-2010,1593012.75,0,27,3.26,132.676,8.275
24,12-17-2010,1663525.77,0,28,3.3,132.68,8.275
24,12-24-2010,2386015.75,0,28,3.31,132.748,8.275
24,12-31-2010,1208600.05,1,26,3.34,132.815,8.275
24,01-07-2011,1178641.71,0,31,3.35,132.882,8.252
24,01-14-2011,1167740.2,0,22,3.37,132.951,8.252
24,01-21-2011,1107170.39,0,24,3.39,133.029,8.252
24,01-28-2011,1126921.34,0,18,3.4,133.106,8.252
24,02-04-2011,1225182.04,0,24,3.4,133.183,8.252
24,02-11-2011,1341240.62,1,27,3.42,133.261,8.252
24,02-18-2011,1360150.12,0,34,3.42,133.37,8.252
24,02-25-2011,1235121.33,0,26,3.45,133.492,8.252
24,03-04-2011,1346994.53,0,31,3.6,133.614,8.252
24,03-11-2011,1253218.7,0,40,3.75,133.736,8.252
24,03-18-2011,1168397.26,0,43,3.8,133.849,8.252
24,03-25-2011,1158693.12,0,37,3.79,133.959,8.252
24,04-01-2011,1163803.3,0,36,3.81,134.068,8.212
24,04-08-2011,1273670.32,0,45,3.9,134.178,8.212
24,04-15-2011,1245576.65,0,52,3.98,134.278,8.212
24,04-22-2011,1372484.9,0,46,4.06,134.357,8.212
24,04-29-2011,1197761.17,0,60,4.12,134.436,8.212
24,05-06-2011,1339630.35,0,56,4.19,134.514,8.212
24,05-13-2011,1311950.16,0,58,4.21,134.593,8.212
24,05-20-2011,1234281.7,0,60,4.2,134.68,8.212
24,05-27-2011,1311153.72,0,66,4.13,134.768,8.212
24,06-03-2011,1554837.62,0,73,4.07,134.855,8.212
24,06-10-2011,1373841.91,0,70,4.03,134.943,8.212
24,06-17-2011,1320359.23,0,64,3.99,135.084,8.212
24,06-24-2011,1304850.67,0,69,3.96,135.265,8.212
24,07-01-2011,1445596.61,0,70,3.92,135.447,8.358
24,07-08-2011,1567340.07,0,73,3.89,135.628,8.358
24,07-15-2011,1356938.95,0,74,3.92,135.784,8.358
24,07-22-2011,1357672.24,0,79,3.97,135.874,8.358
24,07-29-2011,1310973.06,0,75,4.0,135.964,8.358
24,08-05-2011,1417616.81,0,75,4.02,136.054,8.358
24,08-12-2011,1402818.01,0,73,4.0,136.144,8.358
24,08-19-2011,1352039.88,0,70,3.94,136.183,8.358
24,08-26-2011,1402372.09,0,70,3.91,136.214,8.358
24,09-02-2011,1196105.44,0,68,3.88,136.244,8.358
24,09-09-2011,1527455.19,1,68,3.93,136.275,8.358
24,09-16-2011,1227535.97,0,66,3.94,136.314,8.358
24,09-23-2011,1232376.49,0,61,3.9,136.367,8.358
24,09-30-2011,1246242.61,0,68,3.86,136.42,8.358
24,10-07-2011,1405914.39,0,54,3.78,136.472,8.454
24,10-14-2011,1333315.03,0,60,3.74,136.515,8.454
24,10-21-2011,1283563.43,0,57,3.76,136.502,8.454
24,10-28-2011,1307142.75,0,48,3.76,136.488,8.454
24,11-04-2011,1385860.38,0,40,3.74,136.475,8.454
24,11-11-2011,1425078.59,0,47,3.72,136.462,8.454
24,11-18-2011,1297535.69,0,48,3.72,136.467,8.454
24,11-25-2011,1761235.67,1,42,3.69,136.479,8.454
24,12-02-2011,1335647.1,0,47,3.67,136.491,8.454
24,12-09-2011,1529615.54,0,42,3.63,136.503,8.454
24,12-16-2011,1624994.43,0,36,3.61,136.534,8.454
24,12-23-2011,2168344.23,0,37,3.59,136.588,8.454
24,12-30-2011,1363973.16,1,33,3.57,136.643,8.454
24,01-06-2012,1251581.89,0,33,3.58,136.698,8.659
24,01-13-2012,1155594.2,0,36,3.67,136.753,8.659
24,01-20-2012,1151993.85,0,26,3.7,136.856,8.659
24,01-27-2012,1057290.41,0,32,3.74,136.96,8.659
24,02-03-2012,1249696.97,0,39,3.8,137.063,8.659
24,02-10-2012,1403460.87,1,34,3.83,137.167,8.659
24,02-17-2012,1326370.08,0,34,3.87,137.258,8.659
24,02-24-2012,1303233.15,0,37,3.92,137.341,8.659
24,03-02-2012,1213994.39,0,35,3.98,137.424,8.659
24,03-09-2012,1325835.7,0,42,4.02,137.507,8.659
24,03-16-2012,1239299.12,0,49,4.02,137.584,8.659
24,03-23-2012,1221723.94,0,60,4.05,137.655,8.659
24,03-30-2012,1230106.13,0,47,4.1,137.726,8.659
24,04-06-2012,1524734.29,0,45,4.14,137.797,8.983
24,04-13-2012,1285783.87,0,49,4.19,137.868,8.983
24,04-20-2012,1208654.4,0,61,4.17,137.923,8.983
24,04-27-2012,1194334.65,0,49,4.16,137.978,8.983
24,05-04-2012,1306551.71,0,52,4.12,138.033,8.983
24,05-11-2012,1355391.79,0,59,4.06,138.088,8.983
24,05-18-2012,1298809.8,0,63,4.03,138.107,8.983
24,05-25-2012,1407897.57,0,66,3.98,138.11,8.983
24,06-01-2012,1467722.19,0,72,3.92,138.114,8.983
24,06-08-2012,1406313.13,0,60,3.87,138.117,8.983
24,06-15-2012,1364445.98,0,68,3.79,138.13,8.983
24,06-22-2012,1434709.63,0,72,3.72,138.163,8.983
24,06-29-2012,1428869.9,0,70,3.67,138.196,8.983
24,07-06-2012,1645097.75,0,77,3.65,138.23,8.953
24,07-13-2012,1405475.78,0,75,3.69,138.263,8.953
24,07-20-2012,1394299.0,0,76,3.73,138.233,8.953
24,07-27-2012,1307339.14,0,74,3.82,138.203,8.953
24,08-03-2012,1440374.13,0,73,3.82,138.174,8.953
24,08-10-2012,1497054.81,0,76,3.86,138.144,8.953
24,08-17-2012,1397970.54,0,73,3.96,138.186,8.953
24,08-24-2012,1303726.54,0,68,4.0,138.281,8.953
24,08-31-2012,1344558.92,0,71,4.03,138.377,8.953
24,09-07-2012,1477134.75,1,73,4.08,138.473,8.953
24,09-14-2012,1242909.53,0,64,4.09,138.567,8.953
24,09-21-2012,1261158.47,0,61,4.2,138.653,8.953
24,09-28-2012,1259278.36,0,59,4.16,138.74,8.953
24,10-05-2012,1416720.54,0,60,4.15,138.826,8.693
24,10-12-2012,1416301.17,0,52,4.19,138.912,8.693
24,10-19-2012,1255414.84,0,53,4.15,138.834,8.693
24,10-26-2012,1307182.29,0,55,4.07,138.728,8.693
25,02-05-2010,677231.63,0,21,2.78,204.247,8.187
25,02-12-2010,583364.02,1,20,2.77,204.386,8.187
25,02-19-2010,676260.67,0,24,2.74,204.432,8.187
25,02-26-2010,628516.57,0,29,2.75,204.463,8.187
25,03-05-2010,665750.06,0,29,2.78,204.494,8.187
25,03-12-2010,660619.99,0,40,2.82,204.525,8.187
25,03-19-2010,659795.84,0,45,2.84,204.378,8.187
25,03-26-2010,696687.6,0,46,2.85,204.202,8.187
25,04-02-2010,822486.37,0,47,2.85,204.025,7.856
25,04-09-2010,712647.97,0,61,2.87,203.849,7.856
25,04-16-2010,715311.6,0,52,2.9,203.731,7.856
25,04-23-2010,694531.72,0,46,2.9,203.691,7.856
25,04-30-2010,706924.02,0,51,2.92,203.65,7.856
25,05-07-2010,724468.97,0,64,2.97,203.61,7.856
25,05-14-2010,698073.95,0,50,2.98,203.613,7.856
25,05-21-2010,704113.22,0,57,2.96,203.877,7.856
25,05-28-2010,792442.54,0,69,2.9,204.141,7.856
25,06-04-2010,764155.44,0,69,2.85,204.404,7.856
25,06-11-2010,737163.2,0,64,2.81,204.668,7.856
25,06-18-2010,780444.94,0,70,2.78,204.67,7.856
25,06-25-2010,737569.14,0,72,2.81,204.568,7.856
25,07-02-2010,759407.87,0,66,2.82,204.465,7.527
25,07-09-2010,719591.13,0,75,2.79,204.363,7.527
25,07-16-2010,726997.84,0,73,2.78,204.357,7.527
25,07-23-2010,665290.93,0,75,2.77,204.481,7.527
25,07-30-2010,682124.34,0,72,2.78,204.605,7.527
25,08-06-2010,699464.43,0,72,2.78,204.729,7.527
25,08-13-2010,686072.39,0,73,2.8,204.853,7.527
25,08-20-2010,724499.81,0,72,2.78,204.822,7.527
25,08-27-2010,711461.95,0,67,2.76,204.79,7.527
25,09-03-2010,685700.08,0,71,2.72,204.758,7.527
25,09-10-2010,655811.95,1,61,2.7,204.727,7.527
25,09-17-2010,628989.88,0,60,2.71,204.751,7.527
25,09-24-2010,607819.33,0,65,2.71,204.818,7.527
25,10-01-2010,658640.14,0,58,2.71,204.885,7.484
25,10-08-2010,674283.86,0,48,2.76,204.952,7.484
25,10-15-2010,616094.72,0,54,2.87,205.014,7.484
25,10-22-2010,661644.19,0,47,2.92,205.063,7.484
25,10-29-2010,674458.03,0,56,2.92,205.112,7.484
25,11-05-2010,696314.53,0,39,2.92,205.161,7.484
25,11-12-2010,713250.08,0,41,2.93,205.21,7.484
25,11-19-2010,718056.73,0,43,3.0,205.099,7.484
25,11-26-2010,1115240.61,1,43,3.04,204.962,7.484
25,12-03-2010,885572.96,0,32,3.05,204.825,7.484
25,12-10-2010,964729.18,0,23,3.11,204.688,7.484
25,12-17-2010,1047707.59,0,22,3.14,204.632,7.484
25,12-24-2010,1295391.19,0,23,3.14,204.638,7.484
25,12-31-2010,623092.54,1,26,3.18,204.643,7.484
25,01-07-2011,558794.63,0,29,3.19,204.649,7.343
25,01-14-2011,572360.83,0,18,3.2,204.703,7.343
25,01-21-2011,568093.57,0,23,3.23,205.046,7.343
25,01-28-2011,600448.69,0,19,3.24,205.389,7.343
25,02-04-2011,639830.45,0,24,3.23,205.733,7.343
25,02-11-2011,615666.78,1,21,3.24,206.076,7.343
25,02-18-2011,634637.03,0,38,3.24,206.369,7.343
25,02-25-2011,570816.34,0,28,3.27,206.642,7.343
25,03-04-2011,640912.18,0,32,3.43,206.915,7.343
25,03-11-2011,599828.39,0,37,3.58,207.188,7.343
25,03-18-2011,603393.64,0,41,3.63,207.428,7.343
25,03-25-2011,616324.24,0,39,3.62,207.655,7.343
25,04-01-2011,618377.79,0,28,3.64,207.882,7.287
25,04-08-2011,648606.13,0,42,3.72,208.109,7.287
25,04-15-2011,674562.45,0,51,3.82,208.317,7.287
25,04-22-2011,756588.42,0,46,3.89,208.478,7.287
25,04-29-2011,649245.0,0,58,3.96,208.639,7.287
25,05-06-2011,659446.55,0,50,4.05,208.799,7.287
25,05-13-2011,684783.15,0,60,4.07,208.96,7.287
25,05-20-2011,677971.33,0,57,4.06,208.758,7.287
25,05-27-2011,718373.94,0,67,3.98,208.557,7.287
25,06-03-2011,737551.74,0,71,3.92,208.355,7.287
25,06-10-2011,740259.63,0,71,3.88,208.154,7.287
25,06-17-2011,717373.43,0,64,3.84,208.127,7.287
25,06-24-2011,699270.1,0,71,3.8,208.231,7.287
25,07-01-2011,706206.86,0,67,3.75,208.335,7.274
25,07-08-2011,698529.64,0,72,3.71,208.439,7.274
25,07-15-2011,680510.23,0,73,3.76,208.531,7.274
25,07-22-2011,670854.96,0,78,3.81,208.594,7.274
25,07-29-2011,668390.82,0,75,3.83,208.656,7.274
25,08-05-2011,679706.01,0,74,3.84,208.719,7.274
25,08-12-2011,667130.48,0,71,3.81,208.782,7.274
25,08-19-2011,688958.75,0,68,3.75,208.842,7.274
25,08-26-2011,726422.55,0,67,3.7,208.902,7.274
25,09-02-2011,699779.0,0,67,3.7,208.963,7.274
25,09-09-2011,673248.48,1,68,3.74,209.023,7.274
25,09-16-2011,628720.46,0,62,3.74,209.189,7.274
25,09-23-2011,620885.93,0,60,3.71,209.499,7.274
25,09-30-2011,639160.24,0,61,3.64,209.808,7.274
25,10-07-2011,671522.87,0,51,3.58,210.117,7.082
25,10-14-2011,646915.47,0,59,3.54,210.403,7.082
25,10-21-2011,690675.5,0,50,3.57,210.547,7.082
25,10-28-2011,724443.97,0,46,3.57,210.692,7.082
25,11-04-2011,718393.61,0,41,3.55,210.836,7.082
25,11-11-2011,719235.07,0,45,3.53,210.981,7.082
25,11-18-2011,728525.6,0,46,3.53,211.185,7.082
25,11-25-2011,1116211.39,1,43,3.49,211.412,7.082
25,12-02-2011,878314.57,0,43,3.45,211.639,7.082
25,12-09-2011,916446.02,0,39,3.42,211.867,7.082
25,12-16-2011,997502.47,0,33,3.41,212.069,7.082
25,12-23-2011,1290532.97,0,37,3.39,212.236,7.082
25,12-30-2011,683665.37,1,32,3.39,212.404,7.082
25,01-06-2012,636419.12,0,30,3.42,212.571,6.961
25,01-13-2012,614764.31,0,35,3.51,212.739,6.961
25,01-20-2012,594744.89,0,24,3.53,212.834,6.961
25,01-27-2012,589554.29,0,32,3.57,212.929,6.961
25,02-03-2012,642776.4,0,35,3.62,213.024,6.961
25,02-10-2012,658984.38,1,32,3.64,213.119,6.961
25,02-17-2012,654088.02,0,32,3.7,213.273,6.961
25,02-24-2012,613501.05,0,36,3.74,213.473,6.961
25,03-02-2012,643155.89,0,36,3.82,213.672,6.961
25,03-09-2012,643711.53,0,37,3.85,213.871,6.961
25,03-16-2012,638204.27,0,51,3.86,214.017,6.961
25,03-23-2012,672831.78,0,63,3.9,214.091,6.961
25,03-30-2012,684348.92,0,48,3.95,214.165,6.961
25,04-06-2012,791356.9,0,45,4.0,214.239,7.139
25,04-13-2012,658691.56,0,42,4.04,214.313,7.139
25,04-20-2012,661566.48,0,57,4.03,214.368,7.139
25,04-27-2012,655157.32,0,44,4.0,214.422,7.139
25,05-04-2012,696421.72,0,59,3.95,214.477,7.139
25,05-11-2012,739866.16,0,59,3.89,214.532,7.139
25,05-18-2012,717207.19,0,58,3.85,214.549,7.139
25,05-25-2012,783371.02,0,68,3.8,214.55,7.139
25,06-01-2012,694765.95,0,70,3.74,214.551,7.139
25,06-08-2012,730254.19,0,58,3.69,214.553,7.139
25,06-15-2012,753860.89,0,68,3.62,214.565,7.139
25,06-22-2012,721601.9,0,74,3.56,214.606,7.139
25,06-29-2012,718890.81,0,70,3.51,214.647,7.139
25,07-06-2012,753385.55,0,76,3.48,214.687,7.28
25,07-13-2012,714093.95,0,74,3.52,214.728,7.28
25,07-20-2012,685676.58,0,74,3.57,214.733,7.28
25,07-27-2012,659109.53,0,73,3.65,214.738,7.28
25,08-03-2012,709724.6,0,72,3.65,214.743,7.28
25,08-10-2012,710496.97,0,72,3.72,214.748,7.28
25,08-17-2012,728467.72,0,67,3.81,214.826,7.28
25,08-24-2012,756527.64,0,65,3.83,214.957,7.28
25,08-31-2012,714828.73,0,69,3.87,215.088,7.28
25,09-07-2012,671482.9,1,73,3.91,215.219,7.28
25,09-14-2012,657241.63,0,61,3.95,215.358,7.28
25,09-21-2012,664745.2,0,58,4.04,215.548,7.28
25,09-28-2012,683300.84,0,55,4.0,215.737,7.28
25,10-05-2012,699536.73,0,58,3.98,215.926,7.293
25,10-12-2012,697317.41,0,44,4.0,216.115,7.293
25,10-19-2012,685531.85,0,52,3.97,216.146,7.293
25,10-26-2012,688940.94,0,57,3.88,216.152,7.293
26,02-05-2010,1034119.21,0,10,2.79,131.528,8.488
26,02-12-2010,1015684.09,1,18,2.77,131.587,8.488
26,02-19-2010,999348.55,0,23,2.75,131.637,8.488
26,02-26-2010,855385.01,0,27,2.75,131.686,8.488
26,03-05-2010,1005669.58,0,29,2.77,131.735,8.488
26,03-12-2010,963382.09,0,31,2.8,131.784,8.488
26,03-19-2010,903366.55,0,35,2.83,131.824,8.488
26,03-26-2010,893613.0,0,35,2.83,131.863,8.488
26,04-02-2010,1029849.2,0,37,2.83,131.902,8.512
26,04-09-2010,1022293.81,0,50,2.85,131.941,8.512
26,04-16-2010,905548.38,0,37,2.88,131.981,8.512
26,04-23-2010,881930.87,0,40,2.9,132.023,8.512
26,04-30-2010,904503.85,0,41,2.94,132.064,8.512
26,05-07-2010,1074479.73,0,55,2.98,132.106,8.512
26,05-14-2010,972663.59,0,39,2.98,132.152,8.512
26,05-21-2010,986765.01,0,51,2.96,132.223,8.512
26,05-28-2010,1069851.59,0,62,2.91,132.294,8.512
26,06-04-2010,1003202.66,0,58,2.86,132.365,8.512
26,06-11-2010,1073862.59,0,52,2.83,132.436,8.512
26,06-18-2010,1001286.67,0,54,2.8,132.473,8.512
26,06-25-2010,976242.09,0,64,2.81,132.498,8.512
26,07-02-2010,1078455.48,0,59,2.82,132.522,8.445
26,07-09-2010,1122356.53,0,71,2.81,132.546,8.445
26,07-16-2010,1028151.72,0,68,2.8,132.567,8.445
26,07-23-2010,971615.62,0,65,2.78,132.583,8.445
26,07-30-2010,1005324.28,0,64,2.79,132.598,8.445
26,08-06-2010,1125329.77,0,63,2.79,132.614,8.445
26,08-13-2010,1011938.29,0,62,2.81,132.63,8.445
26,08-20-2010,1007385.36,0,63,2.8,132.662,8.445
26,08-27-2010,977322.52,0,57,2.77,132.693,8.445
26,09-03-2010,1037549.71,0,67,2.74,132.725,8.445
26,09-10-2010,1042226.3,1,55,2.72,132.756,8.445
26,09-17-2010,923473.7,0,50,2.72,132.767,8.445
26,09-24-2010,868636.3,0,52,2.72,132.762,8.445
26,10-01-2010,923221.52,0,58,2.72,132.757,8.149
26,10-08-2010,1001069.52,0,47,2.78,132.752,8.149
26,10-15-2010,937956.89,0,40,2.88,132.763,8.149
26,10-22-2010,916522.66,0,36,2.92,132.817,8.149
26,10-29-2010,895069.88,0,40,2.94,132.871,8.149
26,11-05-2010,970224.51,0,31,2.94,132.925,8.149
26,11-12-2010,971193.01,0,38,2.96,132.978,8.149
26,11-19-2010,901972.7,0,37,3.03,132.917,8.149
26,11-26-2010,1286833.62,1,28,3.07,132.837,8.149
26,12-03-2010,1016143.64,0,28,3.06,132.757,8.149
26,12-10-2010,1149612.04,0,17,3.13,132.676,8.149
26,12-17-2010,1196813.33,0,21,3.14,132.68,8.149
26,12-24-2010,1573982.47,0,22,3.15,132.748,8.149
26,12-31-2010,877268.29,1,19,3.18,132.815,8.149
26,01-07-2011,938149.21,0,21,3.19,132.882,7.907
26,01-14-2011,812323.29,0,17,3.22,132.951,7.907
26,01-21-2011,809833.21,0,13,3.23,133.029,7.907
26,01-28-2011,817485.14,0,6,3.24,133.106,7.907
26,02-04-2011,911807.02,0,11,3.24,133.183,7.907
26,02-11-2011,1010711.08,1,15,3.26,133.261,7.907
26,02-18-2011,981978.02,0,20,3.26,133.37,7.907
26,02-25-2011,910298.44,0,16,3.28,133.492,7.907
26,03-04-2011,945643.17,0,14,3.44,133.614,7.907
26,03-11-2011,946614.55,0,28,3.6,133.736,7.907
26,03-18-2011,887426.12,0,32,3.63,133.849,7.907
26,03-25-2011,866566.54,0,23,3.62,133.959,7.907
26,04-01-2011,849231.61,0,23,3.64,134.068,7.818
26,04-08-2011,985229.81,0,29,3.72,134.178,7.818
26,04-15-2011,863266.12,0,39,3.82,134.278,7.818
26,04-22-2011,921700.61,0,34,3.92,134.357,7.818
26,04-29-2011,873450.29,0,47,3.99,134.436,7.818
26,05-06-2011,1024778.23,0,45,4.08,134.514,7.818
26,05-13-2011,941008.85,0,48,4.1,134.593,7.818
26,05-20-2011,938334.62,0,49,4.1,134.68,7.818
26,05-27-2011,996723.58,0,57,4.03,134.768,7.818
26,06-03-2011,1054454.4,0,60,3.97,134.855,7.818
26,06-10-2011,1094058.68,0,60,3.92,134.943,7.818
26,06-17-2011,981646.46,0,54,3.87,135.084,7.818
26,06-24-2011,997474.93,0,57,3.85,135.265,7.818
26,07-01-2011,1070119.09,0,60,3.82,135.447,7.767
26,07-08-2011,1133807.03,0,63,3.78,135.628,7.767
26,07-15-2011,1021534.7,0,64,3.83,135.784,7.767
26,07-22-2011,1017867.8,0,70,3.88,135.874,7.767
26,07-29-2011,1005360.5,0,63,3.9,135.964,7.767
26,08-05-2011,1107552.43,0,63,3.9,136.054,7.767
26,08-12-2011,1087644.5,0,63,3.88,136.144,7.767
26,08-19-2011,1021766.75,0,61,3.82,136.183,7.767
26,08-26-2011,1064617.62,0,61,3.8,136.214,7.767
26,09-02-2011,1040143.14,0,60,3.78,136.244,7.767
26,09-09-2011,1069710.97,1,61,3.81,136.275,7.767
26,09-16-2011,951569.84,0,55,3.81,136.314,7.767
26,09-23-2011,923644.6,0,51,3.76,136.367,7.767
26,09-30-2011,959339.51,0,59,3.68,136.42,7.767
26,10-07-2011,1130022.99,0,47,3.63,136.472,7.598
26,10-14-2011,987886.08,0,54,3.58,136.515,7.598
26,10-21-2011,974907.28,0,45,3.62,136.502,7.598
26,10-28-2011,972256.98,0,35,3.6,136.488,7.598
26,11-04-2011,988950.75,0,32,3.59,136.475,7.598
26,11-11-2011,1077640.13,0,40,3.57,136.462,7.598
26,11-18-2011,946091.79,0,38,3.57,136.467,7.598
26,11-25-2011,1282320.05,1,31,3.54,136.479,7.598
26,12-02-2011,1012498.49,0,37,3.5,136.491,7.598
26,12-09-2011,1148987.46,0,34,3.47,136.503,7.598
26,12-16-2011,1204807.83,0,28,3.44,136.534,7.598
26,12-23-2011,1515175.01,0,23,3.41,136.588,7.598
26,12-30-2011,972834.42,1,19,3.4,136.643,7.598
26,01-06-2012,971557.62,0,23,3.44,136.698,7.467
26,01-13-2012,836305.65,0,26,3.52,136.753,7.467
26,01-20-2012,838751.5,0,15,3.54,136.856,7.467
26,01-27-2012,820059.89,0,24,3.57,136.96,7.467
26,02-03-2012,939158.25,0,25,3.63,137.063,7.467
26,02-10-2012,1081005.64,1,24,3.66,137.167,7.467
26,02-17-2012,965788.76,0,24,3.7,137.258,7.467
26,02-24-2012,917924.47,0,28,3.75,137.341,7.467
26,03-02-2012,955641.74,0,22,3.83,137.424,7.467
26,03-09-2012,1028569.01,0,29,3.88,137.507,7.467
26,03-16-2012,919503.4,0,35,3.87,137.584,7.467
26,03-23-2012,874790.68,0,50,3.89,137.655,7.467
26,03-30-2012,922018.43,0,33,3.92,137.726,7.467
26,04-06-2012,1116829.23,0,33,3.96,137.797,7.489
26,04-13-2012,889670.29,0,37,4.03,137.868,7.489
26,04-20-2012,923600.02,0,51,4.05,137.923,7.489
26,04-27-2012,911969.0,0,44,4.02,137.978,7.489
26,05-04-2012,946573.29,0,40,3.99,138.033,7.489
26,05-11-2012,1062548.73,0,47,3.95,138.088,7.489
26,05-18-2012,978082.84,0,53,3.9,138.107,7.489
26,05-25-2012,1067310.74,0,58,3.85,138.11,7.489
26,06-01-2012,1015853.03,0,59,3.8,138.114,7.489
26,06-08-2012,1106176.83,0,49,3.75,138.117,7.489
26,06-15-2012,1029248.22,0,58,3.68,138.13,7.489
26,06-22-2012,1056282.91,0,63,3.63,138.163,7.489
26,06-29-2012,1051190.44,0,61,3.58,138.196,7.489
26,07-06-2012,1180470.8,0,65,3.54,138.23,7.405
26,07-13-2012,1063149.78,0,64,3.56,138.263,7.405
26,07-20-2012,1049625.9,0,67,3.61,138.233,7.405
26,07-27-2012,1031745.14,0,64,3.7,138.203,7.405
26,08-03-2012,1090915.09,0,66,3.7,138.174,7.405
26,08-10-2012,1121476.51,0,67,3.77,138.144,7.405
26,08-17-2012,1068292.56,0,66,3.84,138.186,7.405
26,08-24-2012,1022704.2,0,62,3.87,138.281,7.405
26,08-31-2012,1053495.51,0,64,3.88,138.377,7.405
26,09-07-2012,1081874.03,1,62,3.92,138.473,7.405
26,09-14-2012,986131.94,0,58,3.99,138.567,7.405
26,09-21-2012,961084.08,0,53,4.06,138.653,7.405
26,09-28-2012,964726.37,0,51,4.02,138.74,7.405
26,10-05-2012,1095504.26,0,54,4.03,138.826,7.138
26,10-12-2012,1044639.69,0,45,4.03,138.912,7.138
26,10-19-2012,975578.02,0,44,4.0,138.834,7.138
26,10-26-2012,958619.8,0,47,3.92,138.728,7.138
27,02-05-2010,1874289.79,0,27,2.95,135.352,8.237
27,02-12-2010,1745362.72,1,30,2.94,135.411,8.237
27,02-19-2010,1945070.33,0,32,2.91,135.466,8.237
27,02-26-2010,1390934.27,0,36,2.91,135.52,8.237
27,03-05-2010,1313729.72,0,38,2.92,135.573,8.237
27,03-12-2010,1925113.12,0,46,2.94,135.627,8.237
27,03-19-2010,1700627.97,0,49,2.96,135.668,8.237
27,03-26-2010,1836714.84,0,52,2.96,135.707,8.237
27,04-02-2010,2053952.97,0,47,2.96,135.746,8.058
27,04-09-2010,1955814.13,0,63,2.99,135.786,8.058
27,04-16-2010,1857500.96,0,55,3.01,135.827,8.058
27,04-23-2010,1850205.47,0,54,3.02,135.872,8.058
27,04-30-2010,1805885.04,0,54,3.04,135.917,8.058
27,05-07-2010,1939458.84,0,69,3.1,135.962,8.058
27,05-14-2010,1842465.78,0,54,3.11,136.01,8.058
27,05-21-2010,1836595.58,0,63,3.1,136.08,8.058
27,05-28-2010,1962468.67,0,68,3.05,136.149,8.058
27,06-04-2010,2073102.59,0,74,3.01,136.218,8.058
27,06-11-2010,1873812.93,0,69,2.97,136.287,8.058
27,06-18-2010,1887182.27,0,70,2.94,136.324,8.058
27,06-25-2010,1962625.01,0,78,2.96,136.348,8.058
27,07-02-2010,2024554.1,0,76,2.96,136.372,7.982
27,07-09-2010,2119163.01,0,83,2.94,136.396,7.982
27,07-16-2010,1880691.64,0,78,2.93,136.418,7.982
27,07-23-2010,1808250.71,0,82,2.92,136.437,7.982
27,07-30-2010,1816489.53,0,80,2.93,136.455,7.982
27,08-06-2010,1908036.68,0,77,2.94,136.474,7.982
27,08-13-2010,1864436.12,0,77,2.92,136.493,7.982
27,08-20-2010,1936878.46,0,75,2.91,136.525,7.982
27,08-27-2010,1870684.21,0,70,2.88,136.557,7.982
27,09-03-2010,1908110.9,0,79,2.86,136.589,7.982
27,09-10-2010,1913494.81,1,70,2.84,136.621,7.982
27,09-17-2010,1629978.46,0,64,2.85,136.634,7.982
27,09-24-2010,1597002.71,0,67,2.84,136.632,7.982
27,10-01-2010,1543532.83,0,70,2.84,136.63,8.021
27,10-08-2010,1707662.87,0,58,2.9,136.628,8.021
27,10-15-2010,1728388.2,0,58,3.0,136.64,8.021
27,10-22-2010,1693935.29,0,53,3.05,136.689,8.021
27,10-29-2010,1688955.49,0,61,3.06,136.738,8.021
27,11-05-2010,1686010.02,0,46,3.05,136.786,8.021
27,11-12-2010,1828010.25,0,46,3.06,136.835,8.021
27,11-19-2010,1704785.74,0,51,3.14,136.772,8.021
27,11-26-2010,2627910.75,1,47,3.19,136.69,8.021
27,12-03-2010,1884343.67,0,42,3.2,136.608,8.021
27,12-10-2010,2139733.68,0,31,3.26,136.526,8.021
27,12-17-2010,2350098.36,0,32,3.3,136.529,8.021
27,12-24-2010,3078162.08,0,31,3.31,136.597,8.021
27,12-31-2010,1440963.0,1,30,3.34,136.665,8.021
27,01-07-2011,1568159.48,0,34,3.35,136.733,7.827
27,01-14-2011,1532308.62,0,26,3.37,136.803,7.827
27,01-21-2011,1517029.9,0,30,3.39,136.887,7.827
27,01-28-2011,1421111.55,0,24,3.4,136.971,7.827
27,02-04-2011,1628100.79,0,29,3.4,137.054,7.827
27,02-11-2011,1636224.77,1,30,3.42,137.138,7.827
27,02-18-2011,1709365.19,0,39,3.42,137.251,7.827
27,02-25-2011,1688935.71,0,33,3.45,137.376,7.827
27,03-04-2011,1656130.67,0,37,3.6,137.502,7.827
27,03-11-2011,1613259.77,0,44,3.75,137.627,7.827
27,03-18-2011,1624539.21,0,47,3.8,137.74,7.827
27,03-25-2011,1554651.08,0,40,3.79,137.848,7.827
27,04-01-2011,1628868.28,0,37,3.81,137.956,7.725
27,04-08-2011,1689844.18,0,47,3.9,138.064,7.725
27,04-15-2011,1727175.61,0,52,3.98,138.165,7.725
27,04-22-2011,1921655.48,0,50,4.06,138.248,7.725
27,04-29-2011,1642074.64,0,62,4.12,138.33,7.725
27,05-06-2011,1757041.96,0,56,4.19,138.413,7.725
27,05-13-2011,1763545.32,0,60,4.21,138.496,7.725
27,05-20-2011,1725268.56,0,60,4.2,138.587,7.725
27,05-27-2011,1820723.17,0,66,4.13,138.678,7.725
27,06-03-2011,2053708.01,0,74,4.07,138.769,7.725
27,06-10-2011,1817914.71,0,73,4.03,138.861,7.725
27,06-17-2011,1814740.09,0,67,3.99,139.003,7.725
27,06-24-2011,1811455.15,0,72,3.96,139.183,7.725
27,07-01-2011,1949983.93,0,74,3.92,139.364,7.85
27,07-08-2011,2000055.27,0,77,3.89,139.544,7.85
27,07-15-2011,1762155.79,0,78,3.92,139.701,7.85
27,07-22-2011,1754879.45,0,82,3.97,139.797,7.85
27,07-29-2011,1744879.06,0,79,4.0,139.893,7.85
27,08-05-2011,1747289.53,0,78,4.02,139.99,7.85
27,08-12-2011,1758437.96,0,77,4.0,140.086,7.85
27,08-19-2011,1781905.24,0,73,3.94,140.129,7.85
27,08-26-2011,2034400.78,0,73,3.91,140.163,7.85
27,09-02-2011,1511717.53,0,71,3.88,140.197,7.85
27,09-09-2011,1911470.84,1,71,3.93,140.231,7.85
27,09-16-2011,1613773.9,0,70,3.94,140.274,7.85
27,09-23-2011,1606208.68,0,64,3.9,140.327,7.85
27,09-30-2011,1599626.26,0,71,3.86,140.381,7.85
27,10-07-2011,1672339.27,0,57,3.78,140.435,7.906
27,10-14-2011,1682652.51,0,65,3.74,140.478,7.906
27,10-21-2011,1689591.44,0,60,3.76,140.462,7.906
27,10-28-2011,1710372.4,0,52,3.76,140.445,7.906
27,11-04-2011,1621109.3,0,44,3.74,140.428,7.906
27,11-11-2011,1800728.07,0,50,3.72,140.411,7.906
27,11-18-2011,1723739.44,0,51,3.72,140.413,7.906
27,11-25-2011,2504400.71,1,48,3.69,140.422,7.906
27,12-02-2011,1806924.74,0,51,3.67,140.431,7.906
27,12-09-2011,2014665.98,0,46,3.63,140.44,7.906
27,12-16-2011,2205919.86,0,41,3.61,140.47,7.906
27,12-23-2011,2739019.75,0,42,3.59,140.529,7.906
27,12-30-2011,1650604.6,1,38,3.57,140.587,7.906
27,01-06-2012,1535287.4,0,36,3.58,140.646,8.009
27,01-13-2012,1492399.13,0,41,3.67,140.705,8.009
27,01-20-2012,1542131.05,0,30,3.7,140.809,8.009
27,01-27-2012,1263534.86,0,37,3.74,140.912,8.009
27,02-03-2012,1564246.02,0,43,3.8,141.016,8.009
27,02-10-2012,1651605.35,1,38,3.83,141.12,8.009
27,02-17-2012,1606221.56,0,37,3.87,141.214,8.009
27,02-24-2012,1648602.39,0,42,3.92,141.301,8.009
27,03-02-2012,1509323.09,0,40,3.98,141.388,8.009
27,03-09-2012,1607343.41,0,44,4.02,141.474,8.009
27,03-16-2012,1635984.07,0,50,4.02,141.555,8.009
27,03-23-2012,1620839.34,0,57,4.05,141.627,8.009
27,03-30-2012,1615494.14,0,49,4.1,141.699,8.009
27,04-06-2012,1899013.34,0,49,4.14,141.771,8.253
27,04-13-2012,1650405.21,0,52,4.19,141.843,8.253
27,04-20-2012,1639999.47,0,63,4.17,141.902,8.253
27,04-27-2012,1565498.84,0,52,4.16,141.96,8.253
27,05-04-2012,1669388.45,0,54,4.12,142.018,8.253
27,05-11-2012,1674306.31,0,59,4.06,142.076,8.253
27,05-18-2012,1707158.82,0,65,4.03,142.097,8.253
27,05-25-2012,1818906.73,0,65,3.98,142.103,8.253
27,06-01-2012,1900638.6,0,73,3.92,142.11,8.253
27,06-08-2012,1764756.31,0,64,3.87,142.116,8.253
27,06-15-2012,1773500.56,0,70,3.79,142.129,8.253
27,06-22-2012,1837884.79,0,73,3.72,142.161,8.253
27,06-29-2012,1842555.32,0,74,3.67,142.192,8.253
27,07-06-2012,2062224.92,0,82,3.65,142.223,8.239
27,07-13-2012,1755889.53,0,79,3.69,142.255,8.239
27,07-20-2012,1730913.66,0,79,3.73,142.234,8.239
27,07-27-2012,1625883.71,0,76,3.82,142.213,8.239
27,08-03-2012,1705810.84,0,75,3.82,142.192,8.239
27,08-10-2012,1720537.26,0,78,3.86,142.171,8.239
27,08-17-2012,1735339.59,0,77,3.96,142.216,8.239
27,08-24-2012,1780443.36,0,73,4.0,142.311,8.239
27,08-31-2012,1731935.43,0,75,4.03,142.405,8.239
27,09-07-2012,1840955.23,1,76,4.08,142.5,8.239
27,09-14-2012,1519604.5,0,69,4.09,142.594,8.239
27,09-21-2012,1557485.75,0,66,4.2,142.68,8.239
27,09-28-2012,1540687.63,0,65,4.16,142.766,8.239
27,10-05-2012,1591816.88,0,64,4.15,142.852,8.0
27,10-12-2012,1660081.29,0,55,4.19,142.938,8.0
27,10-19-2012,1620374.24,0,57,4.15,142.863,8.0
27,10-26-2012,1703047.74,0,59,4.07,142.762,8.0
28,02-05-2010,1672352.29,0,49,2.96,126.442,13.975
28,02-12-2010,1558968.49,1,48,2.95,126.496,13.975
28,02-19-2010,1491300.42,0,55,2.92,126.526,13.975
28,02-26-2010,1542173.33,0,50,2.82,126.552,13.975
28,03-05-2010,1608435.45,0,54,2.99,126.578,13.975
28,03-12-2010,1326877.11,0,50,2.92,126.604,13.975
28,03-19-2010,1279819.43,0,60,3.05,126.607,13.975
28,03-26-2010,1245268.77,0,60,3.08,126.605,13.975
28,04-02-2010,1441559.4,0,60,3.09,126.603,14.099
28,04-09-2010,1382359.21,0,59,3.09,126.602,14.099
28,04-16-2010,1268240.66,0,65,3.11,126.562,14.099
28,04-23-2010,1244177.21,0,65,3.05,126.471,14.099
28,04-30-2010,1186971.02,0,67,3.1,126.381,14.099
28,05-07-2010,1532893.22,0,70,3.13,126.29,14.099
28,05-14-2010,1245898.73,0,68,3.14,126.209,14.099
28,05-21-2010,1217923.71,0,76,3.12,126.184,14.099
28,05-28-2010,1176588.25,0,68,3.06,126.16,14.099
28,06-04-2010,1543678.02,0,81,2.94,126.136,14.099
28,06-11-2010,1348995.17,0,91,2.95,126.112,14.099
28,06-18-2010,1267619.06,0,81,3.04,126.114,14.099
28,06-25-2010,1231025.07,0,87,3.08,126.127,14.099
28,07-02-2010,1399960.15,0,92,3.1,126.139,14.18
28,07-09-2010,1340293.87,0,90,3.1,126.152,14.18
28,07-16-2010,1225336.41,0,97,3.09,126.15,14.18
28,07-23-2010,1205884.98,0,99,3.11,126.128,14.18
28,07-30-2010,1150204.71,0,96,3.02,126.107,14.18
28,08-06-2010,1523101.38,0,93,3.12,126.085,14.18
28,08-13-2010,1218688.09,0,87,3.16,126.064,14.18
28,08-20-2010,1195897.6,0,93,3.04,126.077,14.18
28,08-27-2010,1191585.92,0,93,3.13,126.089,14.18
28,09-03-2010,1523410.71,0,83,3.09,126.102,14.18
28,09-10-2010,1246062.17,1,84,3.04,126.115,14.18
28,09-17-2010,1159812.35,0,82,3.03,126.145,14.18
28,09-24-2010,1111797.21,0,82,2.94,126.19,14.18
28,10-01-2010,1203080.41,0,85,3.0,126.235,14.313
28,10-08-2010,1334571.87,0,72,3.01,126.279,14.313
28,10-15-2010,1158062.99,0,75,2.98,126.327,14.313
28,10-22-2010,1120619.32,0,69,3.01,126.382,14.313
28,10-29-2010,1231688.48,0,61,3.02,126.436,14.313
28,11-05-2010,1501663.26,0,65,3.13,126.491,14.313
28,11-12-2010,1266460.45,0,58,3.13,126.546,14.313
28,11-19-2010,1179315.72,0,58,3.16,126.607,14.313
28,11-26-2010,1937033.5,1,48,3.16,126.669,14.313
28,12-03-2010,1447916.29,0,43,3.04,126.731,14.313
28,12-10-2010,1466164.49,0,50,3.2,126.793,14.313
28,12-17-2010,1510443.62,0,53,3.24,126.879,14.313
28,12-24-2010,2026026.39,0,52,3.24,126.984,14.313
28,12-31-2010,1090558.57,1,46,3.15,127.088,14.313
28,01-07-2011,1402902.47,0,38,3.29,127.192,14.021
28,01-14-2011,1098286.61,0,43,3.31,127.301,14.021
28,01-21-2011,1079669.11,0,54,3.22,127.44,14.021
28,01-28-2011,1127859.69,0,51,3.34,127.58,14.021
28,02-04-2011,1564897.32,0,45,3.35,127.72,14.021
28,02-11-2011,1397301.38,1,51,3.38,127.859,14.021
28,02-18-2011,1514828.82,0,53,3.43,127.995,14.021
28,02-25-2011,1311796.91,0,48,3.53,128.13,14.021
28,03-04-2011,1723736.91,0,52,3.67,128.265,14.021
28,03-11-2011,1380836.35,0,58,3.82,128.399,14.021
28,03-18-2011,1286413.71,0,64,3.69,128.512,14.021
28,03-25-2011,1201059.72,0,54,3.91,128.616,14.021
28,04-01-2011,1336838.41,0,64,3.77,128.72,13.736
28,04-08-2011,1414713.5,0,64,4.0,128.824,13.736
28,04-15-2011,1240126.07,0,58,3.87,128.911,13.736
28,04-22-2011,1297452.0,0,72,4.13,128.955,13.736
28,04-29-2011,1222367.9,0,68,4.15,129.0,13.736
28,05-06-2011,1515890.38,0,68,4.19,129.044,13.736
28,05-13-2011,1253316.3,0,71,4.2,129.089,13.736
28,05-20-2011,1151282.31,0,67,4.17,129.076,13.736
28,05-27-2011,1160043.98,0,77,4.09,129.062,13.736
28,06-03-2011,1403779.25,0,72,4.03,129.049,13.736
28,06-10-2011,1339972.83,0,79,3.98,129.036,13.736
28,06-17-2011,1268503.49,0,87,3.94,129.043,13.736
28,06-24-2011,1208809.34,0,89,3.9,129.066,13.736
28,07-01-2011,1319054.57,0,90,3.84,129.089,13.503
28,07-08-2011,1459655.85,0,90,3.7,129.113,13.503
28,07-15-2011,1197373.13,0,88,3.69,129.134,13.503
28,07-22-2011,1165870.54,0,91,3.79,129.151,13.503
28,07-29-2011,1114530.29,0,93,3.8,129.168,13.503
28,08-05-2011,1523870.89,0,91,3.8,129.185,13.503
28,08-12-2011,1218764.94,0,91,3.7,129.202,13.503
28,08-19-2011,1200019.74,0,92,3.74,129.241,13.503
28,08-26-2011,1166479.51,0,95,3.74,129.283,13.503
28,09-02-2011,1468871.49,0,94,3.8,129.326,13.503
28,09-09-2011,1310087.0,1,88,3.91,129.369,13.503
28,09-16-2011,1159212.1,0,76,3.92,129.431,13.503
28,09-23-2011,1109105.92,0,83,3.79,129.518,13.503
28,09-30-2011,1120731.76,0,83,3.88,129.606,13.503
28,10-07-2011,1557314.58,0,70,3.83,129.694,12.89
28,10-14-2011,1220984.94,0,67,3.8,129.771,12.89
28,10-21-2011,1203172.05,0,73,3.84,129.782,12.89
28,10-28-2011,1242746.06,0,67,3.73,129.794,12.89
28,11-04-2011,1576654.67,0,60,3.83,129.805,12.89
28,11-11-2011,1402654.95,0,49,3.82,129.817,12.89
28,11-18-2011,1255081.22,0,54,3.81,129.827,12.89
28,11-25-2011,1929738.27,1,53,3.62,129.836,12.89
28,12-02-2011,1368130.35,0,52,3.7,129.846,12.89
28,12-09-2011,1467024.3,0,42,3.64,129.856,12.89
28,12-16-2011,1429954.66,0,43,3.6,129.898,12.89
28,12-23-2011,1796203.51,0,45,3.54,129.985,12.89
28,12-30-2011,1270036.53,1,45,3.43,130.071,12.89
28,01-06-2012,1466046.07,0,50,3.6,130.158,12.187
28,01-13-2012,1161190.29,0,48,3.66,130.244,12.187
28,01-20-2012,1129540.48,0,46,3.66,130.279,12.187
28,01-27-2012,1132948.48,0,50,3.68,130.314,12.187
28,02-03-2012,1531599.44,0,51,3.7,130.35,12.187
28,02-10-2012,1572966.15,1,52,3.72,130.385,12.187
28,02-17-2012,1501503.68,0,52,3.78,130.455,12.187
28,02-24-2012,1323487.91,0,53,3.95,130.55,12.187
28,03-02-2012,1451740.57,0,52,4.18,130.646,12.187
28,03-09-2012,1680764.06,0,55,4.25,130.741,12.187
28,03-16-2012,1337875.49,0,64,4.27,130.826,12.187
28,03-23-2012,1216059.41,0,56,4.04,130.897,12.187
28,03-30-2012,1209524.11,0,64,4.29,130.967,12.187
28,04-06-2012,1559592.79,0,64,4.12,131.038,11.627
28,04-13-2012,1290684.95,0,64,4.25,131.108,11.627
28,04-20-2012,1180797.2,0,67,4.22,131.117,11.627
28,04-27-2012,1170456.16,0,78,4.19,131.127,11.627
28,05-04-2012,1450628.85,0,76,4.17,131.136,11.627
28,05-11-2012,1264575.18,0,77,4.19,131.145,11.627
28,05-18-2012,1213310.45,0,85,4.11,131.098,11.627
28,05-25-2012,1151214.41,0,84,4.29,131.029,11.627
28,06-01-2012,1245480.95,0,78,4.28,130.959,11.627
28,06-08-2012,1440687.69,0,85,4.1,130.89,11.627
28,06-15-2012,1229760.97,0,86,4.14,130.83,11.627
28,06-22-2012,1180671.55,0,92,4.01,130.793,11.627
28,06-29-2012,1129031.98,0,90,3.88,130.756,11.627
28,07-06-2012,1500863.54,0,89,3.76,130.72,10.926
28,07-13-2012,1179915.04,0,96,3.72,130.683,10.926
28,07-20-2012,1149427.48,0,86,3.73,130.701,10.926
28,07-27-2012,1135035.09,0,93,3.77,130.72,10.926
28,08-03-2012,1376520.1,0,88,3.76,130.738,10.926
28,08-10-2012,1269113.41,0,96,3.81,130.756,10.926
28,08-17-2012,1184198.41,0,95,4.0,130.791,10.926
28,08-24-2012,1199309.59,0,85,4.06,130.838,10.926
28,08-31-2012,1227118.75,0,90,4.09,130.885,10.926
28,09-07-2012,1469693.99,1,89,4.12,130.933,10.926
28,09-14-2012,1124660.77,0,84,4.13,130.978,10.926
28,09-21-2012,1135340.19,0,83,4.12,131.01,10.926
28,09-28-2012,1129508.61,0,81,3.97,131.043,10.926
28,10-05-2012,1462941.03,0,82,3.97,131.076,10.199
28,10-12-2012,1205536.71,0,72,4.47,131.108,10.199
28,10-19-2012,1143724.48,0,69,4.45,131.15,10.199
28,10-26-2012,1213860.61,0,66,4.3,131.193,10.199
29,02-05-2010,538634.46,0,24,2.79,131.528,10.064
29,02-12-2010,529672.95,1,28,2.77,131.587,10.064
29,02-19-2010,542399.07,0,32,2.75,131.637,10.064
29,02-26-2010,488417.61,0,36,2.75,131.686,10.064
29,03-05-2010,535087.91,0,37,2.77,131.735,10.064
29,03-12-2010,519042.49,0,43,2.8,131.784,10.064
29,03-19-2010,496851.6,0,46,2.83,131.824,10.064
29,03-26-2010,552985.34,0,49,2.83,131.863,10.064
29,04-02-2010,599629.25,0,45,2.83,131.902,10.16
29,04-09-2010,569937.23,0,57,2.85,131.941,10.16
29,04-16-2010,509100.84,0,51,2.88,131.981,10.16
29,04-23-2010,505329.66,0,51,2.9,132.023,10.16
29,04-30-2010,501013.47,0,51,2.94,132.064,10.16
29,05-07-2010,568497.35,0,64,2.98,132.106,10.16
29,05-14-2010,518940.88,0,51,2.98,132.152,10.16
29,05-21-2010,502021.82,0,60,2.96,132.223,10.16
29,05-28-2010,577627.66,0,66,2.91,132.294,10.16
29,06-04-2010,588017.66,0,69,2.86,132.365,10.16
29,06-11-2010,540716.58,0,65,2.83,132.436,10.16
29,06-18-2010,558731.74,0,67,2.8,132.473,10.16
29,06-25-2010,585548.79,0,74,2.81,132.498,10.16
29,07-02-2010,581473.55,0,73,2.82,132.522,10.409
29,07-09-2010,563449.43,0,79,2.81,132.546,10.409
29,07-16-2010,512292.01,0,76,2.8,132.567,10.409
29,07-23-2010,506502.09,0,77,2.78,132.583,10.409
29,07-30-2010,509872.77,0,76,2.79,132.598,10.409
29,08-06-2010,519787.93,0,74,2.79,132.614,10.409
29,08-13-2010,495269.0,0,75,2.81,132.63,10.409
29,08-20-2010,531640.19,0,73,2.8,132.662,10.409
29,08-27-2010,545766.13,0,69,2.77,132.693,10.409
29,09-03-2010,579272.38,0,76,2.74,132.725,10.409
29,09-10-2010,491290.37,1,69,2.72,132.756,10.409
29,09-17-2010,463752.89,0,62,2.72,132.767,10.409
29,09-24-2010,465338.41,0,65,2.72,132.762,10.409
29,10-01-2010,474698.01,0,69,2.72,132.757,10.524
29,10-08-2010,530059.06,0,56,2.78,132.752,10.524
29,10-15-2010,483011.69,0,55,2.88,132.763,10.524
29,10-22-2010,505221.17,0,50,2.92,132.817,10.524
29,10-29-2010,527058.59,0,58,2.94,132.871,10.524
29,11-05-2010,521002.97,0,44,2.94,132.925,10.524
29,11-12-2010,524450.7,0,44,2.96,132.978,10.524
29,11-19-2010,508174.55,0,49,3.03,132.917,10.524
29,11-26-2010,975268.91,1,45,3.07,132.837,10.524
29,12-03-2010,642678.53,0,39,3.06,132.757,10.524
29,12-10-2010,713834.74,0,28,3.13,132.676,10.524
29,12-17-2010,850538.25,0,30,3.14,132.68,10.524
29,12-24-2010,1130926.79,0,30,3.15,132.748,10.524
29,12-31-2010,465992.02,1,28,3.18,132.815,10.524
29,01-07-2011,455952.18,0,33,3.19,132.882,10.256
29,01-14-2011,426905.26,0,25,3.22,132.951,10.256
29,01-21-2011,445134.15,0,27,3.23,133.029,10.256
29,01-28-2011,410426.97,0,21,3.24,133.106,10.256
29,02-04-2011,504126.89,0,26,3.24,133.183,10.256
29,02-11-2011,550387.78,1,29,3.26,133.261,10.256
29,02-18-2011,542529.21,0,35,3.26,133.37,10.256
29,02-25-2011,483660.15,0,30,3.28,133.492,10.256
29,03-04-2011,536031.67,0,34,3.44,133.614,10.256
29,03-11-2011,493430.45,0,41,3.6,133.736,10.256
29,03-18-2011,493653.43,0,43,3.63,133.849,10.256
29,03-25-2011,478773.05,0,39,3.62,133.959,10.256
29,04-01-2011,475615.26,0,36,3.64,134.068,9.966
29,04-08-2011,505304.33,0,44,3.72,134.178,9.966
29,04-15-2011,518245.97,0,49,3.82,134.278,9.966
29,04-22-2011,589252.69,0,48,3.92,134.357,9.966
29,04-29-2011,493078.64,0,57,3.99,134.436,9.966
29,05-06-2011,534372.53,0,54,4.08,134.514,9.966
29,05-13-2011,549551.02,0,58,4.1,134.593,9.966
29,05-20-2011,492932.51,0,59,4.1,134.68,9.966
29,05-27-2011,550735.64,0,63,4.03,134.768,9.966
29,06-03-2011,598251.57,0,70,3.97,134.855,9.966
29,06-10-2011,558431.44,0,70,3.92,134.943,9.966
29,06-17-2011,536914.17,0,64,3.87,135.084,9.966
29,06-24-2011,545368.17,0,69,3.85,135.265,9.966
29,07-01-2011,567114.6,0,71,3.82,135.447,9.863
29,07-08-2011,547586.07,0,74,3.78,135.628,9.863
29,07-15-2011,505246.15,0,75,3.83,135.784,9.863
29,07-22-2011,507335.75,0,78,3.88,135.874,9.863
29,07-29-2011,474653.06,0,75,3.9,135.964,9.863
29,08-05-2011,503486.37,0,75,3.9,136.054,9.863
29,08-12-2011,471311.5,0,75,3.88,136.144,9.863
29,08-19-2011,498056.0,0,71,3.82,136.183,9.863
29,08-26-2011,608294.98,0,72,3.8,136.214,9.863
29,09-02-2011,497085.91,0,69,3.78,136.244,9.863
29,09-09-2011,505406.72,1,69,3.81,136.275,9.863
29,09-16-2011,474129.35,0,68,3.81,136.314,9.863
29,09-23-2011,475696.37,0,62,3.76,136.367,9.863
29,09-30-2011,446516.26,0,70,3.68,136.42,9.863
29,10-07-2011,514993.0,0,56,3.63,136.472,9.357
29,10-14-2011,475776.45,0,63,3.58,136.515,9.357
29,10-21-2011,505068.22,0,59,3.62,136.502,9.357
29,10-28-2011,515119.64,0,49,3.6,136.488,9.357
29,11-04-2011,620735.72,0,43,3.59,136.475,9.357
29,11-11-2011,531600.62,0,48,3.57,136.462,9.357
29,11-18-2011,504601.29,0,51,3.57,136.467,9.357
29,11-25-2011,913165.19,1,46,3.54,136.479,9.357
29,12-02-2011,579874.22,0,49,3.5,136.491,9.357
29,12-09-2011,633240.53,0,45,3.47,136.503,9.357
29,12-16-2011,736805.66,0,39,3.44,136.534,9.357
29,12-23-2011,1016637.39,0,40,3.41,136.588,9.357
29,12-30-2011,551743.05,1,36,3.4,136.643,9.357
29,01-06-2012,469773.85,0,35,3.44,136.698,8.988
29,01-13-2012,444756.37,0,39,3.52,136.753,8.988
29,01-20-2012,446863.31,0,29,3.54,136.856,8.988
29,01-27-2012,395987.24,0,36,3.57,136.96,8.988
29,02-03-2012,493159.35,0,41,3.63,137.063,8.988
29,02-10-2012,545840.05,1,36,3.66,137.167,8.988
29,02-17-2012,559606.91,0,36,3.7,137.258,8.988
29,02-24-2012,488782.63,0,39,3.75,137.341,8.988
29,03-02-2012,500801.72,0,37,3.83,137.424,8.988
29,03-09-2012,504750.35,0,42,3.88,137.507,8.988
29,03-16-2012,489293.72,0,46,3.87,137.584,8.988
29,03-23-2012,517408.48,0,55,3.89,137.655,8.988
29,03-30-2012,504566.28,0,46,3.92,137.726,8.988
29,04-06-2012,633826.55,0,46,3.96,137.797,9.14
29,04-13-2012,520493.83,0,50,4.03,137.868,9.14
29,04-20-2012,525200.59,0,59,4.05,137.923,9.14
29,04-27-2012,497250.22,0,51,4.02,137.978,9.14
29,05-04-2012,504963.84,0,51,3.99,138.033,9.14
29,05-11-2012,529707.87,0,57,3.95,138.088,9.14
29,05-18-2012,543706.04,0,62,3.9,138.107,9.14
29,05-25-2012,549665.67,0,62,3.85,138.11,9.14
29,06-01-2012,576252.35,0,70,3.8,138.114,9.14
29,06-08-2012,554093.15,0,62,3.75,138.117,9.14
29,06-15-2012,552338.76,0,67,3.68,138.13,9.14
29,06-22-2012,581854.5,0,71,3.63,138.163,9.14
29,06-29-2012,555954.13,0,71,3.58,138.196,9.14
29,07-06-2012,578832.41,0,77,3.54,138.23,9.419
29,07-13-2012,514709.76,0,76,3.56,138.263,9.419
29,07-20-2012,506705.36,0,77,3.61,138.233,9.419
29,07-27-2012,475158.24,0,74,3.7,138.203,9.419
29,08-03-2012,504754.74,0,73,3.7,138.174,9.419
29,08-10-2012,518628.42,0,77,3.77,138.144,9.419
29,08-17-2012,416881.66,0,75,3.84,138.186,9.419
29,08-24-2012,615026.15,0,70,3.87,138.281,9.419
29,08-31-2012,545844.91,0,72,3.88,138.377,9.419
29,09-07-2012,540811.85,1,73,3.92,138.473,9.419
29,09-14-2012,475127.18,0,66,3.99,138.567,9.419
29,09-21-2012,489079.23,0,63,4.06,138.653,9.419
29,09-28-2012,489674.23,0,62,4.02,138.74,9.419
29,10-05-2012,520632.8,0,62,4.03,138.826,9.151
29,10-12-2012,513737.0,0,54,4.03,138.912,9.151
29,10-19-2012,516909.24,0,55,4.0,138.834,9.151
29,10-26-2012,534970.68,0,58,3.92,138.728,9.151
30,02-05-2010,465108.52,0,39,2.57,210.753,8.324
30,02-12-2010,497374.57,1,38,2.55,210.898,8.324
30,02-19-2010,463513.26,0,40,2.51,210.945,8.324
30,02-26-2010,472330.71,0,45,2.56,210.976,8.324
30,03-05-2010,472591.07,0,49,2.62,211.007,8.324
30,03-12-2010,468189.93,0,57,2.67,211.038,8.324
30,03-19-2010,445736.36,0,55,2.72,210.873,8.324
30,03-26-2010,442457.35,0,52,2.73,210.677,8.324
30,04-02-2010,457884.06,0,64,2.72,210.48,8.2
30,04-09-2010,454800.96,0,66,2.77,210.283,8.2
30,04-16-2010,471054.16,0,68,2.81,210.15,8.2
30,04-23-2010,462454.39,0,64,2.8,210.1,8.2
30,04-30-2010,456140.34,0,67,2.78,210.051,8.2
30,05-07-2010,457883.94,0,71,2.84,210.001,8.2
30,05-14-2010,461868.09,0,73,2.85,209.998,8.2
30,05-21-2010,455751.84,0,74,2.83,210.277,8.2
30,05-28-2010,462474.16,0,81,2.76,210.555,8.2
30,06-04-2010,458343.7,0,83,2.7,210.834,8.2
30,06-11-2010,445530.16,0,84,2.67,211.112,8.2
30,06-18-2010,447727.52,0,86,2.64,211.11,8.2
30,06-25-2010,453210.24,0,87,2.65,210.995,8.2
30,07-02-2010,450337.47,0,82,2.67,210.88,8.099
30,07-09-2010,436293.4,0,82,2.64,210.766,8.099
30,07-16-2010,438068.71,0,86,2.62,210.758,8.099
30,07-23-2010,440491.33,0,87,2.61,210.892,8.099
30,07-30-2010,437893.76,0,84,2.64,211.026,8.099
30,08-06-2010,441407.06,0,90,2.63,211.161,8.099
30,08-13-2010,444160.07,0,90,2.69,211.295,8.099
30,08-20-2010,447139.8,0,90,2.66,211.26,8.099
30,08-27-2010,443810.78,0,86,2.62,211.224,8.099
30,09-03-2010,461548.98,0,83,2.58,211.189,8.099
30,09-10-2010,455162.92,1,79,2.56,211.153,8.099
30,09-17-2010,462058.19,0,83,2.58,211.181,8.099
30,09-24-2010,448392.17,0,81,2.62,211.255,8.099
30,10-01-2010,445475.3,0,70,2.6,211.33,8.163
30,10-08-2010,462080.47,0,66,2.63,211.404,8.163
30,10-15-2010,453943.89,0,69,2.72,211.471,8.163
30,10-22-2010,459631.74,0,71,2.72,211.519,8.163
30,10-29-2010,438334.39,0,68,2.72,211.566,8.163
30,11-05-2010,484661.87,0,59,2.69,211.614,8.163
30,11-12-2010,431266.64,0,61,2.73,211.661,8.163
30,11-19-2010,423707.69,0,52,2.77,211.547,8.163
30,11-26-2010,462732.36,1,63,2.74,211.406,8.163
30,12-03-2010,407112.22,0,50,2.71,211.266,8.163
30,12-10-2010,428631.91,0,46,2.84,211.125,8.163
30,12-17-2010,445332.28,0,49,2.87,211.065,8.163
30,12-24-2010,519354.88,0,51,2.89,211.065,8.163
30,12-31-2010,397631.02,1,47,2.94,211.065,8.163
30,01-07-2011,451077.21,0,44,2.98,211.065,8.028
30,01-14-2011,465408.72,0,34,2.98,211.118,8.028
30,01-21-2011,439132.62,0,43,3.02,211.486,8.028
30,01-28-2011,425989.04,0,44,3.01,211.855,8.028
30,02-04-2011,490970.95,0,36,2.99,212.224,8.028
30,02-11-2011,470921.24,1,35,3.02,212.593,8.028
30,02-18-2011,417070.51,0,60,3.04,212.903,8.028
30,02-25-2011,432687.97,0,61,3.06,213.19,8.028
30,03-04-2011,443334.71,0,60,3.29,213.478,8.028
30,03-11-2011,438529.81,0,55,3.46,213.765,8.028
30,03-18-2011,425470.84,0,63,3.49,214.016,8.028
30,03-25-2011,431754.01,0,70,3.47,214.252,8.028
30,04-01-2011,437926.79,0,56,3.52,214.489,7.931
30,04-08-2011,443889.5,0,69,3.62,214.725,7.931
30,04-15-2011,426666.92,0,71,3.74,214.942,7.931
30,04-22-2011,445358.73,0,71,3.81,215.11,7.931
30,04-29-2011,423687.2,0,70,3.81,215.277,7.931
30,05-06-2011,438789.52,0,62,3.91,215.445,7.931
30,05-13-2011,424614.59,0,75,3.9,215.612,7.931
30,05-20-2011,435102.2,0,68,3.91,215.383,7.931
30,05-27-2011,429305.82,0,77,3.79,215.154,7.931
30,06-03-2011,432808.48,0,84,3.7,214.925,7.931
30,06-10-2011,424697.05,0,85,3.65,214.696,7.931
30,06-17-2011,435481.03,0,88,3.64,214.651,7.931
30,06-24-2011,422715.74,0,86,3.59,214.744,7.931
30,07-01-2011,428782.38,0,88,3.52,214.837,7.852
30,07-08-2011,419764.37,0,89,3.48,214.93,7.852
30,07-15-2011,420515.63,0,91,3.58,215.013,7.852
30,07-22-2011,423441.76,0,90,3.65,215.075,7.852
30,07-29-2011,414245.96,0,92,3.68,215.136,7.852
30,08-05-2011,431798.64,0,94,3.68,215.198,7.852
30,08-12-2011,412224.67,0,92,3.64,215.259,7.852
30,08-19-2011,414450.61,0,90,3.55,215.323,7.852
30,08-26-2011,387944.83,0,92,3.52,215.387,7.852
30,09-02-2011,369722.32,0,92,3.53,215.451,7.852
30,09-09-2011,370897.82,1,79,3.55,215.515,7.852
30,09-16-2011,382914.66,0,81,3.53,215.694,7.852
30,09-23-2011,391837.56,0,76,3.47,216.028,7.852
30,09-30-2011,387001.13,0,79,3.36,216.362,7.852
30,10-07-2011,417528.26,0,72,3.28,216.696,7.441
30,10-14-2011,410711.99,0,70,3.27,217.005,7.441
30,10-21-2011,428958.53,0,65,3.35,217.165,7.441
30,10-28-2011,426151.88,0,65,3.37,217.325,7.441
30,11-04-2011,432359.04,0,56,3.33,217.485,7.441
30,11-11-2011,409686.63,0,60,3.3,217.646,7.441
30,11-18-2011,436462.63,0,62,3.31,217.867,7.441
30,11-25-2011,452163.93,1,56,3.24,218.113,7.441
30,12-02-2011,412385.75,0,49,3.17,218.359,7.441
30,12-09-2011,436741.02,0,41,3.16,218.605,7.441
30,12-16-2011,441265.08,0,51,3.16,218.822,7.441
30,12-23-2011,492022.68,0,47,3.11,219.0,7.441
30,12-30-2011,376777.45,1,45,3.13,219.177,7.441
30,01-06-2012,457030.86,0,48,3.16,219.355,7.057
30,01-13-2012,447023.91,0,45,3.26,219.533,7.057
30,01-20-2012,438760.62,0,52,3.27,219.626,7.057
30,01-27-2012,433037.66,0,51,3.29,219.719,7.057
30,02-03-2012,434080.74,0,56,3.36,219.812,7.057
30,02-10-2012,451365.99,1,47,3.41,219.905,7.057
30,02-17-2012,435109.11,0,45,3.51,220.065,7.057
30,02-24-2012,425215.71,0,55,3.56,220.276,7.057
30,03-02-2012,438640.61,0,59,3.63,220.487,7.057
30,03-09-2012,446617.89,0,57,3.67,220.697,7.057
30,03-16-2012,413617.45,0,63,3.73,220.85,7.057
30,03-23-2012,430222.97,0,63,3.79,220.924,7.057
30,03-30-2012,449603.91,0,68,3.84,220.999,7.057
30,04-06-2012,461511.92,0,69,3.89,221.074,6.891
30,04-13-2012,428784.7,0,69,3.89,221.148,6.891
30,04-20-2012,462909.41,0,67,3.88,221.202,6.891
30,04-27-2012,433744.83,0,69,3.81,221.256,6.891
30,05-04-2012,454477.54,0,78,3.75,221.31,6.891
30,05-11-2012,436070.45,0,74,3.69,221.363,6.891
30,05-18-2012,460945.14,0,72,3.63,221.38,6.891
30,05-25-2012,449355.91,0,79,3.56,221.383,6.891
30,06-01-2012,427021.18,0,79,3.5,221.385,6.891
30,06-08-2012,437222.94,0,79,3.45,221.388,6.891
30,06-15-2012,438523.24,0,82,3.39,221.401,6.891
30,06-22-2012,428554.63,0,82,3.35,221.441,6.891
30,06-29-2012,423192.4,0,88,3.29,221.481,6.891
30,07-06-2012,440553.42,0,85,3.23,221.522,6.565
30,07-13-2012,417640.34,0,83,3.26,221.562,6.565
30,07-20-2012,427491.04,0,84,3.31,221.57,6.565
30,07-27-2012,424581.17,0,88,3.41,221.579,6.565
30,08-03-2012,425136.55,0,92,3.42,221.587,6.565
30,08-10-2012,430878.28,0,90,3.49,221.595,6.565
30,08-17-2012,423351.15,0,86,3.57,221.675,6.565
30,08-24-2012,425296.65,0,78,3.62,221.808,6.565
30,08-31-2012,439132.5,0,84,3.64,221.942,6.565
30,09-07-2012,433565.77,1,88,3.73,222.075,6.565
30,09-14-2012,437773.31,0,76,3.72,222.217,6.565
30,09-21-2012,443891.64,0,72,3.72,222.417,6.565
30,09-28-2012,425410.04,0,80,3.67,222.616,6.565
30,10-05-2012,446751.45,0,70,3.62,222.816,6.17
30,10-12-2012,434593.26,0,62,3.6,223.015,6.17
30,10-19-2012,437537.29,0,69,3.59,223.06,6.17
30,10-26-2012,439424.5,0,70,3.51,223.078,6.17
31,02-05-2010,1469252.05,0,39,2.57,210.753,8.324
31,02-12-2010,1543947.23,1,38,2.55,210.898,8.324
31,02-19-2010,1473386.75,0,40,2.51,210.945,8.324
31,02-26-2010,1344354.41,0,45,2.56,210.976,8.324
31,03-05-2010,1384870.51,0,49,2.62,211.007,8.324
31,03-12-2010,1366193.35,0,57,2.67,211.038,8.324
31,03-19-2010,1332261.01,0,55,2.72,210.873,8.324
31,03-26-2010,1229635.7,0,52,2.73,210.677,8.324
31,04-02-2010,1357600.68,0,64,2.72,210.48,8.2
31,04-09-2010,1395710.09,0,66,2.77,210.283,8.2
31,04-16-2010,1367448.28,0,68,2.81,210.15,8.2
31,04-23-2010,1280465.8,0,64,2.8,210.1,8.2
31,04-30-2010,1243200.24,0,67,2.78,210.051,8.2
31,05-07-2010,1381796.8,0,71,2.84,210.001,8.2
31,05-14-2010,1287288.59,0,73,2.85,209.998,8.2
31,05-21-2010,1337405.6,0,74,2.83,210.277,8.2
31,05-28-2010,1309437.17,0,81,2.76,210.555,8.2
31,06-04-2010,1427624.5,0,83,2.7,210.834,8.2
31,06-11-2010,1377092.33,0,84,2.67,211.112,8.2
31,06-18-2010,1368090.08,0,86,2.64,211.11,8.2
31,06-25-2010,1303523.73,0,87,2.65,210.995,8.2
31,07-02-2010,1311704.92,0,82,2.67,210.88,8.099
31,07-09-2010,1315118.4,0,82,2.64,210.766,8.099
31,07-16-2010,1335433.72,0,86,2.62,210.758,8.099
31,07-23-2010,1276031.84,0,87,2.61,210.892,8.099
31,07-30-2010,1231993.14,0,84,2.64,211.026,8.099
31,08-06-2010,1352401.08,0,90,2.63,211.161,8.099
31,08-13-2010,1327719.34,0,90,2.69,211.295,8.099
31,08-20-2010,1376571.21,0,90,2.66,211.26,8.099
31,08-27-2010,1326621.98,0,86,2.62,211.224,8.099
31,09-03-2010,1302047.48,0,83,2.58,211.189,8.099
31,09-10-2010,1308179.02,1,79,2.56,211.153,8.099
31,09-17-2010,1294105.01,0,83,2.58,211.181,8.099
31,09-24-2010,1230250.25,0,81,2.62,211.255,8.099
31,10-01-2010,1213981.64,0,70,2.6,211.33,8.163
31,10-08-2010,1300131.68,0,66,2.63,211.404,8.163
31,10-15-2010,1265852.43,0,69,2.72,211.471,8.163
31,10-22-2010,1262289.29,0,71,2.72,211.519,8.163
31,10-29-2010,1257921.28,0,68,2.72,211.566,8.163
31,11-05-2010,1324455.72,0,59,2.69,211.614,8.163
31,11-12-2010,1352780.76,0,61,2.73,211.661,8.163
31,11-19-2010,1359158.57,0,52,2.77,211.547,8.163
31,11-26-2010,1858856.06,1,63,2.74,211.406,8.163
31,12-03-2010,1338716.37,0,50,2.71,211.266,8.163
31,12-10-2010,1475685.1,0,46,2.84,211.125,8.163
31,12-17-2010,1714667.0,0,49,2.87,211.065,8.163
31,12-24-2010,2068942.97,0,51,2.89,211.065,8.163
31,12-31-2010,1198071.6,1,47,2.94,211.065,8.163
31,01-07-2011,1311986.87,0,44,2.98,211.065,8.028
31,01-14-2011,1350730.31,0,34,2.98,211.118,8.028
31,01-21-2011,1344167.13,0,43,3.02,211.486,8.028
31,01-28-2011,1254955.68,0,44,3.01,211.855,8.028
31,02-04-2011,1443206.46,0,36,2.99,212.224,8.028
31,02-11-2011,1539230.32,1,35,3.02,212.593,8.028
31,02-18-2011,1539063.91,0,60,3.04,212.903,8.028
31,02-25-2011,1365678.22,0,61,3.06,213.19,8.028
31,03-04-2011,1412721.18,0,60,3.29,213.478,8.028
31,03-11-2011,1405572.93,0,55,3.46,213.765,8.028
31,03-18-2011,1425559.02,0,63,3.49,214.016,8.028
31,03-25-2011,1357036.1,0,70,3.47,214.252,8.028
31,04-01-2011,1344890.73,0,56,3.52,214.489,7.931
31,04-08-2011,1416790.17,0,69,3.62,214.725,7.931
31,04-15-2011,1408464.08,0,71,3.74,214.942,7.931
31,04-22-2011,1461393.91,0,71,3.81,215.11,7.931
31,04-29-2011,1331137.96,0,70,3.81,215.277,7.931
31,05-06-2011,1388755.61,0,62,3.91,215.445,7.931
31,05-13-2011,1408118.22,0,75,3.9,215.612,7.931
31,05-20-2011,1387365.19,0,68,3.91,215.383,7.931
31,05-27-2011,1342273.64,0,77,3.79,215.154,7.931
31,06-03-2011,1430348.1,0,84,3.7,214.925,7.931
31,06-10-2011,1425299.37,0,85,3.65,214.696,7.931
31,06-17-2011,1491039.14,0,88,3.64,214.651,7.931
31,06-24-2011,1375962.46,0,86,3.59,214.744,7.931
31,07-01-2011,1371889.27,0,88,3.52,214.837,7.852
31,07-08-2011,1423144.47,0,89,3.48,214.93,7.852
31,07-15-2011,1415473.91,0,91,3.58,215.013,7.852
31,07-22-2011,1401944.8,0,90,3.65,215.075,7.852
31,07-29-2011,1308122.15,0,92,3.68,215.136,7.852
31,08-05-2011,1428993.33,0,94,3.68,215.198,7.852
31,08-12-2011,1443311.49,0,92,3.64,215.259,7.852
31,08-19-2011,1487542.53,0,90,3.55,215.323,7.852
31,08-26-2011,1417267.07,0,92,3.52,215.387,7.852
31,09-02-2011,1385769.03,0,92,3.53,215.451,7.852
31,09-09-2011,1376670.27,1,79,3.55,215.515,7.852
31,09-16-2011,1363460.86,0,81,3.53,215.694,7.852
31,09-23-2011,1347607.74,0,76,3.47,216.028,7.852
31,09-30-2011,1285534.74,0,79,3.36,216.362,7.852
31,10-07-2011,1427383.24,0,72,3.28,216.696,7.441
31,10-14-2011,1378340.18,0,70,3.27,217.005,7.441
31,10-21-2011,1409310.4,0,65,3.35,217.165,7.441
31,10-28-2011,1346862.72,0,65,3.37,217.325,7.441
31,11-04-2011,1426405.46,0,56,3.33,217.485,7.441
31,11-11-2011,1444783.64,0,60,3.3,217.646,7.441
31,11-18-2011,1445174.79,0,62,3.31,217.867,7.441
31,11-25-2011,1934099.65,1,56,3.24,218.113,7.441
31,12-02-2011,1388809.43,0,49,3.17,218.359,7.441
31,12-09-2011,1556798.94,0,41,3.16,218.605,7.441
31,12-16-2011,1611196.61,0,51,3.16,218.822,7.441
31,12-23-2011,2026176.14,0,47,3.11,219.0,7.441
31,12-30-2011,1355405.95,1,45,3.13,219.177,7.441
31,01-06-2012,1401232.52,0,48,3.16,219.355,7.057
31,01-13-2012,1377485.12,0,45,3.26,219.533,7.057
31,01-20-2012,1372504.9,0,52,3.27,219.626,7.057
31,01-27-2012,1259941.48,0,51,3.29,219.719,7.057
31,02-03-2012,1391479.91,0,56,3.36,219.812,7.057
31,02-10-2012,1527688.58,1,47,3.41,219.905,7.057
31,02-17-2012,1570813.52,0,45,3.51,220.065,7.057
31,02-24-2012,1392543.37,0,55,3.56,220.276,7.057
31,03-02-2012,1427881.22,0,59,3.63,220.487,7.057
31,03-09-2012,1439034.86,0,57,3.67,220.697,7.057
31,03-16-2012,1481728.13,0,63,3.73,220.85,7.057
31,03-23-2012,1365824.97,0,63,3.79,220.924,7.057
31,03-30-2012,1318854.22,0,68,3.84,220.999,7.057
31,04-06-2012,1496169.81,0,69,3.89,221.074,6.891
31,04-13-2012,1407842.91,0,69,3.89,221.148,6.891
31,04-20-2012,1407036.59,0,67,3.88,221.202,6.891
31,04-27-2012,1311352.25,0,69,3.81,221.256,6.891
31,05-04-2012,1391257.28,0,78,3.75,221.31,6.891
31,05-11-2012,1392938.06,0,74,3.69,221.363,6.891
31,05-18-2012,1441473.82,0,72,3.63,221.38,6.891
31,05-25-2012,1397094.26,0,79,3.56,221.383,6.891
31,06-01-2012,1404516.29,0,79,3.5,221.385,6.891
31,06-08-2012,1443285.79,0,79,3.45,221.388,6.891
31,06-15-2012,1431003.43,0,82,3.39,221.401,6.891
31,06-22-2012,1394065.76,0,82,3.35,221.441,6.891
31,06-29-2012,1349202.25,0,88,3.29,221.481,6.891
31,07-06-2012,1458059.42,0,85,3.23,221.522,6.565
31,07-13-2012,1374301.34,0,83,3.26,221.562,6.565
31,07-20-2012,1392395.2,0,84,3.31,221.57,6.565
31,07-27-2012,1303732.36,0,88,3.41,221.579,6.565
31,08-03-2012,1390174.63,0,92,3.42,221.587,6.565
31,08-10-2012,1386472.59,0,90,3.49,221.595,6.565
31,08-17-2012,1410181.7,0,86,3.57,221.675,6.565
31,08-24-2012,1379783.21,0,78,3.62,221.808,6.565
31,08-31-2012,1373651.49,0,84,3.64,221.942,6.565
31,09-07-2012,1358111.62,1,88,3.73,222.075,6.565
31,09-14-2012,1327705.44,0,76,3.72,222.217,6.565
31,09-21-2012,1373064.87,0,72,3.72,222.417,6.565
31,09-28-2012,1279080.58,0,80,3.67,222.616,6.565
31,10-05-2012,1363365.05,0,70,3.62,222.816,6.17
31,10-12-2012,1401113.42,0,62,3.6,223.015,6.17
31,10-19-2012,1378730.45,0,69,3.59,223.06,6.17
31,10-26-2012,1340232.55,0,70,3.51,223.078,6.17
32,02-05-2010,1087616.19,0,34,2.58,189.382,9.014
32,02-12-2010,1123566.12,1,28,2.57,189.464,9.014
32,02-19-2010,1082559.06,0,29,2.55,189.534,9.014
32,02-26-2010,1053247.1,0,27,2.59,189.602,9.014
32,03-05-2010,1066566.74,0,38,2.62,189.67,9.014
32,03-12-2010,1093319.37,0,40,2.68,189.737,9.014
32,03-19-2010,1059781.78,0,42,2.69,189.734,9.014
32,03-26-2010,1076021.58,0,37,2.72,189.72,9.014
32,04-02-2010,1131732.94,0,48,2.72,189.705,8.963
32,04-09-2010,1095889.22,0,45,2.75,189.69,8.963
32,04-16-2010,1082763.27,0,53,2.76,189.663,8.963
32,04-23-2010,1072474.8,0,50,2.78,189.619,8.963
32,04-30-2010,1066792.63,0,48,2.77,189.575,8.963
32,05-07-2010,1133657.58,0,49,2.77,189.531,8.963
32,05-14-2010,1079314.52,0,46,2.79,189.49,8.963
32,05-21-2010,1143819.35,0,56,2.78,189.468,8.963
32,05-28-2010,1205662.85,0,65,2.74,189.445,8.963
32,06-04-2010,1149234.96,0,67,2.7,189.423,8.963
32,06-11-2010,1192074.09,0,71,2.68,189.4,8.963
32,06-18-2010,1150191.72,0,61,2.67,189.419,8.963
32,06-25-2010,1124763.74,0,72,2.72,189.453,8.963
32,07-02-2010,1187988.64,0,75,2.73,189.488,9.017
32,07-09-2010,1077253.67,0,68,2.71,189.523,9.017
32,07-16-2010,1120172.24,0,76,2.7,189.613,9.017
32,07-23-2010,1109574.11,0,76,2.69,189.775,9.017
32,07-30-2010,1065350.56,0,76,2.69,189.937,9.017
32,08-06-2010,1144552.09,0,73,2.69,190.099,9.017
32,08-13-2010,1157975.68,0,75,2.72,190.261,9.017
32,08-20-2010,1189887.86,0,71,2.73,190.295,9.017
32,08-27-2010,1140501.03,0,75,2.73,190.328,9.017
32,09-03-2010,1095932.51,0,70,2.77,190.362,9.017
32,09-10-2010,1028635.39,1,68,2.78,190.396,9.017
32,09-17-2010,1043962.36,0,67,2.8,190.469,9.017
32,09-24-2010,1067432.1,0,64,2.79,190.571,9.017
32,10-01-2010,1061089.56,0,66,2.76,190.674,9.137
32,10-08-2010,1085483.44,0,62,2.74,190.776,9.137
32,10-15-2010,1096692.88,0,53,2.76,190.862,9.137
32,10-22-2010,1102185.0,0,52,2.76,190.907,9.137
32,10-29-2010,1115138.51,0,45,2.75,190.952,9.137
32,11-05-2010,1063056.21,0,49,2.73,190.996,9.137
32,11-12-2010,1141019.11,0,42,2.74,191.041,9.137
32,11-19-2010,1150729.89,0,36,2.76,191.031,9.137
32,11-26-2010,1634635.86,1,30,2.74,191.012,9.137
32,12-03-2010,1200892.56,0,35,2.71,190.993,9.137
32,12-10-2010,1377322.73,0,37,2.73,190.974,9.137
32,12-17-2010,1557776.1,0,36,2.78,191.03,9.137
32,12-24-2010,1949183.14,0,31,2.78,191.143,9.137
32,12-31-2010,955463.84,1,28,2.83,191.256,9.137
32,01-07-2011,1046416.17,0,24,2.88,191.368,8.818
32,01-14-2011,1028206.51,0,22,2.91,191.478,8.818
32,01-21-2011,1078348.91,0,35,2.97,191.573,8.818
32,01-28-2011,1006814.85,0,35,3.01,191.668,8.818
32,02-04-2011,1070457.8,0,15,3.01,191.763,8.818
32,02-11-2011,1124357.2,1,19,3.04,191.857,8.818
32,02-18-2011,1183528.58,0,42,3.05,191.918,8.818
32,02-25-2011,1054754.67,0,33,3.1,191.965,8.818
32,03-04-2011,1106847.62,0,39,3.23,192.012,8.818
32,03-11-2011,1101458.21,0,37,3.37,192.058,8.818
32,03-18-2011,1100765.5,0,45,3.41,192.124,8.818
32,03-25-2011,1068719.22,0,47,3.41,192.196,8.818
32,04-01-2011,1051121.02,0,45,3.46,192.269,8.595
32,04-08-2011,1102975.59,0,49,3.53,192.342,8.595
32,04-15-2011,1120508.14,0,46,3.61,192.423,8.595
32,04-22-2011,1210602.91,0,49,3.64,192.523,8.595
32,04-29-2011,1107494.55,0,45,3.66,192.624,8.595
32,05-06-2011,1181793.55,0,47,3.74,192.725,8.595
32,05-13-2011,1138162.76,0,56,3.77,192.826,8.595
32,05-20-2011,1145084.76,0,46,3.83,192.831,8.595
32,05-27-2011,1175447.49,0,55,3.8,192.837,8.595
32,06-03-2011,1167757.0,0,61,3.76,192.842,8.595
32,06-10-2011,1239741.34,0,65,3.74,192.847,8.595
32,06-17-2011,1192031.38,0,67,3.7,192.903,8.595
32,06-24-2011,1163869.52,0,65,3.66,192.998,8.595
32,07-01-2011,1199845.29,0,73,3.6,193.093,8.622
32,07-08-2011,1110244.52,0,73,3.54,193.188,8.622
32,07-15-2011,1144254.26,0,71,3.53,193.313,8.622
32,07-22-2011,1185674.48,0,76,3.54,193.512,8.622
32,07-29-2011,1169988.62,0,76,3.55,193.712,8.622
32,08-05-2011,1201694.14,0,75,3.55,193.911,8.622
32,08-12-2011,1206795.74,0,74,3.54,194.111,8.622
32,08-19-2011,1221318.17,0,74,3.5,194.25,8.622
32,08-26-2011,1183740.91,0,76,3.48,194.38,8.622
32,09-02-2011,1152117.5,0,75,3.51,194.509,8.622
32,09-09-2011,1128237.3,1,61,3.57,194.639,8.622
32,09-16-2011,1142499.25,0,61,3.6,194.742,8.622
32,09-23-2011,1116140.29,0,59,3.58,194.81,8.622
32,09-30-2011,1088943.98,0,65,3.54,194.878,8.622
32,10-07-2011,1149448.02,0,63,3.5,194.946,8.513
32,10-14-2011,1175420.26,0,50,3.49,195.026,8.513
32,10-21-2011,1151258.74,0,49,3.55,195.179,8.513
32,10-28-2011,1185391.96,0,43,3.55,195.332,8.513
32,11-04-2011,1204628.28,0,38,3.53,195.485,8.513
32,11-11-2011,1182733.0,0,38,3.5,195.638,8.513
32,11-18-2011,1181651.55,0,43,3.48,195.718,8.513
32,11-25-2011,1684468.66,1,40,3.42,195.77,8.513
32,12-02-2011,1179773.88,0,34,3.38,195.822,8.513
32,12-09-2011,1415746.91,0,18,3.33,195.874,8.513
32,12-16-2011,1556017.91,0,26,3.27,195.984,8.513
32,12-23-2011,1959526.96,0,26,3.17,196.171,8.513
32,12-30-2011,1102367.65,1,33,3.12,196.359,8.513
32,01-06-2012,1099937.25,0,37,3.1,196.546,8.256
32,01-13-2012,1071598.36,0,29,3.08,196.733,8.256
32,01-20-2012,1080012.04,0,37,3.06,196.78,8.256
32,01-27-2012,1051864.6,0,37,3.04,196.826,8.256
32,02-03-2012,1156826.31,0,36,3.03,196.873,8.256
32,02-10-2012,1129422.86,1,23,3.1,196.92,8.256
32,02-17-2012,1243812.59,0,24,3.11,196.943,8.256
32,02-24-2012,1091822.72,0,33,3.13,196.95,8.256
32,03-02-2012,1153332.89,0,33,3.19,196.957,8.256
32,03-09-2012,1124537.97,0,40,3.29,196.963,8.256
32,03-16-2012,1138101.18,0,52,3.49,197.046,8.256
32,03-23-2012,1146632.46,0,48,3.66,197.23,8.256
32,03-30-2012,1108686.87,0,56,3.75,197.413,8.256
32,04-06-2012,1270577.01,0,51,3.85,197.597,8.09
32,04-13-2012,1171834.47,0,52,3.9,197.781,8.09
32,04-20-2012,1121405.91,0,49,3.94,197.723,8.09
32,04-27-2012,1126962.44,0,62,3.93,197.665,8.09
32,05-04-2012,1187384.53,0,58,3.9,197.606,8.09
32,05-11-2012,1187051.07,0,55,3.87,197.548,8.09
32,05-18-2012,1177539.71,0,57,3.84,197.555,8.09
32,05-25-2012,1232784.22,0,60,3.8,197.589,8.09
32,06-01-2012,1157557.79,0,63,3.76,197.622,8.09
32,06-08-2012,1246322.44,0,71,3.74,197.655,8.09
32,06-15-2012,1234759.54,0,71,3.72,197.692,8.09
32,06-22-2012,1196880.11,0,75,3.74,197.739,8.09
32,06-29-2012,1178211.81,0,82,3.69,197.786,8.09
32,07-06-2012,1214183.97,0,79,3.65,197.832,7.872
32,07-13-2012,1141184.66,0,72,3.61,197.879,7.872
32,07-20-2012,1167829.33,0,78,3.58,197.929,7.872
32,07-27-2012,1144901.52,0,78,3.57,197.979,7.872
32,08-03-2012,1183571.35,0,75,3.53,198.029,7.872
32,08-10-2012,1227469.2,0,76,3.51,198.08,7.872
32,08-17-2012,1261306.37,0,71,3.54,198.1,7.872
32,08-24-2012,1272809.11,0,70,3.56,198.098,7.872
32,08-31-2012,1183979.27,0,76,3.56,198.097,7.872
32,09-07-2012,1126685.95,1,73,3.6,198.095,7.872
32,09-14-2012,1156377.47,0,64,3.66,198.127,7.872
32,09-21-2012,1159119.6,0,63,3.76,198.359,7.872
32,09-28-2012,1157111.15,0,61,3.79,198.59,7.872
32,10-05-2012,1202775.24,0,55,3.78,198.822,7.557
32,10-12-2012,1176681.31,0,43,3.76,199.054,7.557
32,10-19-2012,1199292.06,0,54,3.75,199.148,7.557
32,10-26-2012,1219979.29,0,47,3.69,199.22,7.557
33,02-05-2010,274593.43,0,58,2.96,126.442,10.115
33,02-12-2010,294882.83,1,55,2.83,126.496,10.115
33,02-19-2010,296850.83,0,62,2.92,126.526,10.115
33,02-26-2010,284052.77,0,56,2.82,126.552,10.115
33,03-05-2010,291484.89,0,59,2.88,126.578,10.115
33,03-12-2010,312161.0,0,56,3.03,126.604,10.115
33,03-19-2010,282235.73,0,65,3.05,126.607,10.115
33,03-26-2010,262893.76,0,64,2.98,126.605,10.115
33,04-02-2010,274634.52,0,67,3.09,126.603,9.849
33,04-09-2010,325201.05,0,68,3.0,126.602,9.849
33,04-16-2010,307779.64,0,72,3.11,126.562,9.849
33,04-23-2010,263263.02,0,72,3.05,126.471,9.849
33,04-30-2010,275883.23,0,73,3.1,126.381,9.849
33,05-07-2010,326870.13,0,75,3.13,126.29,9.849
33,05-14-2010,331173.51,0,77,3.14,126.209,9.849
33,05-21-2010,294264.2,0,83,3.12,126.184,9.849
33,05-28-2010,279246.33,0,78,3.06,126.16,9.849
33,06-04-2010,285100.0,0,86,2.94,126.136,9.849
33,06-11-2010,310800.79,0,94,3.06,126.112,9.849
33,06-18-2010,272399.08,0,88,2.94,126.114,9.849
33,06-25-2010,259419.91,0,94,3.08,126.127,9.849
33,07-02-2010,267495.76,0,98,2.98,126.139,9.495
33,07-09-2010,302423.93,0,96,3.1,126.152,9.495
33,07-16-2010,280937.84,0,100,2.97,126.15,9.495
33,07-23-2010,252734.31,0,97,3.11,126.128,9.495
33,07-30-2010,242047.03,0,93,3.02,126.107,9.495
33,08-06-2010,262789.95,0,93,3.12,126.085,9.495
33,08-13-2010,265367.51,0,96,3.05,126.064,9.495
33,08-20-2010,230519.49,0,96,3.04,126.077,9.495
33,08-27-2010,224031.19,0,94,3.02,126.089,9.495
33,09-03-2010,237405.82,0,91,3.09,126.102,9.495
33,09-10-2010,272834.88,1,92,2.96,126.115,9.495
33,09-17-2010,246277.18,0,89,3.03,126.145,9.495
33,09-24-2010,231976.84,0,91,2.94,126.19,9.495
33,10-01-2010,224294.39,0,91,3.0,126.235,9.265
33,10-08-2010,266484.19,0,79,2.92,126.279,9.265
33,10-15-2010,251732.92,0,80,3.08,126.327,9.265
33,10-22-2010,234175.92,0,74,3.01,126.382,9.265
33,10-29-2010,213538.32,0,71,3.13,126.436,9.265
33,11-05-2010,246124.61,0,74,3.01,126.491,9.265
33,11-12-2010,272803.94,0,65,3.13,126.546,9.265
33,11-19-2010,224639.76,0,62,3.05,126.607,9.265
33,11-26-2010,240044.57,1,57,3.16,126.669,9.265
33,12-03-2010,209986.25,0,53,3.04,126.731,9.265
33,12-10-2010,253050.1,0,61,3.09,126.793,9.265
33,12-17-2010,238875.26,0,61,3.12,126.879,9.265
33,12-24-2010,249246.8,0,60,3.24,126.984,9.265
33,12-31-2010,219804.85,1,53,3.15,127.088,9.265
33,01-07-2011,243948.82,0,46,3.29,127.192,8.951
33,01-14-2011,259527.75,0,54,3.31,127.301,8.951
33,01-21-2011,244856.44,0,59,3.34,127.44,8.951
33,01-28-2011,231155.9,0,57,3.23,127.58,8.951
33,02-04-2011,234218.03,0,49,3.35,127.72,8.951
33,02-11-2011,276198.74,1,53,3.38,127.859,8.951
33,02-18-2011,252349.6,0,62,3.43,127.995,8.951
33,02-25-2011,242901.21,0,55,3.4,128.13,8.951
33,03-04-2011,245435.8,0,60,3.67,128.265,8.951
33,03-11-2011,270921.44,0,67,3.63,128.399,8.951
33,03-18-2011,247234.47,0,73,3.89,128.512,8.951
33,03-25-2011,238084.08,0,63,3.72,128.616,8.951
33,04-01-2011,232769.09,0,71,3.77,128.72,8.687
33,04-08-2011,271924.73,0,75,3.82,128.824,8.687
33,04-15-2011,275749.56,0,65,4.09,128.911,8.687
33,04-22-2011,248603.3,0,79,3.92,128.955,8.687
33,04-29-2011,248561.86,0,77,4.15,129.0,8.687
33,05-06-2011,257031.19,0,78,4.19,129.044,8.687
33,05-13-2011,279466.87,0,78,4.2,129.089,8.687
33,05-20-2011,239206.26,0,76,3.99,129.076,8.687
33,05-27-2011,239431.85,0,82,3.93,129.062,8.687
33,06-03-2011,243477.03,0,83,3.89,129.049,8.687
33,06-10-2011,258427.39,0,87,3.98,129.036,8.687
33,06-17-2011,238172.66,0,91,3.94,129.043,8.687
33,06-24-2011,238433.53,0,94,3.81,129.066,8.687
33,07-01-2011,226702.36,0,98,3.84,129.089,8.442
33,07-08-2011,262717.71,0,96,3.79,129.113,8.442
33,07-15-2011,265003.47,0,93,3.78,129.134,8.442
33,07-22-2011,238915.05,0,97,3.7,129.151,8.442
33,07-29-2011,224806.96,0,95,3.69,129.168,8.442
33,08-05-2011,242456.39,0,97,3.8,129.185,8.442
33,08-12-2011,274721.85,0,96,3.79,129.202,8.442
33,08-19-2011,242771.37,0,96,3.74,129.241,8.442
33,08-26-2011,237095.82,0,100,3.66,129.283,8.442
33,09-02-2011,239198.36,0,99,3.8,129.326,8.442
33,09-09-2011,281842.28,1,96,3.77,129.369,8.442
33,09-16-2011,262407.57,0,86,3.78,129.431,8.442
33,09-23-2011,234793.12,0,89,3.79,129.518,8.442
33,09-30-2011,229731.98,0,89,3.88,129.606,8.442
33,10-07-2011,262159.13,0,81,3.83,129.694,8.01
33,10-14-2011,272487.33,0,76,3.7,129.771,8.01
33,10-21-2011,233543.08,0,82,3.84,129.782,8.01
33,10-28-2011,231319.96,0,77,3.84,129.794,8.01
33,11-04-2011,236157.12,0,72,3.83,129.805,8.01
33,11-11-2011,271961.04,0,59,3.68,129.817,8.01
33,11-18-2011,251294.5,0,63,3.67,129.827,8.01
33,11-25-2011,255996.47,1,62,3.76,129.836,8.01
33,12-02-2011,220060.35,0,59,3.7,129.846,8.01
33,12-09-2011,270373.05,0,48,3.64,129.856,8.01
33,12-16-2011,259638.35,0,53,3.49,129.898,8.01
33,12-23-2011,256235.19,0,53,3.54,129.985,8.01
33,12-30-2011,215359.21,1,52,3.43,130.071,8.01
33,01-06-2012,267058.08,0,61,3.44,130.158,7.603
33,01-13-2012,279447.22,0,55,3.48,130.244,7.603
33,01-20-2012,244899.2,0,56,3.66,130.279,7.603
33,01-27-2012,236920.49,0,56,3.68,130.314,7.603
33,02-03-2012,256091.32,0,60,3.54,130.35,7.603
33,02-10-2012,282552.58,1,60,3.72,130.385,7.603
33,02-17-2012,266300.98,0,58,3.78,130.455,7.603
33,02-24-2012,242526.7,0,59,3.95,130.55,7.603
33,03-02-2012,248051.53,0,61,3.88,130.646,7.603
33,03-09-2012,287346.29,0,62,3.96,130.741,7.603
33,03-16-2012,278067.73,0,66,4.27,130.826,7.603
33,03-23-2012,246970.97,0,61,4.29,130.897,7.603
33,03-30-2012,251327.67,0,71,4.29,130.967,7.603
33,04-06-2012,275911.97,0,71,4.28,131.038,7.396
33,04-13-2012,312698.67,0,73,4.25,131.108,7.396
33,04-20-2012,261837.2,0,73,4.11,131.117,7.396
33,04-27-2012,249798.75,0,83,4.09,131.127,7.396
33,05-04-2012,270497.51,0,82,4.06,131.136,7.396
33,05-11-2012,295841.84,0,81,4.19,131.145,7.396
33,05-18-2012,276899.95,0,90,4.31,131.098,7.396
33,05-25-2012,261851.74,0,89,4.13,131.029,7.396
33,06-01-2012,261131.09,0,84,4.28,130.959,7.396
33,06-08-2012,286082.76,0,91,4.1,130.89,7.396
33,06-15-2012,290444.31,0,92,4.14,130.83,7.396
33,06-22-2012,261666.29,0,96,4.01,130.793,7.396
33,06-29-2012,244338.31,0,98,3.88,130.756,7.396
33,07-06-2012,273690.37,0,93,3.67,130.72,7.147
33,07-13-2012,287033.64,0,98,3.72,130.683,7.147
33,07-20-2012,253205.89,0,91,3.59,130.701,7.147
33,07-27-2012,249134.32,0,94,3.77,130.72,7.147
33,08-03-2012,258533.12,0,92,3.6,130.738,7.147
33,08-10-2012,297753.49,0,100,3.81,130.756,7.147
33,08-17-2012,270097.76,0,97,4.0,130.791,7.147
33,08-24-2012,247672.56,0,90,4.06,130.838,7.147
33,08-31-2012,237129.81,0,95,3.89,130.885,7.147
33,09-07-2012,286428.78,1,92,4.12,130.933,7.147
33,09-14-2012,277417.53,0,83,3.97,130.978,7.147
33,09-21-2012,252709.58,0,87,4.12,131.01,7.147
33,09-28-2012,242813.51,0,86,3.97,131.043,7.147
33,10-05-2012,265444.9,0,85,4.13,131.076,6.895
33,10-12-2012,291781.15,0,80,4.47,131.108,6.895
33,10-19-2012,254412.34,0,76,4.45,131.15,6.895
33,10-26-2012,253731.13,0,74,4.3,131.193,6.895
34,02-05-2010,956228.96,0,35,2.6,126.442,9.521
34,02-12-2010,994610.99,1,36,2.57,126.496,9.521
34,02-19-2010,983963.07,0,38,2.54,126.526,9.521
34,02-26-2010,905756.13,0,37,2.59,126.552,9.521
34,03-05-2010,918295.79,0,43,2.65,126.578,9.521
34,03-12-2010,921247.88,0,42,2.7,126.604,9.521
34,03-19-2010,892070.82,0,46,2.74,126.607,9.521
34,03-26-2010,880742.35,0,43,2.75,126.605,9.521
34,04-02-2010,979428.66,0,50,2.74,126.603,9.593
34,04-09-2010,950684.2,0,51,2.77,126.602,9.593
34,04-16-2010,923344.54,0,59,2.81,126.562,9.593
34,04-23-2010,910240.68,0,55,2.8,126.471,9.593
34,04-30-2010,859922.19,0,57,2.79,126.381,9.593
34,05-07-2010,953495.48,0,57,2.84,126.29,9.593
34,05-14-2010,933924.44,0,61,2.84,126.209,9.593
34,05-21-2010,913616.32,0,64,2.82,126.184,9.593
34,05-28-2010,942868.38,0,69,2.76,126.16,9.593
34,06-04-2010,966187.51,0,72,2.7,126.136,9.593
34,06-11-2010,954681.56,0,81,2.67,126.112,9.593
34,06-18-2010,941612.04,0,73,2.64,126.114,9.593
34,06-25-2010,895800.07,0,78,2.65,126.127,9.593
34,07-02-2010,919229.36,0,74,2.67,126.139,9.816
34,07-09-2010,911210.81,0,75,2.64,126.152,9.816
34,07-16-2010,930269.79,0,79,2.62,126.15,9.816
34,07-23-2010,902050.95,0,80,2.61,126.128,9.816
34,07-30-2010,875976.83,0,72,2.65,126.107,9.816
34,08-06-2010,987435.35,0,74,2.64,126.085,9.816
34,08-13-2010,951208.65,0,77,2.7,126.064,9.816
34,08-20-2010,985152.94,0,76,2.67,126.077,9.816
34,08-27-2010,855421.39,0,73,2.62,126.089,9.816
34,09-03-2010,964356.74,0,73,2.58,126.102,9.816
34,09-10-2010,932240.96,1,73,2.57,126.115,9.816
34,09-17-2010,885445.47,0,71,2.59,126.145,9.816
34,09-24-2010,867539.07,0,70,2.64,126.19,9.816
34,10-01-2010,865709.11,0,70,2.62,126.235,10.21
34,10-08-2010,931710.67,0,65,2.64,126.279,10.21
34,10-15-2010,888703.62,0,60,2.73,126.327,10.21
34,10-22-2010,936293.6,0,58,2.74,126.382,10.21
34,10-29-2010,926294.02,0,51,2.72,126.436,10.21
34,11-05-2010,972292.31,0,52,2.7,126.491,10.21
34,11-12-2010,979730.78,0,47,2.74,126.546,10.21
34,11-19-2010,955766.33,0,41,2.78,126.607,10.21
34,11-26-2010,1309476.68,1,41,2.75,126.669,10.21
34,12-03-2010,1001512.21,0,35,2.73,126.731,10.21
34,12-10-2010,1086661.02,0,42,2.86,126.793,10.21
34,12-17-2010,1227148.13,0,43,2.88,126.879,10.21
34,12-24-2010,1620748.25,0,43,2.89,126.984,10.21
34,12-31-2010,902109.69,1,34,2.96,127.088,10.21
34,01-07-2011,900646.94,0,24,2.98,127.192,10.398
34,01-14-2011,898610.33,0,31,2.99,127.301,10.398
34,01-21-2011,891025.39,0,40,3.02,127.44,10.398
34,01-28-2011,836717.75,0,35,3.02,127.58,10.398
34,02-04-2011,971932.87,0,24,3.0,127.72,10.398
34,02-11-2011,1015654.6,1,29,3.03,127.859,10.398
34,02-18-2011,1062629.3,0,45,3.06,127.995,10.398
34,02-25-2011,953331.45,0,45,3.09,128.13,10.398
34,03-04-2011,963910.81,0,46,3.3,128.265,10.398
34,03-11-2011,943951.67,0,46,3.46,128.399,10.398
34,03-18-2011,1014218.8,0,56,3.5,128.512,10.398
34,03-25-2011,922898.38,0,53,3.48,128.616,10.398
34,04-01-2011,884233.67,0,55,3.52,128.72,10.581
34,04-08-2011,975479.83,0,59,3.6,128.824,10.581
34,04-15-2011,941829.0,0,53,3.72,128.911,10.581
34,04-22-2011,1051518.45,0,64,3.78,128.955,10.581
34,04-29-2011,895973.02,0,58,3.78,129.0,10.581
34,05-06-2011,965853.58,0,54,3.87,129.044,10.581
34,05-13-2011,966232.69,0,63,3.87,129.089,10.581
34,05-20-2011,945018.83,0,61,3.88,129.076,10.581
34,05-27-2011,941311.83,0,66,3.77,129.062,10.581
34,06-03-2011,947229.24,0,75,3.68,129.049,10.581
34,06-10-2011,943912.77,0,75,3.64,129.036,10.581
34,06-17-2011,968258.09,0,77,3.62,129.043,10.581
34,06-24-2011,923795.04,0,77,3.57,129.066,10.581
34,07-01-2011,911106.22,0,82,3.5,129.089,10.641
34,07-08-2011,926934.57,0,81,3.47,129.113,10.641
34,07-15-2011,903882.96,0,78,3.56,129.134,10.641
34,07-22-2011,913236.62,0,81,3.63,129.151,10.641
34,07-29-2011,851461.9,0,78,3.66,129.168,10.641
34,08-05-2011,942236.45,0,77,3.66,129.185,10.641
34,08-12-2011,956251.18,0,80,3.62,129.202,10.641
34,08-19-2011,960418.54,0,77,3.55,129.241,10.641
34,08-26-2011,871404.6,0,77,3.52,129.283,10.641
34,09-02-2011,926455.64,0,78,3.53,129.326,10.641
34,09-09-2011,930506.14,1,70,3.55,129.369,10.641
34,09-16-2011,927249.61,0,65,3.53,129.431,10.641
34,09-23-2011,902852.73,0,66,3.47,129.518,10.641
34,09-30-2011,871847.85,0,69,3.37,129.606,10.641
34,10-07-2011,954069.45,0,60,3.3,129.694,10.148
34,10-14-2011,911788.79,0,55,3.28,129.771,10.148
34,10-21-2011,953693.23,0,59,3.36,129.782,10.148
34,10-28-2011,958063.87,0,55,3.36,129.794,10.148
34,11-04-2011,992621.93,0,48,3.32,129.805,10.148
34,11-11-2011,991570.02,0,41,3.29,129.817,10.148
34,11-18-2011,947552.44,0,46,3.29,129.827,10.148
34,11-25-2011,1345595.82,1,46,3.22,129.836,10.148
34,12-02-2011,988742.08,0,40,3.18,129.846,10.148
34,12-09-2011,1084243.91,0,25,3.15,129.856,10.148
34,12-16-2011,1151052.86,0,32,3.15,129.898,10.148
34,12-23-2011,1593655.96,0,32,3.1,129.985,10.148
34,12-30-2011,965512.36,1,29,3.12,130.071,10.148
34,01-06-2012,953844.85,0,36,3.16,130.158,9.653
34,01-13-2012,913755.12,0,34,3.26,130.244,9.653
34,01-20-2012,910899.05,0,39,3.27,130.279,9.653
34,01-27-2012,872450.37,0,40,3.29,130.314,9.653
34,02-03-2012,939367.14,0,39,3.35,130.35,9.653
34,02-10-2012,1047658.09,1,37,3.41,130.385,9.653
34,02-17-2012,1123446.51,0,37,3.49,130.455,9.653
34,02-24-2012,950154.24,0,40,3.54,130.55,9.653
34,03-02-2012,990263.7,0,43,3.62,130.646,9.653
34,03-09-2012,976393.43,0,43,3.67,130.741,9.653
34,03-16-2012,999298.43,0,48,3.71,130.826,9.653
34,03-23-2012,945143.33,0,48,3.76,130.897,9.653
34,03-30-2012,938861.77,0,59,3.82,130.967,9.653
34,04-06-2012,1091020.37,0,54,3.86,131.038,9.575
34,04-13-2012,987353.65,0,59,3.88,131.108,9.575
34,04-20-2012,977628.78,0,55,3.86,131.117,9.575
34,04-27-2012,940299.87,0,66,3.81,131.127,9.575
34,05-04-2012,991104.4,0,65,3.75,131.136,9.575
34,05-11-2012,949625.52,0,62,3.68,131.145,9.575
34,05-18-2012,998672.85,0,65,3.62,131.098,9.575
34,05-25-2012,1015737.61,0,72,3.55,131.029,9.575
34,06-01-2012,977062.44,0,70,3.48,130.959,9.575
34,06-08-2012,999511.29,0,75,3.43,130.89,9.575
34,06-15-2012,982345.51,0,76,3.37,130.83,9.575
34,06-22-2012,1000285.1,0,79,3.33,130.793,9.575
34,06-29-2012,942970.63,0,82,3.26,130.756,9.575
34,07-06-2012,1007867.68,0,78,3.19,130.72,9.285
34,07-13-2012,954677.75,0,74,3.22,130.683,9.285
34,07-20-2012,950929.59,0,78,3.26,130.701,9.285
34,07-27-2012,917883.79,0,77,3.36,130.72,9.285
34,08-03-2012,973250.41,0,79,3.37,130.738,9.285
34,08-10-2012,1004523.59,0,78,3.48,130.756,9.285
34,08-17-2012,1013820.86,0,78,3.55,130.791,9.285
34,08-24-2012,926250.21,0,72,3.61,130.838,9.285
34,08-31-2012,933487.71,0,76,3.65,130.885,9.285
34,09-07-2012,976415.56,1,78,3.71,130.933,9.285
34,09-14-2012,955211.7,0,64,3.71,130.978,9.285
34,09-21-2012,943047.78,0,66,3.72,131.01,9.285
34,09-28-2012,928629.31,0,67,3.67,131.043,9.285
34,10-05-2012,968896.68,0,65,3.62,131.076,8.839
34,10-12-2012,948613.39,0,60,3.6,131.108,8.839
34,10-19-2012,963516.28,0,58,3.61,131.15,8.839
34,10-26-2012,956987.81,0,58,3.51,131.193,8.839
35,02-05-2010,1230613.5,0,27,2.78,135.352,9.262
35,02-12-2010,1168815.31,1,30,2.77,135.411,9.262
35,02-19-2010,1270658.64,0,32,2.74,135.466,9.262
35,02-26-2010,1020651.74,0,36,2.75,135.52,9.262
35,03-05-2010,1162610.27,0,38,2.78,135.573,9.262
35,03-12-2010,1150344.39,0,46,2.82,135.627,9.262
35,03-19-2010,1117536.09,0,49,2.84,135.668,9.262
35,03-26-2010,1078900.44,0,52,2.85,135.707,9.262
35,04-02-2010,1189556.47,0,47,2.85,135.746,9.051
35,04-09-2010,1198014.97,0,63,2.87,135.786,9.051
35,04-16-2010,1084487.55,0,55,2.9,135.827,9.051
35,04-23-2010,1110827.48,0,54,2.9,135.872,9.051
35,04-30-2010,1096930.65,0,54,2.92,135.917,9.051
35,05-07-2010,1182099.88,0,69,2.97,135.962,9.051
35,05-14-2010,1104277.57,0,54,2.98,136.01,9.051
35,05-21-2010,1078182.18,0,63,2.96,136.08,9.051
35,05-28-2010,1223777.48,0,68,2.9,136.149,9.051
35,06-04-2010,1282378.71,0,74,2.85,136.218,9.051
35,06-11-2010,1160412.71,0,69,2.81,136.287,9.051
35,06-18-2010,1198025.76,0,70,2.78,136.324,9.051
35,06-25-2010,1230245.74,0,78,2.81,136.348,9.051
35,07-02-2010,1245827.08,0,76,2.82,136.372,8.861
35,07-09-2010,1268766.76,0,83,2.79,136.396,8.861
35,07-16-2010,1124414.87,0,78,2.78,136.418,8.861
35,07-23-2010,1121756.43,0,82,2.77,136.437,8.861
35,07-30-2010,1139131.78,0,80,2.78,136.455,8.861
35,08-06-2010,1180183.39,0,77,2.78,136.474,8.861
35,08-13-2010,1090587.5,0,77,2.8,136.493,8.861
35,08-20-2010,1033719.5,0,75,2.78,136.525,8.861
35,08-27-2010,917693.06,0,70,2.76,136.557,8.861
35,09-03-2010,948660.79,0,79,2.72,136.589,8.861
35,09-10-2010,961685.98,1,70,2.7,136.621,8.861
35,09-17-2010,831443.61,0,64,2.71,136.634,8.861
35,09-24-2010,758069.78,0,67,2.71,136.632,8.861
35,10-01-2010,771065.21,0,70,2.71,136.63,8.763
35,10-08-2010,874615.32,0,58,2.76,136.628,8.763
35,10-15-2010,798376.99,0,58,2.87,136.64,8.763
35,10-22-2010,827705.82,0,53,2.92,136.689,8.763
35,10-29-2010,857797.33,0,61,2.92,136.738,8.763
35,11-05-2010,843755.12,0,46,2.92,136.786,8.763
35,11-12-2010,870914.69,0,46,2.93,136.835,8.763
35,11-19-2010,846850.35,0,51,3.0,136.772,8.763
35,11-26-2010,1781866.98,1,47,3.04,136.69,8.763
35,12-03-2010,982598.88,0,42,3.05,136.608,8.763
35,12-10-2010,1108580.19,0,31,3.11,136.526,8.763
35,12-17-2010,1314987.4,0,32,3.14,136.529,8.763
35,12-24-2010,1779236.54,0,31,3.14,136.597,8.763
35,12-31-2010,576332.05,1,30,3.18,136.665,8.763
35,01-07-2011,649289.75,0,34,3.19,136.733,8.549
35,01-14-2011,687670.78,0,26,3.2,136.803,8.549
35,01-21-2011,659902.07,0,30,3.23,136.887,8.549
35,01-28-2011,633289.78,0,24,3.24,136.971,8.549
35,02-04-2011,747577.05,0,29,3.23,137.054,8.549
35,02-11-2011,859258.17,1,30,3.24,137.138,8.549
35,02-18-2011,865305.88,0,39,3.24,137.251,8.549
35,02-25-2011,841129.26,0,33,3.27,137.376,8.549
35,03-04-2011,850448.54,0,37,3.43,137.502,8.549
35,03-11-2011,830601.39,0,44,3.58,137.627,8.549
35,03-18-2011,800662.82,0,47,3.63,137.74,8.549
35,03-25-2011,762184.1,0,40,3.62,137.848,8.549
35,04-01-2011,762620.94,0,37,3.64,137.956,8.512
35,04-08-2011,813352.41,0,47,3.72,138.064,8.512
35,04-15-2011,795157.2,0,52,3.82,138.165,8.512
35,04-22-2011,841778.34,0,50,3.89,138.248,8.512
35,04-29-2011,811824.06,0,62,3.96,138.33,8.512
35,05-06-2011,835181.18,0,56,4.05,138.413,8.512
35,05-13-2011,826155.95,0,60,4.07,138.496,8.512
35,05-20-2011,776838.56,0,60,4.06,138.587,8.512
35,05-27-2011,850708.6,0,66,3.98,138.678,8.512
35,06-03-2011,955466.84,0,74,3.92,138.769,8.512
35,06-10-2011,855130.21,0,73,3.88,138.861,8.512
35,06-17-2011,828594.86,0,67,3.84,139.003,8.512
35,06-24-2011,849397.57,0,72,3.8,139.183,8.512
35,07-01-2011,874453.88,0,74,3.75,139.364,8.684
35,07-08-2011,827717.85,0,77,3.71,139.544,8.684
35,07-15-2011,813845.5,0,78,3.76,139.701,8.684
35,07-22-2011,820188.42,0,82,3.81,139.797,8.684
35,07-29-2011,770820.27,0,79,3.83,139.893,8.684
35,08-05-2011,826820.71,0,78,3.84,139.99,8.684
35,08-12-2011,819911.89,0,77,3.81,140.086,8.684
35,08-19-2011,820288.35,0,73,3.75,140.129,8.684
35,08-26-2011,897037.25,0,73,3.7,140.163,8.684
35,09-02-2011,813486.55,0,71,3.7,140.197,8.684
35,09-09-2011,922440.64,1,71,3.74,140.231,8.684
35,09-16-2011,738792.11,0,70,3.74,140.274,8.684
35,09-23-2011,705802.45,0,64,3.71,140.327,8.684
35,09-30-2011,749676.95,0,71,3.64,140.381,8.684
35,10-07-2011,791637.53,0,57,3.58,140.435,8.745
35,10-14-2011,772859.25,0,65,3.54,140.478,8.745
35,10-21-2011,811328.4,0,60,3.57,140.462,8.745
35,10-28-2011,808821.5,0,52,3.57,140.445,8.745
35,11-04-2011,653468.75,0,44,3.55,140.428,8.745
35,11-11-2011,880576.33,0,50,3.53,140.411,8.745
35,11-18-2011,820964.1,0,51,3.53,140.413,8.745
35,11-25-2011,1733822.4,1,48,3.49,140.422,8.745
35,12-02-2011,903606.03,0,51,3.45,140.431,8.745
35,12-09-2011,948964.99,0,46,3.42,140.44,8.745
35,12-16-2011,1115255.65,0,41,3.41,140.47,8.745
35,12-23-2011,1550214.02,0,42,3.39,140.529,8.745
35,12-30-2011,904650.55,1,38,3.39,140.587,8.745
35,01-06-2012,671708.09,0,36,3.42,140.646,8.744
35,01-13-2012,625135.11,0,41,3.51,140.705,8.744
35,01-20-2012,669850.04,0,30,3.53,140.809,8.744
35,01-27-2012,588722.99,0,37,3.57,140.912,8.744
35,02-03-2012,746901.03,0,43,3.62,141.016,8.744
35,02-10-2012,849779.14,1,38,3.64,141.12,8.744
35,02-17-2012,824568.39,0,37,3.7,141.214,8.744
35,02-24-2012,805028.74,0,42,3.74,141.301,8.744
35,03-02-2012,766571.1,0,40,3.82,141.388,8.744
35,03-09-2012,796351.35,0,44,3.85,141.474,8.744
35,03-16-2012,793045.82,0,50,3.86,141.555,8.744
35,03-23-2012,760671.1,0,57,3.9,141.627,8.744
35,03-30-2012,744525.69,0,49,3.95,141.699,8.744
35,04-06-2012,860293.46,0,49,4.0,141.771,8.876
35,04-13-2012,788633.42,0,52,4.04,141.843,8.876
35,04-20-2012,794660.24,0,63,4.03,141.902,8.876
35,04-27-2012,721212.45,0,52,4.0,141.96,8.876
35,05-04-2012,772036.6,0,54,3.95,142.018,8.876
35,05-11-2012,802383.63,0,59,3.89,142.076,8.876
35,05-18-2012,819196.68,0,65,3.85,142.097,8.876
35,05-25-2012,822167.17,0,65,3.8,142.103,8.876
35,06-01-2012,932195.52,0,73,3.74,142.11,8.876
35,06-08-2012,873415.01,0,64,3.69,142.116,8.876
35,06-15-2012,848289.41,0,70,3.62,142.129,8.876
35,06-22-2012,911696.0,0,73,3.56,142.161,8.876
35,06-29-2012,892133.41,0,74,3.51,142.192,8.876
35,07-06-2012,985479.64,0,82,3.48,142.223,8.839
35,07-13-2012,825763.48,0,79,3.52,142.255,8.839
35,07-20-2012,841224.74,0,79,3.57,142.234,8.839
35,07-27-2012,808030.15,0,76,3.65,142.213,8.839
35,08-03-2012,866216.36,0,75,3.65,142.192,8.839
35,08-10-2012,888368.8,0,78,3.72,142.171,8.839
35,08-17-2012,887979.47,0,77,3.81,142.216,8.839
35,08-24-2012,895274.72,0,73,3.83,142.311,8.839
35,08-31-2012,931278.97,0,75,3.87,142.405,8.839
35,09-07-2012,984833.35,1,76,3.91,142.5,8.839
35,09-14-2012,821568.64,0,69,3.95,142.594,8.839
35,09-21-2012,772302.94,0,66,4.04,142.68,8.839
35,09-28-2012,814099.86,0,65,4.0,142.766,8.839
35,10-05-2012,866064.4,0,64,3.98,142.852,8.665
35,10-12-2012,873643.14,0,55,4.0,142.938,8.665
35,10-19-2012,829284.67,0,57,3.97,142.863,8.665
35,10-26-2012,865137.6,0,59,3.88,142.762,8.665
36,02-05-2010,467546.74,0,46,2.54,209.853,8.554
36,02-12-2010,469563.7,1,46,2.54,209.997,8.554
36,02-19-2010,470281.03,0,46,2.47,210.045,8.554
36,02-26-2010,447519.44,0,51,2.52,210.077,8.554
36,03-05-2010,480203.43,0,51,2.57,210.109,8.554
36,03-12-2010,441434.2,0,62,2.62,210.141,8.554
36,03-19-2010,428851.99,0,60,2.7,209.98,8.554
36,03-26-2010,404438.51,0,56,2.71,209.787,8.554
36,04-02-2010,435972.82,0,63,2.71,209.594,8.464
36,04-09-2010,453016.91,0,69,2.74,209.401,8.464
36,04-16-2010,483699.56,0,67,2.77,209.269,8.464
36,04-23-2010,434116.8,0,68,2.76,209.22,8.464
36,04-30-2010,457899.64,0,71,2.72,209.171,8.464
36,05-07-2010,489372.02,0,76,2.79,209.122,8.464
36,05-14-2010,476733.74,0,78,2.8,209.119,8.464
36,05-21-2010,474917.98,0,77,2.77,209.392,8.464
36,05-28-2010,447050.42,0,81,2.72,209.666,8.464
36,06-04-2010,471088.88,0,80,2.66,209.94,8.464
36,06-11-2010,467711.18,0,82,2.62,210.214,8.464
36,06-18-2010,485694.72,0,84,2.57,210.211,8.464
36,06-25-2010,434879.87,0,84,2.6,210.098,8.464
36,07-02-2010,434252.15,0,82,2.61,209.984,8.36
36,07-09-2010,471713.59,0,82,2.6,209.871,8.36
36,07-16-2010,466962.04,0,84,2.56,209.863,8.36
36,07-23-2010,452021.2,0,83,2.54,209.996,8.36
36,07-30-2010,432451.91,0,82,2.6,210.129,8.36
36,08-06-2010,467442.94,0,85,2.57,210.261,8.36
36,08-13-2010,470436.8,0,86,2.64,210.394,8.36
36,08-20-2010,437949.9,0,86,2.6,210.362,8.36
36,08-27-2010,412050.73,0,85,2.56,210.329,8.36
36,09-03-2010,431294.45,0,82,2.53,210.297,8.36
36,09-10-2010,434471.38,1,81,2.51,210.264,8.36
36,09-17-2010,454694.21,0,82,2.55,210.292,8.36
36,09-24-2010,419348.59,0,79,2.58,210.366,8.36
36,10-01-2010,422169.47,0,75,2.57,210.44,8.476
36,10-08-2010,444351.61,0,66,2.6,210.514,8.476
36,10-15-2010,453308.15,0,72,2.7,210.581,8.476
36,10-22-2010,424956.3,0,72,2.7,210.627,8.476
36,10-29-2010,392654.26,0,76,2.68,210.674,8.476
36,11-05-2010,405860.37,0,63,2.66,210.72,8.476
36,11-12-2010,425804.8,0,62,2.7,210.767,8.476
36,11-19-2010,411615.71,0,57,2.74,210.654,8.476
36,11-26-2010,408891.49,1,68,2.72,210.515,8.476
36,12-03-2010,360266.09,0,54,2.69,210.376,8.476
36,12-10-2010,404545.03,0,52,2.81,210.237,8.476
36,12-17-2010,410214.7,0,57,2.85,210.179,8.476
36,12-24-2010,422093.59,0,59,2.86,210.181,8.476
36,12-31-2010,359310.65,1,53,2.95,210.182,8.476
36,01-07-2011,384659.85,0,54,2.94,210.184,8.395
36,01-14-2011,410497.73,0,43,2.97,210.238,8.395
36,01-21-2011,399191.05,0,51,2.98,210.603,8.395
36,01-28-2011,372174.12,0,49,3.0,210.968,8.395
36,02-04-2011,417521.7,0,47,2.98,211.333,8.395
36,02-11-2011,401501.2,1,41,3.01,211.699,8.395
36,02-18-2011,427175.03,0,57,3.02,212.006,8.395
36,02-25-2011,380279.44,0,68,3.05,212.291,8.395
36,03-04-2011,402579.84,0,65,3.28,212.576,8.395
36,03-11-2011,407506.78,0,59,3.45,212.861,8.395
36,03-18-2011,431412.22,0,65,3.49,213.11,8.395
36,03-25-2011,390732.02,0,71,3.49,213.344,8.395
36,04-01-2011,385672.11,0,67,3.53,213.578,8.3
36,04-08-2011,428727.61,0,69,3.64,213.812,8.3
36,04-15-2011,414986.54,0,73,3.76,214.026,8.3
36,04-22-2011,374574.72,0,75,3.8,214.192,8.3
36,04-29-2011,340708.78,0,76,3.84,214.358,8.3
36,05-06-2011,393401.4,0,70,3.92,214.524,8.3
36,05-13-2011,395316.65,0,77,3.92,214.69,8.3
36,05-20-2011,376183.44,0,73,3.92,214.465,8.3
36,05-27-2011,348655.2,0,81,3.79,214.241,8.3
36,06-03-2011,373703.95,0,83,3.69,214.016,8.3
36,06-10-2011,374182.04,0,82,3.63,213.792,8.3
36,06-17-2011,394645.25,0,84,3.6,213.748,8.3
36,06-24-2011,360009.94,0,84,3.57,213.84,8.3
36,07-01-2011,354270.77,0,85,3.5,213.932,8.177
36,07-08-2011,377464.62,0,85,3.44,214.025,8.177
36,07-15-2011,385631.48,0,86,3.55,214.108,8.177
36,07-22-2011,361311.41,0,83,3.64,214.171,8.177
36,07-29-2011,354361.08,0,85,3.66,214.234,8.177
36,08-05-2011,381017.75,0,87,3.65,214.297,8.177
36,08-12-2011,380188.69,0,88,3.61,214.36,8.177
36,08-19-2011,373267.58,0,87,3.53,214.424,8.177
36,08-26-2011,344964.2,0,86,3.5,214.488,8.177
36,09-02-2011,350276.29,0,88,3.48,214.552,8.177
36,09-09-2011,352960.64,1,78,3.5,214.616,8.177
36,09-16-2011,343108.12,0,82,3.47,214.793,8.177
36,09-23-2011,322405.13,0,78,3.44,215.123,8.177
36,09-30-2011,314910.37,0,82,3.33,215.453,8.177
36,10-07-2011,346137.87,0,71,3.26,215.783,7.716
36,10-14-2011,342076.99,0,74,3.23,216.089,7.716
36,10-21-2011,328633.34,0,68,3.31,216.247,7.716
36,10-28-2011,306193.81,0,71,3.31,216.405,7.716
36,11-04-2011,313387.11,0,59,3.29,216.563,7.716
36,11-11-2011,328498.92,0,64,3.25,216.722,7.716
36,11-18-2011,332901.94,0,66,3.26,216.94,7.716
36,11-25-2011,332811.55,1,66,3.18,217.181,7.716
36,12-02-2011,293350.51,0,54,3.16,217.423,7.716
36,12-09-2011,312298.37,0,51,3.15,217.665,7.716
36,12-16-2011,341503.92,0,58,3.13,217.878,7.716
36,12-23-2011,325262.46,0,55,3.1,218.054,7.716
36,12-30-2011,287425.22,1,48,3.13,218.23,7.716
36,01-06-2012,329467.82,0,57,3.13,218.406,7.244
36,01-13-2012,325976.34,0,56,3.25,218.582,7.244
36,01-20-2012,330927.21,0,59,3.28,218.676,7.244
36,01-27-2012,301444.94,0,63,3.31,218.769,7.244
36,02-03-2012,310982.87,0,61,3.42,218.862,7.244
36,02-10-2012,335741.9,1,54,3.46,218.955,7.244
36,02-17-2012,326316.73,0,54,3.5,219.115,7.244
36,02-24-2012,313270.45,0,62,3.55,219.324,7.244
36,03-02-2012,315396.72,0,65,3.62,219.534,7.244
36,03-09-2012,318674.93,0,63,3.65,219.744,7.244
36,03-16-2012,335345.82,0,67,3.78,219.896,7.244
36,03-23-2012,317872.51,0,69,3.84,219.971,7.244
36,03-30-2012,304144.9,0,70,3.89,220.045,7.244
36,04-06-2012,331026.11,0,74,3.93,220.12,6.989
36,04-13-2012,339407.94,0,73,3.92,220.195,6.989
36,04-20-2012,323915.32,0,71,3.92,220.248,6.989
36,04-27-2012,308389.82,0,70,3.89,220.301,6.989
36,05-04-2012,312467.52,0,77,3.84,220.355,6.989
36,05-11-2012,330518.34,0,77,3.76,220.408,6.989
36,05-18-2012,324801.13,0,74,3.71,220.425,6.989
36,05-25-2012,306098.17,0,79,3.64,220.429,6.989
36,06-01-2012,306005.53,0,81,3.57,220.432,6.989
36,06-08-2012,338273.38,0,82,3.51,220.436,6.989
36,06-15-2012,333146.88,0,82,3.41,220.449,6.989
36,06-22-2012,306411.01,0,80,3.36,220.489,6.989
36,06-29-2012,291530.43,0,87,3.27,220.528,6.989
36,07-06-2012,306578.89,0,82,3.23,220.567,6.623
36,07-13-2012,298337.41,0,78,3.24,220.606,6.623
36,07-20-2012,303289.55,0,82,3.3,220.615,6.623
36,07-27-2012,279643.43,0,84,3.39,220.623,6.623
36,08-03-2012,304989.97,0,86,3.4,220.632,6.623
36,08-10-2012,298947.51,0,84,3.49,220.64,6.623
36,08-17-2012,314607.22,0,86,3.57,220.72,6.623
36,08-24-2012,282545.55,0,81,3.57,220.853,6.623
36,08-31-2012,282647.48,0,85,3.61,220.985,6.623
36,09-07-2012,293728.57,1,84,3.7,221.118,6.623
36,09-14-2012,301893.63,0,78,3.69,221.26,6.623
36,09-21-2012,293804.45,0,76,3.71,221.458,6.623
36,09-28-2012,270677.98,0,79,3.66,221.656,6.623
36,10-05-2012,277137.86,0,74,3.61,221.853,6.228
36,10-12-2012,300236.85,0,71,3.58,222.051,6.228
36,10-19-2012,287360.05,0,74,3.57,222.095,6.228
36,10-26-2012,272489.41,0,74,3.49,222.114,6.228
37,02-05-2010,536006.73,0,46,2.57,209.853,8.554
37,02-12-2010,529852.7,1,46,2.55,209.997,8.554
37,02-19-2010,510382.5,0,46,2.51,210.045,8.554
37,02-26-2010,513615.82,0,51,2.56,210.077,8.554
37,03-05-2010,519255.68,0,51,2.62,210.109,8.554
37,03-12-2010,513015.35,0,62,2.67,210.141,8.554
37,03-19-2010,460020.74,0,60,2.72,209.98,8.554
37,03-26-2010,515777.97,0,56,2.73,209.787,8.554
37,04-02-2010,540189.7,0,63,2.72,209.594,8.464
37,04-09-2010,513327.55,0,69,2.77,209.401,8.464
37,04-16-2010,524544.83,0,67,2.81,209.269,8.464
37,04-23-2010,527019.78,0,68,2.8,209.22,8.464
37,04-30-2010,517850.83,0,71,2.78,209.171,8.464
37,05-07-2010,543234.77,0,76,2.84,209.122,8.464
37,05-14-2010,505196.08,0,78,2.85,209.119,8.464
37,05-21-2010,510494.7,0,77,2.83,209.392,8.464
37,05-28-2010,532241.22,0,81,2.76,209.666,8.464
37,06-04-2010,479195.02,0,80,2.7,209.94,8.464
37,06-11-2010,481915.11,0,82,2.67,210.214,8.464
37,06-18-2010,505761.62,0,84,2.64,210.211,8.464
37,06-25-2010,485419.39,0,84,2.65,210.098,8.464
37,07-02-2010,498292.53,0,82,2.67,209.984,8.36
37,07-09-2010,502456.04,0,82,2.64,209.871,8.36
37,07-16-2010,485150.01,0,84,2.62,209.863,8.36
37,07-23-2010,491998.12,0,83,2.61,209.996,8.36
37,07-30-2010,487912.95,0,82,2.64,210.129,8.36
37,08-06-2010,508576.62,0,85,2.63,210.261,8.36
37,08-13-2010,491815.83,0,86,2.69,210.394,8.36
37,08-20-2010,486930.72,0,86,2.66,210.362,8.36
37,08-27-2010,512157.25,0,85,2.62,210.329,8.36
37,09-03-2010,510427.53,0,82,2.58,210.297,8.36
37,09-10-2010,510296.07,1,81,2.56,210.264,8.36
37,09-17-2010,501251.4,0,82,2.58,210.292,8.36
37,09-24-2010,494265.48,0,79,2.62,210.366,8.36
37,10-01-2010,529877.93,0,75,2.6,210.44,8.476
37,10-08-2010,524483.65,0,66,2.63,210.514,8.476
37,10-15-2010,498925.86,0,72,2.72,210.581,8.476
37,10-22-2010,510425.4,0,72,2.72,210.627,8.476
37,10-29-2010,514485.9,0,76,2.72,210.674,8.476
37,11-05-2010,539683.42,0,63,2.69,210.72,8.476
37,11-12-2010,517546.69,0,62,2.73,210.767,8.476
37,11-19-2010,518124.16,0,57,2.77,210.654,8.476
37,11-26-2010,518220.72,1,68,2.74,210.515,8.476
37,12-03-2010,508213.14,0,54,2.71,210.376,8.476
37,12-10-2010,511207.52,0,52,2.84,210.237,8.476
37,12-17-2010,534285.21,0,57,2.87,210.179,8.476
37,12-24-2010,576809.92,0,59,2.89,210.181,8.476
37,12-31-2010,460331.7,1,53,2.94,210.182,8.476
37,01-07-2011,542464.02,0,54,2.98,210.184,8.395
37,01-14-2011,525616.9,0,43,2.98,210.238,8.395
37,01-21-2011,526486.82,0,51,3.02,210.603,8.395
37,01-28-2011,513672.36,0,49,3.01,210.968,8.395
37,02-04-2011,583835.18,0,47,2.99,211.333,8.395
37,02-11-2011,522514.32,1,41,3.02,211.699,8.395
37,02-18-2011,536840.69,0,57,3.04,212.006,8.395
37,02-25-2011,514758.19,0,68,3.06,212.291,8.395
37,03-04-2011,527572.25,0,65,3.29,212.576,8.395
37,03-11-2011,505610.4,0,59,3.46,212.861,8.395
37,03-18-2011,478503.06,0,65,3.49,213.11,8.395
37,03-25-2011,522105.93,0,71,3.47,213.344,8.395
37,04-01-2011,534578.78,0,67,3.52,213.578,8.3
37,04-08-2011,543703.16,0,69,3.62,213.812,8.3
37,04-15-2011,543775.87,0,73,3.74,214.026,8.3
37,04-22-2011,526434.37,0,75,3.81,214.192,8.3
37,04-29-2011,502918.18,0,76,3.81,214.358,8.3
37,05-06-2011,547513.3,0,70,3.91,214.524,8.3
37,05-13-2011,511871.63,0,77,3.9,214.69,8.3
37,05-20-2011,533564.42,0,73,3.91,214.465,8.3
37,05-27-2011,507086.75,0,81,3.79,214.241,8.3
37,06-03-2011,500381.23,0,83,3.7,214.016,8.3
37,06-10-2011,509647.25,0,82,3.65,213.792,8.3
37,06-17-2011,525132.36,0,84,3.64,213.748,8.3
37,06-24-2011,509276.22,0,84,3.59,213.84,8.3
37,07-01-2011,517021.3,0,85,3.52,213.932,8.177
37,07-08-2011,489059.93,0,85,3.48,214.025,8.177
37,07-15-2011,498749.62,0,86,3.58,214.108,8.177
37,07-22-2011,505543.53,0,83,3.65,214.171,8.177
37,07-29-2011,504974.95,0,85,3.68,214.234,8.177
37,08-05-2011,510787.46,0,87,3.68,214.297,8.177
37,08-12-2011,502504.39,0,88,3.64,214.36,8.177
37,08-19-2011,506897.98,0,87,3.55,214.424,8.177
37,08-26-2011,527947.21,0,86,3.52,214.488,8.177
37,09-02-2011,530367.83,0,88,3.53,214.552,8.177
37,09-09-2011,506273.74,1,78,3.55,214.616,8.177
37,09-16-2011,513341.94,0,82,3.53,214.793,8.177
37,09-23-2011,516556.94,0,78,3.47,215.123,8.177
37,09-30-2011,516402.1,0,82,3.36,215.453,8.177
37,10-07-2011,522816.85,0,71,3.28,215.783,7.716
37,10-14-2011,513636.01,0,74,3.27,216.089,7.716
37,10-21-2011,522784.33,0,68,3.35,216.247,7.716
37,10-28-2011,517355.44,0,71,3.37,216.405,7.716
37,11-04-2011,555925.6,0,59,3.33,216.563,7.716
37,11-11-2011,501268.78,0,64,3.3,216.722,7.716
37,11-18-2011,527495.09,0,66,3.31,216.94,7.716
37,11-25-2011,522554.04,1,66,3.24,217.181,7.716
37,12-02-2011,527117.81,0,54,3.17,217.423,7.716
37,12-09-2011,537224.52,0,51,3.16,217.665,7.716
37,12-16-2011,533905.67,0,58,3.16,217.878,7.716
37,12-23-2011,605791.46,0,55,3.11,218.054,7.716
37,12-30-2011,451327.61,1,48,3.13,218.23,7.716
37,01-06-2012,558343.57,0,57,3.16,218.406,7.244
37,01-13-2012,546221.4,0,56,3.26,218.582,7.244
37,01-20-2012,543894.07,0,59,3.27,218.676,7.244
37,01-27-2012,514116.58,0,63,3.29,218.769,7.244
37,02-03-2012,555424.24,0,61,3.36,218.862,7.244
37,02-10-2012,527041.46,1,54,3.41,218.955,7.244
37,02-17-2012,541071.29,0,54,3.51,219.115,7.244
37,02-24-2012,518696.89,0,62,3.56,219.324,7.244
37,03-02-2012,525559.17,0,65,3.63,219.534,7.244
37,03-09-2012,535937.25,0,63,3.67,219.744,7.244
37,03-16-2012,484588.34,0,67,3.73,219.896,7.244
37,03-23-2012,520887.23,0,69,3.79,219.971,7.244
37,03-30-2012,533734.94,0,70,3.84,220.045,7.244
37,04-06-2012,564848.78,0,74,3.89,220.12,6.989
37,04-13-2012,506973.17,0,73,3.89,220.195,6.989
37,04-20-2012,523483.19,0,71,3.88,220.248,6.989
37,04-27-2012,528807.45,0,70,3.81,220.301,6.989
37,05-04-2012,535311.64,0,77,3.75,220.355,6.989
37,05-11-2012,527983.04,0,77,3.69,220.408,6.989
37,05-18-2012,534847.96,0,74,3.63,220.425,6.989
37,05-25-2012,540625.79,0,79,3.56,220.429,6.989
37,06-01-2012,531811.85,0,81,3.5,220.432,6.989
37,06-08-2012,528940.78,0,82,3.45,220.436,6.989
37,06-15-2012,508573.16,0,82,3.39,220.449,6.989
37,06-22-2012,484032.75,0,80,3.35,220.489,6.989
37,06-29-2012,508309.81,0,87,3.29,220.528,6.989
37,07-06-2012,519498.32,0,82,3.23,220.567,6.623
37,07-13-2012,506005.47,0,78,3.26,220.606,6.623
37,07-20-2012,503744.56,0,82,3.31,220.615,6.623
37,07-27-2012,514489.17,0,84,3.41,220.623,6.623
37,08-03-2012,521959.28,0,86,3.42,220.632,6.623
37,08-10-2012,500964.59,0,84,3.49,220.64,6.623
37,08-17-2012,509633.71,0,86,3.57,220.72,6.623
37,08-24-2012,522665.04,0,81,3.62,220.853,6.623
37,08-31-2012,538344.1,0,85,3.64,220.985,6.623
37,09-07-2012,526838.14,1,84,3.73,221.118,6.623
37,09-14-2012,514651.74,0,78,3.72,221.26,6.623
37,09-21-2012,521320.98,0,76,3.72,221.458,6.623
37,09-28-2012,527953.14,0,79,3.67,221.656,6.623
37,10-05-2012,546122.37,0,74,3.62,221.853,6.228
37,10-12-2012,521810.75,0,71,3.6,222.051,6.228
37,10-19-2012,551969.1,0,74,3.59,222.095,6.228
37,10-26-2012,534738.43,0,74,3.51,222.114,6.228
38,02-05-2010,358496.14,0,49,2.96,126.442,13.975
38,02-12-2010,342214.9,1,48,2.95,126.496,13.975
38,02-19-2010,327237.92,0,55,2.92,126.526,13.975
38,02-26-2010,334222.73,0,50,2.82,126.552,13.975
38,03-05-2010,372239.89,0,54,2.99,126.578,13.975
38,03-12-2010,342023.92,0,50,2.92,126.604,13.975
38,03-19-2010,333025.47,0,60,3.05,126.607,13.975
38,03-26-2010,335858.11,0,60,3.08,126.605,13.975
38,04-02-2010,368929.55,0,60,3.09,126.603,14.099
38,04-09-2010,341630.46,0,59,3.09,126.602,14.099
38,04-16-2010,337723.49,0,65,3.11,126.562,14.099
38,04-23-2010,335121.82,0,65,3.05,126.471,14.099
38,04-30-2010,337979.65,0,67,3.1,126.381,14.099
38,05-07-2010,383657.44,0,70,3.13,126.29,14.099
38,05-14-2010,346174.3,0,68,3.14,126.209,14.099
38,05-21-2010,340497.08,0,76,3.12,126.184,14.099
38,05-28-2010,326469.43,0,68,3.06,126.16,14.099
38,06-04-2010,376184.88,0,81,2.94,126.136,14.099
38,06-11-2010,354828.65,0,91,2.95,126.112,14.099
38,06-18-2010,335691.85,0,81,3.04,126.114,14.099
38,06-25-2010,322046.76,0,87,3.08,126.127,14.099
38,07-02-2010,361181.48,0,92,3.1,126.139,14.18
38,07-09-2010,343850.34,0,90,3.1,126.152,14.18
38,07-16-2010,338277.71,0,97,3.09,126.15,14.18
38,07-23-2010,328336.85,0,99,3.11,126.128,14.18
38,07-30-2010,336378.38,0,96,3.02,126.107,14.18
38,08-06-2010,378574.44,0,93,3.12,126.085,14.18
38,08-13-2010,341400.72,0,87,3.16,126.064,14.18
38,08-20-2010,329139.73,0,93,3.04,126.077,14.18
38,08-27-2010,322868.56,0,93,3.13,126.089,14.18
38,09-03-2010,377096.55,0,83,3.09,126.102,14.18
38,09-10-2010,336227.69,1,84,3.04,126.115,14.18
38,09-17-2010,336253.19,0,82,3.03,126.145,14.18
38,09-24-2010,330604.9,0,82,2.94,126.19,14.18
38,10-01-2010,360256.58,0,85,3.0,126.235,14.313
38,10-08-2010,351271.36,0,72,3.01,126.279,14.313
38,10-15-2010,337743.26,0,75,2.98,126.327,14.313
38,10-22-2010,339042.18,0,69,3.01,126.382,14.313
38,10-29-2010,341219.63,0,61,3.02,126.436,14.313
38,11-05-2010,380870.09,0,65,3.13,126.491,14.313
38,11-12-2010,340147.2,0,58,3.13,126.546,14.313
38,11-19-2010,348593.99,0,58,3.16,126.607,14.313
38,11-26-2010,360857.98,1,48,3.16,126.669,14.313
38,12-03-2010,351925.36,0,43,3.04,126.731,14.313
38,12-10-2010,355965.23,0,50,3.2,126.793,14.313
38,12-17-2010,334441.15,0,53,3.24,126.879,14.313
38,12-24-2010,369106.72,0,52,3.24,126.984,14.313
38,12-31-2010,303908.81,1,46,3.15,127.088,14.313
38,01-07-2011,386344.54,0,38,3.29,127.192,14.021
38,01-14-2011,356138.79,0,43,3.31,127.301,14.021
38,01-21-2011,341098.08,0,54,3.22,127.44,14.021
38,01-28-2011,357557.16,0,51,3.34,127.58,14.021
38,02-04-2011,402341.76,0,45,3.35,127.72,14.021
38,02-11-2011,377672.46,1,51,3.38,127.859,14.021
38,02-18-2011,364606.7,0,53,3.43,127.995,14.021
38,02-25-2011,354232.34,0,48,3.53,128.13,14.021
38,03-04-2011,405429.43,0,52,3.67,128.265,14.021
38,03-11-2011,357897.18,0,58,3.82,128.399,14.021
38,03-18-2011,349459.95,0,64,3.69,128.512,14.021
38,03-25-2011,351541.62,0,54,3.91,128.616,14.021
38,04-01-2011,382098.13,0,64,3.77,128.72,13.736
38,04-08-2011,392152.3,0,64,4.0,128.824,13.736
38,04-15-2011,362758.94,0,58,3.87,128.911,13.736
38,04-22-2011,362952.34,0,72,4.13,128.955,13.736
38,04-29-2011,344225.99,0,68,4.15,129.0,13.736
38,05-06-2011,422186.65,0,68,4.19,129.044,13.736
38,05-13-2011,366977.79,0,71,4.2,129.089,13.736
38,05-20-2011,365730.76,0,67,4.17,129.076,13.736
38,05-27-2011,356886.1,0,77,4.09,129.062,13.736
38,06-03-2011,396826.06,0,72,4.03,129.049,13.736
38,06-10-2011,381763.02,0,79,3.98,129.036,13.736
38,06-17-2011,356797.0,0,87,3.94,129.043,13.736
38,06-24-2011,354078.95,0,89,3.9,129.066,13.736
38,07-01-2011,387334.04,0,90,3.84,129.089,13.503
38,07-08-2011,399699.17,0,90,3.7,129.113,13.503
38,07-15-2011,367181.71,0,88,3.69,129.134,13.503
38,07-22-2011,365562.67,0,91,3.79,129.151,13.503
38,07-29-2011,355131.33,0,93,3.8,129.168,13.503
38,08-05-2011,437631.44,0,91,3.8,129.185,13.503
38,08-12-2011,387844.05,0,91,3.7,129.202,13.503
38,08-19-2011,362224.7,0,92,3.74,129.241,13.503
38,08-26-2011,365672.55,0,95,3.74,129.283,13.503
38,09-02-2011,416953.51,0,94,3.8,129.326,13.503
38,09-09-2011,397771.68,1,88,3.91,129.369,13.503
38,09-16-2011,408188.88,0,76,3.92,129.431,13.503
38,09-23-2011,394665.28,0,83,3.79,129.518,13.503
38,09-30-2011,366819.84,0,83,3.88,129.606,13.503
38,10-07-2011,449516.29,0,70,3.83,129.694,12.89
38,10-14-2011,400430.78,0,67,3.8,129.771,12.89
38,10-21-2011,402709.17,0,73,3.84,129.782,12.89
38,10-28-2011,378539.17,0,67,3.73,129.794,12.89
38,11-04-2011,436970.1,0,60,3.83,129.805,12.89
38,11-11-2011,411116.95,0,49,3.82,129.817,12.89
38,11-18-2011,392003.13,0,54,3.81,129.827,12.89
38,11-25-2011,393715.71,1,53,3.62,129.836,12.89
38,12-02-2011,411252.02,0,52,3.7,129.846,12.89
38,12-09-2011,435401.64,0,42,3.64,129.856,12.89
38,12-16-2011,404283.84,0,43,3.6,129.898,12.89
38,12-23-2011,419717.41,0,45,3.54,129.985,12.89
38,12-30-2011,342667.35,1,45,3.43,130.071,12.89
38,01-06-2012,478483.2,0,50,3.6,130.158,12.187
38,01-13-2012,423260.82,0,48,3.66,130.244,12.187
38,01-20-2012,405215.91,0,46,3.66,130.279,12.187
38,01-27-2012,412882.31,0,50,3.68,130.314,12.187
38,02-03-2012,457711.68,0,51,3.7,130.35,12.187
38,02-10-2012,469787.38,1,52,3.72,130.385,12.187
38,02-17-2012,415513.97,0,52,3.78,130.455,12.187
38,02-24-2012,409411.61,0,53,3.95,130.55,12.187
38,03-02-2012,471115.38,0,52,4.18,130.646,12.187
38,03-09-2012,452792.53,0,55,4.25,130.741,12.187
38,03-16-2012,428465.11,0,64,4.27,130.826,12.187
38,03-23-2012,412456.48,0,56,4.04,130.897,12.187
38,03-30-2012,408679.36,0,64,4.29,130.967,12.187
38,04-06-2012,499267.66,0,64,4.12,131.038,11.627
38,04-13-2012,435790.74,0,64,4.25,131.108,11.627
38,04-20-2012,401615.8,0,67,4.22,131.117,11.627
38,04-27-2012,419964.77,0,78,4.19,131.127,11.627
38,05-04-2012,491755.69,0,76,4.17,131.136,11.627
38,05-11-2012,429914.6,0,77,4.19,131.145,11.627
38,05-18-2012,412314.71,0,85,4.11,131.098,11.627
38,05-25-2012,422810.12,0,84,4.29,131.029,11.627
38,06-01-2012,435579.7,0,78,4.28,130.959,11.627
38,06-08-2012,448110.25,0,85,4.1,130.89,11.627
38,06-15-2012,430222.07,0,86,4.14,130.83,11.627
38,06-22-2012,405938.35,0,92,4.01,130.793,11.627
38,06-29-2012,404634.36,0,90,3.88,130.756,11.627
38,07-06-2012,471086.22,0,89,3.76,130.72,10.926
38,07-13-2012,416036.75,0,96,3.72,130.683,10.926
38,07-20-2012,441683.74,0,86,3.73,130.701,10.926
38,07-27-2012,407186.47,0,93,3.77,130.72,10.926
38,08-03-2012,469311.17,0,88,3.76,130.738,10.926
38,08-10-2012,436690.13,0,96,3.81,130.756,10.926
38,08-17-2012,411866.46,0,95,4.0,130.791,10.926
38,08-24-2012,397428.22,0,85,4.06,130.838,10.926
38,08-31-2012,424904.95,0,90,4.09,130.885,10.926
38,09-07-2012,490274.82,1,89,4.12,130.933,10.926
38,09-14-2012,430944.39,0,84,4.13,130.978,10.926
38,09-21-2012,409600.98,0,83,4.12,131.01,10.926
38,09-28-2012,398468.08,0,81,3.97,131.043,10.926
38,10-05-2012,458479.01,0,82,3.97,131.076,10.199
38,10-12-2012,437320.66,0,72,4.47,131.108,10.199
38,10-19-2012,428806.46,0,69,4.45,131.15,10.199
38,10-26-2012,417290.38,0,66,4.3,131.193,10.199
39,02-05-2010,1230596.8,0,44,2.57,209.853,8.554
39,02-12-2010,1266229.07,1,45,2.55,209.997,8.554
39,02-19-2010,1230591.97,0,44,2.51,210.045,8.554
39,02-26-2010,1168582.02,0,50,2.56,210.077,8.554
39,03-05-2010,1266254.21,0,51,2.62,210.109,8.554
39,03-12-2010,1244391.83,0,62,2.67,210.141,8.554
39,03-19-2010,1301590.13,0,59,2.72,209.98,8.554
39,03-26-2010,1235094.66,0,55,2.73,209.787,8.554
39,04-02-2010,1463942.62,0,63,2.72,209.594,8.464
39,04-09-2010,1327035.27,0,68,2.77,209.401,8.464
39,04-16-2010,1242874.98,0,66,2.81,209.269,8.464
39,04-23-2010,1280231.85,0,68,2.8,209.22,8.464
39,04-30-2010,1263836.59,0,70,2.78,209.171,8.464
39,05-07-2010,1355704.21,0,75,2.84,209.122,8.464
39,05-14-2010,1226997.7,0,77,2.85,209.119,8.464
39,05-21-2010,1350673.98,0,77,2.83,209.392,8.464
39,05-28-2010,1365541.59,0,80,2.76,209.666,8.464
39,06-04-2010,1512207.95,0,80,2.7,209.94,8.464
39,06-11-2010,1371405.33,0,82,2.67,210.214,8.464
39,06-18-2010,1368312.45,0,84,2.64,210.211,8.464
39,06-25-2010,1280414.8,0,83,2.65,210.098,8.464
39,07-02-2010,1352547.7,0,81,2.67,209.984,8.36
39,07-09-2010,1330473.47,0,81,2.64,209.871,8.36
39,07-16-2010,1339811.68,0,84,2.62,209.863,8.36
39,07-23-2010,1314651.83,0,82,2.61,209.996,8.36
39,07-30-2010,1308222.24,0,81,2.64,210.129,8.36
39,08-06-2010,1409989.67,0,85,2.63,210.261,8.36
39,08-13-2010,1371465.66,0,86,2.69,210.394,8.36
39,08-20-2010,1471816.52,0,86,2.66,210.362,8.36
39,08-27-2010,1417515.93,0,84,2.62,210.329,8.36
39,09-03-2010,1345167.61,0,82,2.58,210.297,8.36
39,09-10-2010,1279666.47,1,80,2.56,210.264,8.36
39,09-17-2010,1252915.43,0,82,2.58,210.292,8.36
39,09-24-2010,1199449.54,0,78,2.62,210.366,8.36
39,10-01-2010,1219583.91,0,73,2.6,210.44,8.476
39,10-08-2010,1286598.59,0,65,2.63,210.514,8.476
39,10-15-2010,1238742.0,0,70,2.72,210.581,8.476
39,10-22-2010,1261109.01,0,72,2.72,210.627,8.476
39,10-29-2010,1294769.08,0,75,2.72,210.674,8.476
39,11-05-2010,1293707.19,0,62,2.69,210.72,8.476
39,11-12-2010,1291398.71,0,62,2.73,210.767,8.476
39,11-19-2010,1370659.54,0,56,2.77,210.654,8.476
39,11-26-2010,2149355.2,1,68,2.74,210.515,8.476
39,12-03-2010,1431910.98,0,54,2.71,210.376,8.476
39,12-10-2010,1630564.48,0,51,2.84,210.237,8.476
39,12-17-2010,1842172.46,0,55,2.87,210.179,8.476
39,12-24-2010,2495489.25,0,59,2.89,210.181,8.476
39,12-31-2010,1230012.16,1,52,2.94,210.182,8.476
39,01-07-2011,1224475.12,0,53,2.98,210.184,8.395
39,01-14-2011,1193199.39,0,42,2.98,210.238,8.395
39,01-21-2011,1243370.74,0,50,3.02,210.603,8.395
39,01-28-2011,1158698.44,0,48,3.01,210.968,8.395
39,02-04-2011,1343773.94,0,46,2.99,211.333,8.395
39,02-11-2011,1227893.89,1,40,3.02,211.699,8.395
39,02-18-2011,1335233.74,0,58,3.04,212.006,8.395
39,02-25-2011,1240921.19,0,68,3.06,212.291,8.395
39,03-04-2011,1316385.43,0,64,3.29,212.576,8.395
39,03-11-2011,1283716.81,0,58,3.46,212.861,8.395
39,03-18-2011,1348410.05,0,65,3.49,213.11,8.395
39,03-25-2011,1284334.79,0,71,3.47,213.344,8.395
39,04-01-2011,1316849.36,0,67,3.52,213.578,8.3
39,04-08-2011,1350646.16,0,69,3.62,213.812,8.3
39,04-15-2011,1348031.55,0,73,3.74,214.026,8.3
39,04-22-2011,1563140.85,0,75,3.81,214.192,8.3
39,04-29-2011,1379651.87,0,76,3.81,214.358,8.3
39,05-06-2011,1370920.87,0,69,3.91,214.524,8.3
39,05-13-2011,1325022.77,0,77,3.9,214.69,8.3
39,05-20-2011,1373907.21,0,73,3.91,214.465,8.3
39,05-27-2011,1406124.14,0,82,3.79,214.241,8.3
39,06-03-2011,1541745.59,0,84,3.7,214.016,8.3
39,06-10-2011,1442092.08,0,83,3.65,213.792,8.3
39,06-17-2011,1451392.67,0,85,3.64,213.748,8.3
39,06-24-2011,1363167.95,0,84,3.59,213.84,8.3
39,07-01-2011,1429829.36,0,85,3.52,213.932,8.177
39,07-08-2011,1414564.53,0,84,3.48,214.025,8.177
39,07-15-2011,1380257.12,0,86,3.58,214.108,8.177
39,07-22-2011,1416005.59,0,85,3.65,214.171,8.177
39,07-29-2011,1426418.53,0,86,3.68,214.234,8.177
39,08-05-2011,1518790.89,0,88,3.68,214.297,8.177
39,08-12-2011,1514055.97,0,88,3.64,214.36,8.177
39,08-19-2011,1629066.9,0,88,3.55,214.424,8.177
39,08-26-2011,1573898.63,0,86,3.52,214.488,8.177
39,09-02-2011,1465089.85,0,89,3.53,214.552,8.177
39,09-09-2011,1429345.86,1,79,3.55,214.616,8.177
39,09-16-2011,1372500.63,0,83,3.53,214.793,8.177
39,09-23-2011,1338657.95,0,79,3.47,215.123,8.177
39,09-30-2011,1311775.83,0,82,3.36,215.453,8.177
39,10-07-2011,1443884.39,0,72,3.28,215.783,7.716
39,10-14-2011,1384721.84,0,74,3.27,216.089,7.716
39,10-21-2011,1465283.29,0,68,3.35,216.247,7.716
39,10-28-2011,1472663.1,0,71,3.37,216.405,7.716
39,11-04-2011,1553629.59,0,58,3.33,216.563,7.716
39,11-11-2011,1456957.38,0,63,3.3,216.722,7.716
39,11-18-2011,1510397.27,0,66,3.31,216.94,7.716
39,11-25-2011,2338832.4,1,66,3.24,217.181,7.716
39,12-02-2011,1632894.58,0,53,3.17,217.423,7.716
39,12-09-2011,1781528.77,0,49,3.16,217.665,7.716
39,12-16-2011,1991824.05,0,59,3.16,217.878,7.716
39,12-23-2011,2554482.84,0,55,3.11,218.054,7.716
39,12-30-2011,1537139.56,1,48,3.13,218.23,7.716
39,01-06-2012,1478537.93,0,56,3.16,218.406,7.244
39,01-13-2012,1369125.37,0,55,3.26,218.582,7.244
39,01-20-2012,1394841.03,0,58,3.27,218.676,7.244
39,01-27-2012,1320301.61,0,61,3.29,218.769,7.244
39,02-03-2012,1396150.15,0,61,3.36,218.862,7.244
39,02-10-2012,1442988.44,1,53,3.41,218.955,7.244
39,02-17-2012,1511041.69,0,53,3.51,219.115,7.244
39,02-24-2012,1412065.04,0,61,3.56,219.324,7.244
39,03-02-2012,1453047.02,0,64,3.63,219.534,7.244
39,03-09-2012,1470764.35,0,62,3.67,219.744,7.244
39,03-16-2012,1522421.07,0,66,3.73,219.896,7.244
39,03-23-2012,1469593.37,0,68,3.79,219.971,7.244
39,03-30-2012,1499727.02,0,69,3.84,220.045,7.244
39,04-06-2012,1764847.94,0,73,3.89,220.12,6.989
39,04-13-2012,1580732.73,0,72,3.89,220.195,6.989
39,04-20-2012,1433391.04,0,70,3.88,220.248,6.989
39,04-27-2012,1456997.2,0,69,3.81,220.301,6.989
39,05-04-2012,1512227.34,0,77,3.75,220.355,6.989
39,05-11-2012,1470792.41,0,76,3.69,220.408,6.989
39,05-18-2012,1522978.54,0,72,3.63,220.425,6.989
39,05-25-2012,1596036.66,0,78,3.56,220.429,6.989
39,06-01-2012,1640476.77,0,80,3.5,220.432,6.989
39,06-08-2012,1623442.24,0,81,3.45,220.436,6.989
39,06-15-2012,1587499.82,0,81,3.39,220.449,6.989
39,06-22-2012,1532316.79,0,80,3.35,220.489,6.989
39,06-29-2012,1492388.98,0,86,3.29,220.528,6.989
39,07-06-2012,1659221.99,0,81,3.23,220.567,6.623
39,07-13-2012,1471261.76,0,78,3.26,220.606,6.623
39,07-20-2012,1582168.27,0,80,3.31,220.615,6.623
39,07-27-2012,1487797.54,0,83,3.41,220.623,6.623
39,08-03-2012,1608277.74,0,84,3.42,220.632,6.623
39,08-10-2012,1641867.92,0,83,3.49,220.64,6.623
39,08-17-2012,1720221.91,0,85,3.57,220.72,6.623
39,08-24-2012,1724669.75,0,80,3.62,220.853,6.623
39,08-31-2012,1710923.94,0,84,3.64,220.985,6.623
39,09-07-2012,1609811.75,1,84,3.73,221.118,6.623
39,09-14-2012,1447614.08,0,77,3.72,221.26,6.623
39,09-21-2012,1555672.51,0,74,3.72,221.458,6.623
39,09-28-2012,1495607.07,0,78,3.67,221.656,6.623
39,10-05-2012,1574408.67,0,72,3.62,221.853,6.228
39,10-12-2012,1494417.07,0,70,3.6,222.051,6.228
39,10-19-2012,1577486.33,0,71,3.59,222.095,6.228
39,10-26-2012,1569502.0,0,73,3.51,222.114,6.228
40,02-05-2010,1001943.8,0,14,2.79,131.528,5.892
40,02-12-2010,955338.29,1,21,2.77,131.587,5.892
40,02-19-2010,916289.2,0,28,2.75,131.637,5.892
40,02-26-2010,863917.41,0,33,2.75,131.686,5.892
40,03-05-2010,990152.28,0,35,2.77,131.735,5.892
40,03-12-2010,899352.4,0,35,2.8,131.784,5.892
40,03-19-2010,894865.3,0,41,2.83,131.824,5.892
40,03-26-2010,873354.58,0,40,2.83,131.863,5.892
40,04-02-2010,1041202.13,0,41,2.83,131.902,5.435
40,04-09-2010,919839.19,0,54,2.85,131.941,5.435
40,04-16-2010,882636.96,0,43,2.88,131.981,5.435
40,04-23-2010,844958.49,0,46,2.9,132.023,5.435
40,04-30-2010,816838.31,0,46,2.94,132.064,5.435
40,05-07-2010,1009797.06,0,60,2.98,132.106,5.435
40,05-14-2010,907262.47,0,46,2.98,132.152,5.435
40,05-21-2010,885613.91,0,57,2.96,132.223,5.435
40,05-28-2010,1008483.07,0,68,2.91,132.294,5.435
40,06-04-2010,1052429.03,0,66,2.86,132.365,5.435
40,06-11-2010,1007574.67,0,59,2.83,132.436,5.435
40,06-18-2010,973105.3,0,61,2.8,132.473,5.435
40,06-25-2010,940405.03,0,70,2.81,132.498,5.435
40,07-02-2010,1087578.78,0,65,2.82,132.522,5.326
40,07-09-2010,1058250.91,0,77,2.81,132.546,5.326
40,07-16-2010,959229.09,0,74,2.8,132.567,5.326
40,07-23-2010,922341.82,0,72,2.78,132.583,5.326
40,07-30-2010,953393.02,0,71,2.79,132.598,5.326
40,08-06-2010,1057295.87,0,69,2.79,132.614,5.326
40,08-13-2010,924011.76,0,67,2.81,132.63,5.326
40,08-20-2010,932397.0,0,67,2.8,132.662,5.326
40,08-27-2010,922328.02,0,63,2.77,132.693,5.326
40,09-03-2010,976453.34,0,71,2.74,132.725,5.326
40,09-10-2010,967310.82,1,63,2.72,132.756,5.326
40,09-17-2010,855046.95,0,55,2.72,132.767,5.326
40,09-24-2010,844373.31,0,56,2.72,132.762,5.326
40,10-01-2010,891152.33,0,62,2.72,132.757,5.287
40,10-08-2010,972405.38,0,52,2.78,132.752,5.287
40,10-15-2010,917883.17,0,45,2.88,132.763,5.287
40,10-22-2010,882180.91,0,41,2.92,132.817,5.287
40,10-29-2010,875038.84,0,47,2.94,132.871,5.287
40,11-05-2010,968270.66,0,36,2.94,132.925,5.287
40,11-12-2010,935481.32,0,38,2.96,132.978,5.287
40,11-19-2010,852452.93,0,41,3.03,132.917,5.287
40,11-26-2010,1166142.85,1,33,3.07,132.837,5.287
40,12-03-2010,1000582.06,0,34,3.06,132.757,5.287
40,12-10-2010,1111215.72,0,22,3.13,132.676,5.287
40,12-17-2010,1179036.3,0,23,3.14,132.68,5.287
40,12-24-2010,1648829.18,0,24,3.15,132.748,5.287
40,12-31-2010,811318.3,1,19,3.18,132.815,5.287
40,01-07-2011,894280.19,0,24,3.19,132.882,5.114
40,01-14-2011,771315.62,0,19,3.22,132.951,5.114
40,01-21-2011,764014.75,0,15,3.23,133.029,5.114
40,01-28-2011,775910.43,0,10,3.24,133.106,5.114
40,02-04-2011,904261.65,0,13,3.24,133.183,5.114
40,02-11-2011,931939.52,1,17,3.26,133.261,5.114
40,02-18-2011,968694.45,0,22,3.26,133.37,5.114
40,02-25-2011,888869.27,0,16,3.28,133.492,5.114
40,03-04-2011,977070.62,0,18,3.44,133.614,5.114
40,03-11-2011,860255.58,0,31,3.6,133.736,5.114
40,03-18-2011,871024.26,0,36,3.63,133.849,5.114
40,03-25-2011,834621.39,0,29,3.62,133.959,5.114
40,04-01-2011,841889.08,0,29,3.64,134.068,4.781
40,04-08-2011,947753.32,0,35,3.72,134.178,4.781
40,04-15-2011,874446.32,0,44,3.82,134.278,4.781
40,04-22-2011,965056.4,0,39,3.92,134.357,4.781
40,04-29-2011,847246.5,0,53,3.99,134.436,4.781
40,05-06-2011,1016752.55,0,51,4.08,134.514,4.781
40,05-13-2011,903864.02,0,54,4.1,134.593,4.781
40,05-20-2011,907110.83,0,56,4.1,134.68,4.781
40,05-27-2011,972373.81,0,63,4.03,134.768,4.781
40,06-03-2011,1075687.74,0,66,3.97,134.855,4.781
40,06-10-2011,984336.04,0,64,3.92,134.943,4.781
40,06-17-2011,971422.67,0,59,3.87,135.084,4.781
40,06-24-2011,977103.64,0,63,3.85,135.265,4.781
40,07-01-2011,1048866.3,0,65,3.82,135.447,4.584
40,07-08-2011,1107366.06,0,68,3.78,135.628,4.584
40,07-15-2011,953252.14,0,69,3.83,135.784,4.584
40,07-22-2011,980642.1,0,73,3.88,135.874,4.584
40,07-29-2011,929096.9,0,67,3.9,135.964,4.584
40,08-05-2011,1063818.2,0,68,3.9,136.054,4.584
40,08-12-2011,955506.95,0,68,3.88,136.144,4.584
40,08-19-2011,943237.12,0,64,3.82,136.183,4.584
40,08-26-2011,969611.3,0,65,3.8,136.214,4.584
40,09-02-2011,957298.26,0,64,3.78,136.244,4.584
40,09-09-2011,1021391.99,1,65,3.81,136.275,4.584
40,09-16-2011,890661.79,0,58,3.81,136.314,4.584
40,09-23-2011,876583.98,0,54,3.76,136.367,4.584
40,09-30-2011,912857.1,0,63,3.68,136.42,4.584
40,10-07-2011,1070389.98,0,50,3.63,136.472,4.42
40,10-14-2011,936751.68,0,54,3.58,136.515,4.42
40,10-21-2011,942319.65,0,52,3.62,136.502,4.42
40,10-28-2011,941675.95,0,42,3.6,136.488,4.42
40,11-04-2011,1011321.18,0,35,3.59,136.475,4.42
40,11-11-2011,1037687.07,0,41,3.57,136.462,4.42
40,11-18-2011,905399.99,0,42,3.57,136.467,4.42
40,11-25-2011,1230011.95,1,33,3.54,136.479,4.42
40,12-02-2011,1059676.62,0,39,3.5,136.491,4.42
40,12-09-2011,1158708.98,0,34,3.47,136.503,4.42
40,12-16-2011,1198670.19,0,30,3.44,136.534,4.42
40,12-23-2011,1601585.7,0,24,3.41,136.588,4.42
40,12-30-2011,908853.15,1,19,3.4,136.643,4.42
40,01-06-2012,954576.86,0,23,3.44,136.698,4.261
40,01-13-2012,780607.52,0,26,3.52,136.753,4.261
40,01-20-2012,811365.42,0,14,3.54,136.856,4.261
40,01-27-2012,770157.29,0,23,3.57,136.96,4.261
40,02-03-2012,979552.34,0,28,3.63,137.063,4.261
40,02-10-2012,999785.48,1,24,3.66,137.167,4.261
40,02-17-2012,975500.87,0,26,3.7,137.258,4.261
40,02-24-2012,919301.81,0,30,3.75,137.341,4.261
40,03-02-2012,927732.02,0,24,3.83,137.424,4.261
40,03-09-2012,954233.87,0,31,3.88,137.507,4.261
40,03-16-2012,891154.18,0,37,3.87,137.584,4.261
40,03-23-2012,844490.86,0,52,3.89,137.655,4.261
40,03-30-2012,871945.64,0,36,3.92,137.726,4.261
40,04-06-2012,1132064.23,0,37,3.96,137.797,4.125
40,04-13-2012,857811.17,0,41,4.03,137.868,4.125
40,04-20-2012,896979.93,0,55,4.05,137.923,4.125
40,04-27-2012,875372.91,0,48,4.02,137.978,4.125
40,05-04-2012,993311.59,0,44,3.99,138.033,4.125
40,05-11-2012,967729.35,0,52,3.95,138.088,4.125
40,05-18-2012,896295.41,0,58,3.9,138.107,4.125
40,05-25-2012,991054.49,0,65,3.85,138.11,4.125
40,06-01-2012,1037464.27,0,65,3.8,138.114,4.125
40,06-08-2012,1079386.88,0,56,3.75,138.117,4.125
40,06-15-2012,977950.28,0,63,3.68,138.13,4.125
40,06-22-2012,1033552.18,0,69,3.63,138.163,4.125
40,06-29-2012,988764.84,0,64,3.58,138.196,4.125
40,07-06-2012,1182901.56,0,69,3.54,138.23,4.156
40,07-13-2012,979848.71,0,67,3.56,138.263,4.156
40,07-20-2012,968502.38,0,70,3.61,138.233,4.156
40,07-27-2012,954396.85,0,68,3.7,138.203,4.156
40,08-03-2012,1068346.76,0,70,3.7,138.174,4.156
40,08-10-2012,1007906.43,0,70,3.77,138.144,4.156
40,08-17-2012,969387.48,0,69,3.84,138.186,4.156
40,08-24-2012,945318.47,0,64,3.87,138.281,4.156
40,08-31-2012,987264.67,0,66,3.88,138.377,4.156
40,09-07-2012,1088248.4,1,65,3.92,138.473,4.156
40,09-14-2012,901709.82,0,59,3.99,138.567,4.156
40,09-21-2012,899768.4,0,54,4.06,138.653,4.156
40,09-28-2012,919595.44,0,51,4.02,138.74,4.156
40,10-05-2012,1069112.0,0,57,4.03,138.826,4.145
40,10-12-2012,982523.26,0,47,4.03,138.912,4.145
40,10-19-2012,918170.5,0,46,4.0,138.834,4.145
40,10-26-2012,921264.52,0,50,3.92,138.728,4.145
41,02-05-2010,1086533.18,0,30,2.58,189.382,7.541
41,02-12-2010,1075656.34,1,23,2.57,189.464,7.541
41,02-19-2010,1052034.74,0,24,2.55,189.534,7.541
41,02-26-2010,991941.73,0,22,2.59,189.602,7.541
41,03-05-2010,1063557.49,0,32,2.62,189.67,7.541
41,03-12-2010,1023997.71,0,33,2.68,189.737,7.541
41,03-19-2010,1006597.69,0,37,2.69,189.734,7.541
41,03-26-2010,1015196.46,0,32,2.72,189.72,7.541
41,04-02-2010,1168826.39,0,41,2.72,189.705,7.363
41,04-09-2010,1082158.21,0,37,2.75,189.69,7.363
41,04-16-2010,1043388.79,0,47,2.76,189.663,7.363
41,04-23-2010,1067340.74,0,45,2.78,189.619,7.363
41,04-30-2010,1063960.11,0,40,2.77,189.575,7.363
41,05-07-2010,1175738.22,0,42,2.77,189.531,7.363
41,05-14-2010,1116439.02,0,40,2.79,189.49,7.363
41,05-21-2010,1163234.33,0,51,2.78,189.468,7.363
41,05-28-2010,1246654.24,0,57,2.74,189.445,7.363
41,06-04-2010,1305068.1,0,60,2.7,189.423,7.363
41,06-11-2010,1217199.39,0,63,2.68,189.4,7.363
41,06-18-2010,1202963.06,0,55,2.67,189.419,7.363
41,06-25-2010,1174209.52,0,66,2.72,189.453,7.363
41,07-02-2010,1273279.79,0,69,2.73,189.488,7.335
41,07-09-2010,1176079.59,0,61,2.71,189.523,7.335
41,07-16-2010,1179788.38,0,69,2.7,189.613,7.335
41,07-23-2010,1192213.87,0,71,2.69,189.775,7.335
41,07-30-2010,1211136.63,0,70,2.69,189.937,7.335
41,08-06-2010,1338132.72,0,69,2.69,190.099,7.335
41,08-13-2010,1285976.53,0,70,2.72,190.261,7.335
41,08-20-2010,1353838.39,0,66,2.73,190.295,7.335
41,08-27-2010,1173131.63,0,71,2.73,190.328,7.335
41,09-03-2010,1223355.5,0,64,2.77,190.362,7.335
41,09-10-2010,1172672.27,1,63,2.78,190.396,7.335
41,09-17-2010,1111170.91,0,62,2.8,190.469,7.335
41,09-24-2010,1110941.78,0,60,2.79,190.571,7.335
41,10-01-2010,1109216.35,0,63,2.76,190.674,7.508
41,10-08-2010,1162042.24,0,57,2.74,190.776,7.508
41,10-15-2010,1133913.33,0,50,2.76,190.862,7.508
41,10-22-2010,1156003.7,0,48,2.76,190.907,7.508
41,10-29-2010,1144854.56,0,42,2.75,190.952,7.508
41,11-05-2010,1163878.49,0,47,2.73,190.996,7.508
41,11-12-2010,1175326.23,0,39,2.74,191.041,7.508
41,11-19-2010,1172155.28,0,31,2.76,191.031,7.508
41,11-26-2010,1866681.57,1,25,2.74,191.012,7.508
41,12-03-2010,1220115.75,0,33,2.71,190.993,7.508
41,12-10-2010,1434908.13,0,34,2.73,190.974,7.508
41,12-17-2010,1627904.68,0,32,2.78,191.03,7.508
41,12-24-2010,2225016.73,0,30,2.78,191.143,7.508
41,12-31-2010,1001790.16,1,25,2.83,191.256,7.508
41,01-07-2011,1153596.53,0,24,2.88,191.368,7.241
41,01-14-2011,1052609.16,0,22,2.91,191.478,7.241
41,01-21-2011,1088025.8,0,33,2.97,191.573,7.241
41,01-28-2011,1026439.93,0,32,3.01,191.668,7.241
41,02-04-2011,1179420.5,0,15,3.01,191.763,7.241
41,02-11-2011,1150003.36,1,17,3.04,191.857,7.241
41,02-18-2011,1203399.64,0,39,3.05,191.918,7.241
41,02-25-2011,1099714.93,0,26,3.1,191.965,7.241
41,03-04-2011,1229257.7,0,35,3.23,192.012,7.241
41,03-11-2011,1159089.6,0,32,3.37,192.058,7.241
41,03-18-2011,1115504.26,0,40,3.41,192.124,7.241
41,03-25-2011,1140578.16,0,41,3.41,192.196,7.241
41,04-01-2011,1179125.48,0,38,3.46,192.269,6.934
41,04-08-2011,1206252.12,0,43,3.53,192.342,6.934
41,04-15-2011,1192982.07,0,40,3.61,192.423,6.934
41,04-22-2011,1304481.75,0,43,3.64,192.523,6.934
41,04-29-2011,1178841.05,0,40,3.66,192.624,6.934
41,05-06-2011,1244956.91,0,41,3.74,192.725,6.934
41,05-13-2011,1270025.74,0,50,3.77,192.826,6.934
41,05-20-2011,1244542.33,0,41,3.83,192.831,6.934
41,05-27-2011,1278304.33,0,51,3.8,192.837,6.934
41,06-03-2011,1297584.95,0,55,3.76,192.842,6.934
41,06-10-2011,1311690.11,0,61,3.74,192.847,6.934
41,06-17-2011,1289151.84,0,62,3.7,192.903,6.934
41,06-24-2011,1244381.98,0,60,3.66,192.998,6.934
41,07-01-2011,1333347.78,0,67,3.6,193.093,6.901
41,07-08-2011,1338862.58,0,68,3.54,193.188,6.901
41,07-15-2011,1245772.7,0,68,3.53,193.313,6.901
41,07-22-2011,1292830.93,0,74,3.54,193.512,6.901
41,07-29-2011,1248330.1,0,71,3.55,193.712,6.901
41,08-05-2011,1402233.69,0,72,3.55,193.911,6.901
41,08-12-2011,1356689.88,0,68,3.54,194.111,6.901
41,08-19-2011,1412959.97,0,71,3.5,194.25,6.901
41,08-26-2011,1328740.71,0,72,3.48,194.38,6.901
41,09-02-2011,1283849.38,0,70,3.51,194.509,6.901
41,09-09-2011,1280958.97,1,58,3.57,194.639,6.901
41,09-16-2011,1197019.39,0,55,3.6,194.742,6.901
41,09-23-2011,1173059.79,0,55,3.58,194.81,6.901
41,09-30-2011,1160619.61,0,62,3.54,194.878,6.901
41,10-07-2011,1277882.77,0,59,3.5,194.946,6.759
41,10-14-2011,1247130.22,0,47,3.49,195.026,6.759
41,10-21-2011,1214944.29,0,46,3.55,195.179,6.759
41,10-28-2011,1274463.02,0,37,3.55,195.332,6.759
41,11-04-2011,1315684.86,0,35,3.53,195.485,6.759
41,11-11-2011,1302499.23,0,33,3.5,195.638,6.759
41,11-18-2011,1230118.02,0,37,3.48,195.718,6.759
41,11-25-2011,1906713.35,1,36,3.42,195.77,6.759
41,12-02-2011,1292436.23,0,35,3.38,195.822,6.759
41,12-09-2011,1548661.45,0,17,3.33,195.874,6.759
41,12-16-2011,1682368.32,0,25,3.27,195.984,6.759
41,12-23-2011,2263722.68,0,26,3.17,196.171,6.759
41,12-30-2011,1264014.16,1,34,3.12,196.359,6.759
41,01-06-2012,1208191.61,0,37,3.1,196.546,6.589
41,01-13-2012,1134767.28,0,27,3.08,196.733,6.589
41,01-20-2012,1116295.24,0,32,3.06,196.78,6.589
41,01-27-2012,1079398.81,0,33,3.04,196.826,6.589
41,02-03-2012,1208825.6,0,32,3.03,196.873,6.589
41,02-10-2012,1238844.56,1,22,3.1,196.92,6.589
41,02-17-2012,1330451.46,0,23,3.11,196.943,6.589
41,02-24-2012,1224915.66,0,28,3.13,196.95,6.589
41,03-02-2012,1239813.26,0,27,3.19,196.957,6.589
41,03-09-2012,1243814.77,0,35,3.29,196.963,6.589
41,03-16-2012,1201511.62,0,48,3.49,197.046,6.589
41,03-23-2012,1215354.38,0,44,3.66,197.23,6.589
41,03-30-2012,1239423.19,0,52,3.75,197.413,6.589
41,04-06-2012,1460234.31,0,48,3.85,197.597,6.547
41,04-13-2012,1323004.73,0,47,3.9,197.781,6.547
41,04-20-2012,1220815.33,0,44,3.94,197.723,6.547
41,04-27-2012,1248950.65,0,58,3.93,197.665,6.547
41,05-04-2012,1359770.73,0,53,3.9,197.606,6.547
41,05-11-2012,1353285.1,0,50,3.87,197.548,6.547
41,05-18-2012,1331514.44,0,55,3.84,197.555,6.547
41,05-25-2012,1424500.47,0,55,3.8,197.589,6.547
41,06-01-2012,1374891.36,0,57,3.76,197.622,6.547
41,06-08-2012,1436383.84,0,65,3.74,197.655,6.547
41,06-15-2012,1384584.59,0,65,3.72,197.692,6.547
41,06-22-2012,1386407.17,0,67,3.74,197.739,6.547
41,06-29-2012,1355600.01,0,77,3.69,197.786,6.547
41,07-06-2012,1456300.89,0,74,3.65,197.832,6.432
41,07-13-2012,1332594.07,0,67,3.61,197.879,6.432
41,07-20-2012,1347175.93,0,74,3.58,197.929,6.432
41,07-27-2012,1344723.97,0,73,3.57,197.979,6.432
41,08-03-2012,1439607.35,0,73,3.53,198.029,6.432
41,08-10-2012,1504545.94,0,72,3.51,198.08,6.432
41,08-17-2012,1560590.05,0,66,3.54,198.1,6.432
41,08-24-2012,1464462.85,0,69,3.56,198.098,6.432
41,08-31-2012,1360517.52,0,72,3.56,198.097,6.432
41,09-07-2012,1392143.82,1,67,3.6,198.095,6.432
41,09-14-2012,1306644.25,0,59,3.66,198.127,6.432
41,09-21-2012,1276609.36,0,60,3.76,198.359,6.432
41,09-28-2012,1307928.01,0,56,3.79,198.59,6.432
41,10-05-2012,1400160.95,0,50,3.78,198.822,6.195
41,10-12-2012,1409544.97,0,39,3.76,199.054,6.195
41,10-19-2012,1326197.24,0,50,3.75,199.148,6.195
41,10-26-2012,1316542.59,0,42,3.69,199.22,6.195
42,02-05-2010,543384.01,0,54,2.96,126.442,9.765
42,02-12-2010,575709.96,1,50,2.83,126.496,9.765
42,02-19-2010,508794.87,0,58,2.92,126.526,9.765
42,02-26-2010,491510.58,0,53,2.82,126.552,9.765
42,03-05-2010,554972.42,0,56,2.88,126.578,9.765
42,03-12-2010,588363.62,0,52,3.03,126.604,9.765
42,03-19-2010,519914.1,0,61,3.05,126.607,9.765
42,03-26-2010,478021.68,0,60,2.98,126.605,9.765
42,04-02-2010,505907.41,0,64,3.09,126.603,9.524
42,04-09-2010,582552.26,0,65,3.0,126.602,9.524
42,04-16-2010,549528.16,0,70,3.11,126.562,9.524
42,04-23-2010,492364.77,0,66,3.05,126.471,9.524
42,04-30-2010,477615.87,0,70,3.1,126.381,9.524
42,05-07-2010,582846.22,0,71,3.13,126.29,9.524
42,05-14-2010,564345.55,0,74,3.14,126.209,9.524
42,05-21-2010,504403.16,0,78,3.12,126.184,9.524
42,05-28-2010,484097.03,0,77,3.06,126.16,9.524
42,06-04-2010,556046.12,0,83,2.94,126.136,9.524
42,06-11-2010,607218.6,0,90,3.06,126.112,9.524
42,06-18-2010,529418.64,0,83,2.94,126.114,9.524
42,06-25-2010,484327.56,0,90,3.08,126.127,9.524
42,07-02-2010,507168.8,0,93,2.98,126.139,9.199
42,07-09-2010,570069.48,0,91,3.1,126.152,9.199
42,07-16-2010,558837.27,0,92,2.97,126.15,9.199
42,07-23-2010,491115.86,0,88,3.11,126.128,9.199
42,07-30-2010,469598.57,0,85,3.02,126.107,9.199
42,08-06-2010,579544.21,0,86,3.12,126.085,9.199
42,08-13-2010,583079.97,0,88,3.05,126.064,9.199
42,08-20-2010,500945.63,0,90,3.04,126.077,9.199
42,08-27-2010,465993.51,0,85,3.02,126.089,9.199
42,09-03-2010,524658.06,0,84,3.09,126.102,9.199
42,09-10-2010,589091.04,1,84,2.96,126.115,9.199
42,09-17-2010,536871.58,0,86,3.03,126.145,9.199
42,09-24-2010,492262.96,0,86,2.94,126.19,9.199
42,10-01-2010,481523.93,0,86,3.0,126.235,9.003
42,10-08-2010,599759.45,0,77,2.92,126.279,9.003
42,10-15-2010,559285.35,0,75,3.08,126.327,9.003
42,10-22-2010,522467.51,0,68,3.01,126.382,9.003
42,10-29-2010,476967.65,0,69,3.13,126.436,9.003
42,11-05-2010,565390.4,0,71,3.01,126.491,9.003
42,11-12-2010,588592.61,0,61,3.13,126.546,9.003
42,11-19-2010,524316.21,0,59,3.05,126.607,9.003
42,11-26-2010,522296.71,1,55,3.16,126.669,9.003
42,12-03-2010,500250.8,0,51,3.04,126.731,9.003
42,12-10-2010,585175.24,0,61,3.09,126.793,9.003
42,12-17-2010,537455.65,0,59,3.12,126.879,9.003
42,12-24-2010,555075.27,0,57,3.24,126.984,9.003
42,12-31-2010,428953.6,1,50,3.15,127.088,9.003
42,01-07-2011,592947.75,0,43,3.29,127.192,8.744
42,01-14-2011,613899.15,0,50,3.31,127.301,8.744
42,01-21-2011,533414.62,0,57,3.34,127.44,8.744
42,01-28-2011,499081.79,0,53,3.23,127.58,8.744
42,02-04-2011,586886.16,0,45,3.35,127.72,8.744
42,02-11-2011,628063.88,1,52,3.38,127.859,8.744
42,02-18-2011,556485.1,0,62,3.43,127.995,8.744
42,02-25-2011,526904.08,0,54,3.4,128.13,8.744
42,03-04-2011,570879.04,0,57,3.67,128.265,8.744
42,03-11-2011,607294.56,0,64,3.63,128.399,8.744
42,03-18-2011,558239.32,0,70,3.89,128.512,8.744
42,03-25-2011,522673.62,0,63,3.72,128.616,8.744
42,04-01-2011,508432.17,0,68,3.77,128.72,8.494
42,04-08-2011,620087.35,0,73,3.82,128.824,8.494
42,04-15-2011,597644.02,0,61,4.09,128.911,8.494
42,04-22-2011,534597.69,0,76,3.92,128.955,8.494
42,04-29-2011,496010.17,0,73,4.15,129.0,8.494
42,05-06-2011,612337.35,0,74,4.19,129.044,8.494
42,05-13-2011,603024.75,0,74,4.2,129.089,8.494
42,05-20-2011,524559.95,0,73,3.99,129.076,8.494
42,05-27-2011,503295.29,0,79,3.93,129.062,8.494
42,06-03-2011,545109.3,0,82,3.89,129.049,8.494
42,06-10-2011,616701.99,0,85,3.98,129.036,8.494
42,06-17-2011,546675.65,0,88,3.94,129.043,8.494
42,06-24-2011,501780.66,0,91,3.81,129.066,8.494
42,07-01-2011,506343.83,0,95,3.84,129.089,8.257
42,07-08-2011,593234.27,0,89,3.79,129.113,8.257
42,07-15-2011,591703.82,0,86,3.78,129.134,8.257
42,07-22-2011,511316.29,0,89,3.7,129.151,8.257
42,07-29-2011,479256.8,0,87,3.69,129.168,8.257
42,08-05-2011,572603.33,0,90,3.8,129.185,8.257
42,08-12-2011,603147.26,0,86,3.79,129.202,8.257
42,08-19-2011,526641.23,0,87,3.74,129.241,8.257
42,08-26-2011,503720.98,0,92,3.66,129.283,8.257
42,09-02-2011,537124.76,0,92,3.8,129.326,8.257
42,09-09-2011,608390.94,1,89,3.77,129.369,8.257
42,09-16-2011,576837.09,0,77,3.78,129.431,8.257
42,09-23-2011,528486.45,0,83,3.79,129.518,8.257
42,09-30-2011,510243.79,0,82,3.88,129.606,8.257
42,10-07-2011,649111.23,0,75,3.83,129.694,7.874
42,10-14-2011,613531.11,0,70,3.7,129.771,7.874
42,10-21-2011,537276.41,0,78,3.84,129.782,7.874
42,10-28-2011,515599.7,0,73,3.84,129.794,7.874
42,11-04-2011,597667.21,0,69,3.83,129.805,7.874
42,11-11-2011,643125.29,0,55,3.68,129.817,7.874
42,11-18-2011,567673.87,0,59,3.67,129.827,7.874
42,11-25-2011,577698.37,1,61,3.76,129.836,7.874
42,12-02-2011,511883.36,0,57,3.7,129.846,7.874
42,12-09-2011,619133.48,0,43,3.64,129.856,7.874
42,12-16-2011,598437.98,0,51,3.49,129.898,7.874
42,12-23-2011,575676.13,0,48,3.54,129.985,7.874
42,12-30-2011,454412.28,1,49,3.43,130.071,7.874
42,01-06-2012,636372.37,0,60,3.44,130.158,7.545
42,01-13-2012,664348.2,0,51,3.48,130.244,7.545
42,01-20-2012,579499.93,0,55,3.66,130.279,7.545
42,01-27-2012,538978.67,0,54,3.68,130.314,7.545
42,02-03-2012,588448.21,0,57,3.54,130.35,7.545
42,02-10-2012,674919.45,1,56,3.72,130.385,7.545
42,02-17-2012,606671.5,0,54,3.78,130.455,7.545
42,02-24-2012,564304.15,0,56,3.95,130.55,7.545
42,03-02-2012,585895.34,0,58,3.88,130.646,7.545
42,03-09-2012,659816.15,0,58,3.96,130.741,7.545
42,03-16-2012,618767.26,0,62,4.27,130.826,7.545
42,03-23-2012,561226.38,0,57,4.29,130.897,7.545
42,03-30-2012,544408.14,0,68,4.29,130.967,7.545
42,04-06-2012,652312.11,0,66,4.28,131.038,7.382
42,04-13-2012,639123.45,0,70,4.25,131.108,7.382
42,04-20-2012,552529.23,0,68,4.11,131.117,7.382
42,04-27-2012,526625.49,0,80,4.09,131.127,7.382
42,05-04-2012,609274.89,0,77,4.06,131.136,7.382
42,05-11-2012,643603.69,0,76,4.19,131.145,7.382
42,05-18-2012,590636.38,0,85,4.31,131.098,7.382
42,05-25-2012,535764.58,0,86,4.13,131.029,7.382
42,06-01-2012,521953.78,0,80,4.28,130.959,7.382
42,06-08-2012,642671.48,0,87,4.1,130.89,7.382
42,06-15-2012,606309.13,0,89,4.14,130.83,7.382
42,06-22-2012,540031.29,0,90,4.01,130.793,7.382
42,06-29-2012,507403.77,0,91,3.88,130.756,7.382
42,07-06-2012,618702.09,0,87,3.67,130.72,7.17
42,07-13-2012,628099.08,0,90,3.72,130.683,7.17
42,07-20-2012,530318.39,0,84,3.59,130.701,7.17
42,07-27-2012,516352.21,0,84,3.77,130.72,7.17
42,08-03-2012,573084.71,0,85,3.6,130.738,7.17
42,08-10-2012,576620.31,0,91,3.81,130.756,7.17
42,08-17-2012,575997.78,0,89,4.0,130.791,7.17
42,08-24-2012,535537.03,0,82,4.06,130.838,7.17
42,08-31-2012,504760.57,0,87,3.89,130.885,7.17
42,09-07-2012,617405.35,1,83,4.12,130.933,7.17
42,09-14-2012,586737.66,0,78,3.97,130.978,7.17
42,09-21-2012,527165.7,0,82,4.12,131.01,7.17
42,09-28-2012,505978.46,0,83,3.97,131.043,7.17
42,10-05-2012,593162.53,0,81,4.13,131.076,6.943
42,10-12-2012,612379.9,0,76,4.47,131.108,6.943
42,10-19-2012,541406.98,0,73,4.45,131.15,6.943
42,10-26-2012,514756.08,0,70,4.3,131.193,6.943
43,02-05-2010,647029.28,0,47,2.57,203.064,9.521
43,02-12-2010,682918.99,1,48,2.55,203.201,9.521
43,02-19-2010,658997.55,0,49,2.51,203.248,9.521
43,02-26-2010,618702.79,0,49,2.56,203.28,9.521
43,03-05-2010,658600.05,0,53,2.62,203.312,9.521
43,03-12-2010,645386.94,0,54,2.67,203.344,9.521
43,03-19-2010,668098.49,0,56,2.72,203.195,9.521
43,03-26-2010,623097.93,0,55,2.73,203.017,9.521
43,04-02-2010,650102.8,0,62,2.72,202.838,9.593
43,04-09-2010,693058.34,0,64,2.77,202.659,9.593
43,04-16-2010,675282.2,0,69,2.81,202.535,9.593
43,04-23-2010,638957.35,0,63,2.8,202.483,9.593
43,04-30-2010,630740.11,0,67,2.78,202.431,9.593
43,05-07-2010,691498.6,0,67,2.84,202.379,9.593
43,05-14-2010,690851.59,0,72,2.85,202.371,9.593
43,05-21-2010,672062.08,0,75,2.83,202.621,9.593
43,05-28-2010,630315.76,0,79,2.76,202.872,9.593
43,06-04-2010,682012.53,0,83,2.7,203.122,9.593
43,06-11-2010,684023.95,0,88,2.67,203.373,9.593
43,06-18-2010,700009.77,0,85,2.64,203.371,9.593
43,06-25-2010,625196.14,0,88,2.65,203.267,9.593
43,07-02-2010,667353.79,0,80,2.67,203.164,9.816
43,07-09-2010,718748.33,0,82,2.64,203.061,9.816
43,07-16-2010,696844.36,0,84,2.62,203.054,9.816
43,07-23-2010,649035.55,0,87,2.61,203.175,9.816
43,07-30-2010,622112.23,0,80,2.64,203.296,9.816
43,08-06-2010,698536.06,0,85,2.63,203.417,9.816
43,08-13-2010,713479.91,0,86,2.69,203.538,9.816
43,08-20-2010,712869.09,0,85,2.66,203.509,9.816
43,08-27-2010,655284.69,0,80,2.62,203.48,9.816
43,09-03-2010,689326.91,0,80,2.58,203.451,9.816
43,09-10-2010,722120.04,1,81,2.56,203.421,9.816
43,09-17-2010,725043.04,0,79,2.58,203.45,9.816
43,09-24-2010,650263.95,0,77,2.62,203.522,9.816
43,10-01-2010,657108.77,0,78,2.6,203.593,10.21
43,10-08-2010,713332.54,0,73,2.63,203.665,10.21
43,10-15-2010,699852.68,0,69,2.72,203.73,10.21
43,10-22-2010,680943.03,0,69,2.72,203.777,10.21
43,10-29-2010,610076.32,0,66,2.72,203.824,10.21
43,11-05-2010,605960.2,0,63,2.69,203.871,10.21
43,11-12-2010,595421.23,0,60,2.73,203.919,10.21
43,11-19-2010,589467.35,0,55,2.77,203.819,10.21
43,11-26-2010,633520.34,1,55,2.74,203.695,10.21
43,12-03-2010,557543.62,0,45,2.71,203.571,10.21
43,12-10-2010,598679.02,0,53,2.84,203.448,10.21
43,12-17-2010,615761.77,0,57,2.87,203.4,10.21
43,12-24-2010,656637.63,0,57,2.89,203.409,10.21
43,12-31-2010,534740.3,1,49,2.94,203.418,10.21
43,01-07-2011,611796.61,0,40,2.98,203.427,10.398
43,01-14-2011,614940.07,0,43,2.98,203.484,10.398
43,01-21-2011,601004.79,0,53,3.02,203.832,10.398
43,01-28-2011,562558.27,0,45,3.01,204.179,10.398
43,02-04-2011,651521.77,0,33,2.99,204.526,10.398
43,02-11-2011,635650.98,1,41,3.02,204.874,10.398
43,02-18-2011,626627.77,0,59,3.04,205.168,10.398
43,02-25-2011,592340.01,0,58,3.06,205.442,10.398
43,03-04-2011,616345.25,0,60,3.29,205.715,10.398
43,03-11-2011,629026.75,0,60,3.46,205.988,10.398
43,03-18-2011,635171.05,0,69,3.49,206.226,10.398
43,03-25-2011,585989.1,0,66,3.47,206.45,10.398
43,04-01-2011,611585.54,0,68,3.52,206.673,10.581
43,04-08-2011,650418.75,0,70,3.62,206.897,10.581
43,04-15-2011,635758.03,0,65,3.74,207.102,10.581
43,04-22-2011,638280.67,0,74,3.81,207.258,10.581
43,04-29-2011,611464.21,0,71,3.81,207.415,10.581
43,05-06-2011,649148.74,0,67,3.91,207.571,10.581
43,05-13-2011,684655.91,0,76,3.9,207.728,10.581
43,05-20-2011,648330.18,0,74,3.91,207.52,10.581
43,05-27-2011,578209.63,0,81,3.79,207.312,10.581
43,06-03-2011,630972.15,0,83,3.7,207.104,10.581
43,06-10-2011,643041.71,0,86,3.65,206.896,10.581
43,06-17-2011,665781.74,0,88,3.64,206.856,10.581
43,06-24-2011,604925.08,0,88,3.59,206.942,10.581
43,07-01-2011,586781.78,0,91,3.52,207.029,10.641
43,07-08-2011,651147.83,0,87,3.48,207.115,10.641
43,07-15-2011,631827.38,0,85,3.58,207.194,10.641
43,07-22-2011,597354.39,0,89,3.65,207.254,10.641
43,07-29-2011,533917.52,0,83,3.68,207.314,10.641
43,08-05-2011,605956.59,0,87,3.68,207.373,10.641
43,08-12-2011,595626.56,0,87,3.64,207.433,10.641
43,08-19-2011,663396.32,0,82,3.55,207.495,10.641
43,08-26-2011,561573.08,0,87,3.52,207.558,10.641
43,09-02-2011,594224.9,0,88,3.53,207.621,10.641
43,09-09-2011,649128.23,1,79,3.55,207.683,10.641
43,09-16-2011,618877.13,0,77,3.53,207.853,10.641
43,09-23-2011,586108.13,0,79,3.47,208.164,10.641
43,09-30-2011,555183.72,0,79,3.36,208.476,10.641
43,10-07-2011,642828.62,0,74,3.28,208.787,10.148
43,10-14-2011,590984.56,0,68,3.27,209.075,10.148
43,10-21-2011,594625.96,0,70,3.35,209.222,10.148
43,10-28-2011,572516.57,0,67,3.37,209.369,10.148
43,11-04-2011,641905.37,0,59,3.33,209.516,10.148
43,11-11-2011,615975.5,0,51,3.3,209.663,10.148
43,11-18-2011,628115.61,0,58,3.31,209.865,10.148
43,11-25-2011,669965.22,1,56,3.24,210.089,10.148
43,12-02-2011,585028.26,0,47,3.17,210.313,10.148
43,12-09-2011,617898.07,0,34,3.16,210.536,10.148
43,12-16-2011,665007.08,0,44,3.16,210.737,10.148
43,12-23-2011,676290.46,0,43,3.11,210.905,10.148
43,12-30-2011,505405.85,1,42,3.13,211.074,10.148
43,01-06-2012,670993.01,0,48,3.16,211.243,9.653
43,01-13-2012,663529.64,0,44,3.26,211.412,9.653
43,01-20-2012,619225.65,0,53,3.27,211.5,9.653
43,01-27-2012,587685.38,0,52,3.29,211.588,9.653
43,02-03-2012,629176.71,0,52,3.36,211.676,9.653
43,02-10-2012,662198.65,1,47,3.41,211.764,9.653
43,02-17-2012,660632.05,0,49,3.51,211.917,9.653
43,02-24-2012,613042.97,0,54,3.56,212.117,9.653
43,03-02-2012,693249.98,0,56,3.63,212.318,9.653
43,03-09-2012,636677.67,0,55,3.67,212.519,9.653
43,03-16-2012,661707.02,0,58,3.73,212.665,9.653
43,03-23-2012,610940.94,0,56,3.79,212.74,9.653
43,03-30-2012,623258.4,0,70,3.84,212.814,9.653
43,04-06-2012,658468.27,0,65,3.89,212.889,9.575
43,04-13-2012,665687.92,0,70,3.89,212.963,9.575
43,04-20-2012,638144.98,0,67,3.88,213.013,9.575
43,04-27-2012,593138.59,0,78,3.81,213.063,9.575
43,05-04-2012,637964.2,0,77,3.75,213.113,9.575
43,05-11-2012,640159.04,0,68,3.69,213.162,9.575
43,05-18-2012,648541.81,0,72,3.63,213.175,9.575
43,05-25-2012,597406.39,0,82,3.56,213.174,9.575
43,06-01-2012,605078.62,0,81,3.5,213.172,9.575
43,06-08-2012,643032.51,0,86,3.45,213.17,9.575
43,06-15-2012,634815.1,0,88,3.39,213.179,9.575
43,06-22-2012,613270.79,0,88,3.35,213.212,9.575
43,06-29-2012,593128.13,0,90,3.29,213.246,9.575
43,07-06-2012,645618.59,0,83,3.23,213.28,9.285
43,07-13-2012,627634.04,0,79,3.26,213.313,9.285
43,07-20-2012,596554.05,0,84,3.31,213.322,9.285
43,07-27-2012,572447.52,0,82,3.41,213.33,9.285
43,08-03-2012,614378.94,0,85,3.42,213.339,9.285
43,08-10-2012,643558.78,0,86,3.49,213.347,9.285
43,08-17-2012,640210.85,0,86,3.57,213.423,9.285
43,08-24-2012,598234.64,0,82,3.62,213.548,9.285
43,08-31-2012,593141.29,0,81,3.64,213.674,9.285
43,09-07-2012,663814.18,1,85,3.73,213.799,9.285
43,09-14-2012,625196.94,0,73,3.72,213.933,9.285
43,09-21-2012,601990.02,0,76,3.72,214.119,9.285
43,09-28-2012,577792.32,0,78,3.67,214.305,9.285
43,10-05-2012,642614.89,0,74,3.62,214.491,8.839
43,10-12-2012,619369.72,0,71,3.6,214.677,8.839
43,10-19-2012,623919.23,0,71,3.59,214.721,8.839
43,10-26-2012,587603.55,0,69,3.51,214.742,8.839
44,02-05-2010,281090.95,0,32,2.67,126.442,8.119
44,02-12-2010,286857.13,1,33,2.67,126.496,8.119
44,02-19-2010,267956.3,0,36,2.65,126.526,8.119
44,02-26-2010,273079.07,0,30,2.67,126.552,8.119
44,03-05-2010,284617.27,0,41,2.68,126.578,8.119
44,03-12-2010,272190.83,0,38,2.73,126.604,8.119
44,03-19-2010,269624.2,0,42,2.78,126.607,8.119
44,03-26-2010,276279.49,0,41,2.82,126.605,8.119
44,04-02-2010,286197.5,0,42,2.84,126.603,7.972
44,04-09-2010,257361.3,0,39,2.88,126.602,7.972
44,04-16-2010,280048.74,0,50,2.92,126.562,7.972
44,04-23-2010,278287.04,0,56,2.94,126.471,7.972
44,04-30-2010,272997.65,0,48,2.94,126.381,7.972
44,05-07-2010,285379.86,0,44,2.95,126.29,7.972
44,05-14-2010,286515.92,0,50,2.96,126.209,7.972
44,05-21-2010,267065.35,0,58,2.95,126.184,7.972
44,05-28-2010,291891.01,0,53,2.91,126.16,7.972
44,06-04-2010,282351.82,0,60,2.87,126.136,7.972
44,06-11-2010,296818.2,0,65,2.84,126.112,7.972
44,06-18-2010,293481.36,0,58,2.82,126.114,7.972
44,06-25-2010,288247.24,0,72,2.82,126.127,7.972
44,07-02-2010,300628.19,0,79,2.81,126.139,7.804
44,07-09-2010,280472.78,0,71,2.8,126.152,7.804
44,07-16-2010,297099.95,0,78,2.79,126.15,7.804
44,07-23-2010,292680.16,0,82,2.8,126.128,7.804
44,07-30-2010,275020.96,0,79,2.8,126.107,7.804
44,08-06-2010,296804.49,0,81,2.8,126.085,7.804
44,08-13-2010,291028.09,0,75,2.84,126.064,7.804
44,08-20-2010,284740.5,0,76,2.85,126.077,7.804
44,08-27-2010,293155.08,0,75,2.85,126.089,7.804
44,09-03-2010,295880.12,0,66,2.87,126.102,7.804
44,09-10-2010,283455.13,1,66,2.87,126.115,7.804
44,09-17-2010,279364.13,0,67,2.88,126.145,7.804
44,09-24-2010,281313.78,0,68,2.87,126.19,7.804
44,10-01-2010,300152.45,0,69,2.85,126.235,7.61
44,10-08-2010,279524.44,0,63,2.84,126.279,7.61
44,10-15-2010,268708.43,0,54,2.84,126.327,7.61
44,10-22-2010,270110.3,0,57,2.85,126.382,7.61
44,10-29-2010,286497.49,0,45,2.84,126.436,7.61
44,11-05-2010,270516.84,0,50,2.83,126.491,7.61
44,11-12-2010,281909.79,0,43,2.83,126.546,7.61
44,11-19-2010,284322.52,0,42,2.84,126.607,7.61
44,11-26-2010,307646.5,1,28,2.83,126.669,7.61
44,12-03-2010,264214.12,0,26,2.81,126.731,7.61
44,12-10-2010,278253.28,0,37,2.82,126.793,7.61
44,12-17-2010,278646.35,0,35,2.84,126.879,7.61
44,12-24-2010,365098.24,0,35,2.85,126.984,7.61
44,12-31-2010,241937.11,1,27,2.87,127.088,7.61
44,01-07-2011,288320.38,0,17,2.89,127.192,7.224
44,01-14-2011,292859.36,0,21,2.9,127.301,7.224
44,01-21-2011,276157.8,0,35,2.93,127.44,7.224
44,01-28-2011,276011.4,0,32,2.96,127.58,7.224
44,02-04-2011,293953.08,0,23,2.97,127.72,7.224
44,02-11-2011,307486.73,1,31,3.03,127.859,7.224
44,02-18-2011,280785.76,0,41,3.06,127.995,7.224
44,02-25-2011,279427.93,0,33,3.12,128.13,7.224
44,03-04-2011,293984.54,0,34,3.23,128.265,7.224
44,03-11-2011,284496.14,0,41,3.35,128.399,7.224
44,03-18-2011,281699.68,0,45,3.41,128.512,7.224
44,03-25-2011,285031.81,0,42,3.44,128.616,7.224
44,04-01-2011,281514.26,0,42,3.49,128.72,6.906
44,04-08-2011,292498.61,0,43,3.55,128.824,6.906
44,04-15-2011,289667.55,0,42,3.62,128.911,6.906
44,04-22-2011,280357.3,0,48,3.66,128.955,6.906
44,04-29-2011,281247.97,0,44,3.68,129.0,6.906
44,05-06-2011,299354.67,0,48,3.74,129.044,6.906
44,05-13-2011,307095.31,0,52,3.77,129.089,6.906
44,05-20-2011,303559.23,0,52,3.8,129.076,6.906
44,05-27-2011,308442.49,0,55,3.78,129.062,6.906
44,06-03-2011,308950.04,0,53,3.75,129.049,6.906
44,06-10-2011,308770.42,0,61,3.73,129.036,6.906
44,06-17-2011,300255.87,0,63,3.7,129.043,6.906
44,06-24-2011,296765.59,0,66,3.67,129.066,6.906
44,07-01-2011,315273.08,0,74,3.61,129.089,6.56
44,07-08-2011,295339.01,0,77,3.56,129.113,6.56
44,07-15-2011,289201.21,0,76,3.55,129.134,6.56
44,07-22-2011,303108.81,0,78,3.56,129.151,6.56
44,07-29-2011,279677.0,0,78,3.57,129.168,6.56
44,08-05-2011,298080.45,0,76,3.6,129.185,6.56
44,08-12-2011,290399.66,0,76,3.61,129.202,6.56
44,08-19-2011,290909.69,0,77,3.58,129.241,6.56
44,08-26-2011,324174.79,0,82,3.57,129.283,6.56
44,09-02-2011,309543.52,0,77,3.58,129.326,6.56
44,09-09-2011,295811.25,1,70,3.62,129.369,6.56
44,09-16-2011,303974.28,0,68,3.64,129.431,6.56
44,09-23-2011,307409.13,0,64,3.65,129.518,6.56
44,09-30-2011,299757.75,0,68,3.62,129.606,6.56
44,10-07-2011,312577.36,0,61,3.59,129.694,6.078
44,10-14-2011,293031.78,0,52,3.57,129.771,6.078
44,10-21-2011,305969.81,0,55,3.58,129.782,6.078
44,10-28-2011,306336.07,0,47,3.57,129.794,6.078
44,11-04-2011,307126.34,0,44,3.54,129.805,6.078
44,11-11-2011,312233.56,0,34,3.51,129.817,6.078
44,11-18-2011,310531.04,0,41,3.49,129.827,6.078
44,11-25-2011,309129.01,1,39,3.44,129.836,6.078
44,12-02-2011,284309.34,0,34,3.39,129.846,6.078
44,12-09-2011,304300.91,0,25,3.34,129.856,6.078
44,12-16-2011,311144.16,0,28,3.28,129.898,6.078
44,12-23-2011,376233.89,0,25,3.19,129.985,6.078
44,12-30-2011,263917.85,1,32,3.12,130.071,6.078
44,01-06-2012,325327.93,0,34,3.08,130.158,5.774
44,01-13-2012,312361.88,0,26,3.06,130.244,5.774
44,01-20-2012,316948.39,0,33,3.05,130.279,5.774
44,01-27-2012,308295.38,0,34,3.06,130.314,5.774
44,02-03-2012,325986.05,0,31,3.08,130.35,5.774
44,02-10-2012,325377.97,1,34,3.12,130.385,5.774
44,02-17-2012,320691.21,0,37,3.12,130.455,5.774
44,02-24-2012,315641.8,0,35,3.14,130.55,5.774
44,03-02-2012,316687.22,0,32,3.24,130.646,5.774
44,03-09-2012,303438.24,0,38,3.38,130.741,5.774
44,03-16-2012,331965.95,0,52,3.53,130.826,5.774
44,03-23-2012,296947.06,0,48,3.67,130.897,5.774
44,03-30-2012,310027.29,0,53,3.73,130.967,5.774
44,04-06-2012,320021.1,0,49,3.79,131.038,5.621
44,04-13-2012,311390.22,0,52,3.83,131.108,5.621
44,04-20-2012,323233.8,0,50,3.84,131.117,5.621
44,04-27-2012,330338.36,0,65,3.84,131.127,5.621
44,05-04-2012,326053.28,0,54,3.83,131.136,5.621
44,05-11-2012,341381.08,0,56,3.81,131.145,5.621
44,05-18-2012,334042.43,0,65,3.81,131.098,5.621
44,05-25-2012,343268.29,0,62,3.8,131.029,5.621
44,06-01-2012,323410.94,0,61,3.79,130.959,5.621
44,06-08-2012,340238.38,0,68,3.78,130.89,5.621
44,06-15-2012,338400.82,0,66,3.76,130.83,5.621
44,06-22-2012,336241.0,0,73,3.74,130.793,5.621
44,06-29-2012,338386.08,0,82,3.68,130.756,5.621
44,07-06-2012,358461.58,0,79,3.63,130.72,5.407
44,07-13-2012,336479.49,0,84,3.6,130.683,5.407
44,07-20-2012,337819.16,0,76,3.56,130.701,5.407
44,07-27-2012,319855.26,0,80,3.54,130.72,5.407
44,08-03-2012,342385.38,0,82,3.51,130.738,5.407
44,08-10-2012,333594.81,0,82,3.51,130.756,5.407
44,08-17-2012,327389.51,0,79,3.54,130.791,5.407
44,08-24-2012,337985.74,0,77,3.58,130.838,5.407
44,08-31-2012,339490.69,0,79,3.62,130.885,5.407
44,09-07-2012,338737.33,1,71,3.69,130.933,5.407
44,09-14-2012,347726.67,0,69,3.75,130.978,5.407
44,09-21-2012,336017.6,0,68,3.82,131.01,5.407
44,09-28-2012,355307.94,0,65,3.82,131.043,5.407
44,10-05-2012,337390.44,0,62,3.82,131.076,5.217
44,10-12-2012,337796.13,0,55,3.8,131.108,5.217
44,10-19-2012,323766.77,0,52,3.78,131.15,5.217
44,10-26-2012,361067.07,0,47,3.76,131.193,5.217
45,02-05-2010,890689.51,0,27,2.78,181.871,8.992
45,02-12-2010,656988.64,1,28,2.77,181.982,8.992
45,02-19-2010,841264.04,0,31,2.74,182.035,8.992
45,02-26-2010,741891.65,0,35,2.75,182.077,8.992
45,03-05-2010,777951.22,0,37,2.78,182.12,8.992
45,03-12-2010,765687.42,0,46,2.82,182.163,8.992
45,03-19-2010,773819.49,0,49,2.84,182.078,8.992
45,03-26-2010,782563.38,0,54,2.85,181.972,8.992
45,04-02-2010,877235.96,0,48,2.85,181.866,8.899
45,04-09-2010,833782.7,0,65,2.87,181.76,8.899
45,04-16-2010,782221.96,0,54,2.9,181.692,8.899
45,04-23-2010,749779.1,0,53,2.9,181.677,8.899
45,04-30-2010,737265.57,0,53,2.92,181.662,8.899
45,05-07-2010,812190.76,0,71,2.97,181.647,8.899
45,05-14-2010,758182.2,0,54,2.98,181.661,8.899
45,05-21-2010,747888.25,0,63,2.96,181.854,8.899
45,05-28-2010,801098.43,0,69,2.9,182.046,8.899
45,06-04-2010,837548.62,0,76,2.85,182.239,8.899
45,06-11-2010,794698.77,0,70,2.81,182.432,8.899
45,06-18-2010,815130.5,0,73,2.78,182.442,8.899
45,06-25-2010,792299.15,0,79,2.81,182.381,8.899
45,07-02-2010,800147.84,0,77,2.82,182.319,8.743
45,07-09-2010,787062.0,0,82,2.79,182.257,8.743
45,07-16-2010,723708.99,0,78,2.78,182.26,8.743
45,07-23-2010,714601.11,0,81,2.77,182.351,8.743
45,07-30-2010,716859.27,0,80,2.78,182.442,8.743
45,08-06-2010,746517.32,0,77,2.78,182.532,8.743
45,08-13-2010,722262.21,0,78,2.8,182.623,8.743
45,08-20-2010,708568.29,0,76,2.78,182.617,8.743
45,08-27-2010,721744.33,0,71,2.76,182.61,8.743
45,09-03-2010,790144.7,0,78,2.72,182.604,8.743
45,09-10-2010,721460.22,1,71,2.7,182.598,8.743
45,09-17-2010,716987.58,0,67,2.71,182.623,8.743
45,09-24-2010,678228.58,0,69,2.71,182.67,8.743
45,10-01-2010,690007.76,0,71,2.71,182.717,8.724
45,10-08-2010,745782.1,0,56,2.76,182.764,8.724
45,10-15-2010,715263.3,0,59,2.87,182.811,8.724
45,10-22-2010,730899.37,0,53,2.92,182.856,8.724
45,10-29-2010,732859.76,0,61,2.92,182.901,8.724
45,11-05-2010,764014.06,0,46,2.92,182.946,8.724
45,11-12-2010,765648.93,0,46,2.93,182.992,8.724
45,11-19-2010,723987.85,0,50,3.0,182.899,8.724
45,11-26-2010,1182500.16,1,46,3.04,182.783,8.724
45,12-03-2010,879244.9,0,41,3.05,182.668,8.724
45,12-10-2010,1002364.34,0,31,3.11,182.552,8.724
45,12-17-2010,1123282.85,0,31,3.14,182.518,8.724
45,12-24-2010,1682862.03,0,31,3.14,182.545,8.724
45,12-31-2010,679156.2,1,30,3.18,182.571,8.724
45,01-07-2011,680254.35,0,34,3.19,182.598,8.549
45,01-14-2011,654018.95,0,25,3.2,182.659,8.549
45,01-21-2011,644285.33,0,31,3.23,182.919,8.549
45,01-28-2011,617207.58,0,24,3.24,183.18,8.549
45,02-04-2011,759442.33,0,29,3.23,183.441,8.549
45,02-11-2011,766456.0,1,30,3.24,183.702,8.549
45,02-18-2011,802253.41,0,41,3.24,183.937,8.549
45,02-25-2011,733716.78,0,36,3.27,184.163,8.549
45,03-04-2011,761880.36,0,39,3.43,184.388,8.549
45,03-11-2011,714014.73,0,45,3.58,184.613,8.549
45,03-18-2011,733564.77,0,47,3.63,184.81,8.549
45,03-25-2011,719737.25,0,42,3.62,184.994,8.549
45,04-01-2011,712425.76,0,37,3.64,185.179,8.521
45,04-08-2011,750182.71,0,49,3.72,185.364,8.521
45,04-15-2011,765270.02,0,54,3.82,185.534,8.521
45,04-22-2011,813630.44,0,53,3.89,185.668,8.521
45,04-29-2011,786561.61,0,66,3.96,185.803,8.521
45,05-06-2011,810150.64,0,58,4.05,185.937,8.521
45,05-13-2011,793889.1,0,60,4.07,186.072,8.521
45,05-20-2011,727163.67,0,62,4.06,185.966,8.521
45,05-27-2011,817653.25,0,70,3.98,185.86,8.521
45,06-03-2011,877423.45,0,76,3.92,185.754,8.521
45,06-10-2011,814395.17,0,74,3.88,185.649,8.521
45,06-17-2011,811153.67,0,69,3.84,185.672,8.521
45,06-24-2011,762861.78,0,75,3.8,185.792,8.521
45,07-01-2011,791495.25,0,74,3.75,185.912,8.625
45,07-08-2011,768718.11,0,77,3.71,186.032,8.625
45,07-15-2011,748435.2,0,78,3.76,186.14,8.625
45,07-22-2011,741625.25,0,82,3.81,186.218,8.625
45,07-29-2011,704680.97,0,81,3.83,186.296,8.625
45,08-05-2011,765996.92,0,78,3.84,186.373,8.625
45,08-12-2011,724180.89,0,77,3.81,186.451,8.625
45,08-19-2011,712362.72,0,73,3.75,186.509,8.625
45,08-26-2011,833979.01,0,73,3.7,186.564,8.625
45,09-02-2011,726482.39,0,71,3.7,186.619,8.625
45,09-09-2011,746129.56,1,71,3.74,186.674,8.625
45,09-16-2011,711367.56,0,69,3.74,186.802,8.625
45,09-23-2011,714106.42,0,64,3.71,187.03,8.625
45,09-30-2011,698986.34,0,71,3.64,187.257,8.625
45,10-07-2011,753447.05,0,56,3.58,187.484,8.523
45,10-14-2011,720946.99,0,64,3.54,187.692,8.523
45,10-21-2011,771686.4,0,60,3.57,187.785,8.523
45,10-28-2011,781694.57,0,52,3.57,187.877,8.523
45,11-04-2011,833429.22,0,44,3.55,187.97,8.523
45,11-11-2011,808624.82,0,48,3.53,188.063,8.523
45,11-18-2011,773603.77,0,51,3.53,188.198,8.523
45,11-25-2011,1170672.94,1,49,3.49,188.35,8.523
45,12-02-2011,875699.81,0,50,3.45,188.502,8.523
45,12-09-2011,957155.31,0,47,3.42,188.654,8.523
45,12-16-2011,1078905.68,0,40,3.41,188.798,8.523
45,12-23-2011,1521957.99,0,42,3.39,188.93,8.523
45,12-30-2011,869403.63,1,38,3.39,189.062,8.523
45,01-06-2012,714081.05,0,36,3.42,189.194,8.424
45,01-13-2012,676615.53,0,41,3.51,189.326,8.424
45,01-20-2012,700392.21,0,32,3.53,189.421,8.424
45,01-27-2012,624081.64,0,38,3.57,189.517,8.424
45,02-03-2012,757330.95,0,43,3.62,189.612,8.424
45,02-10-2012,803657.12,1,37,3.64,189.708,8.424
45,02-17-2012,858853.75,0,37,3.7,189.842,8.424
45,02-24-2012,753060.78,0,43,3.74,190.007,8.424
45,03-02-2012,782796.01,0,42,3.82,190.171,8.424
45,03-09-2012,776968.87,0,46,3.85,190.336,8.424
45,03-16-2012,788340.23,0,51,3.86,190.462,8.424
45,03-23-2012,791835.37,0,59,3.9,190.536,8.424
45,03-30-2012,777254.06,0,50,3.95,190.611,8.424
45,04-06-2012,899479.43,0,50,4.0,190.685,8.567
45,04-13-2012,781970.6,0,52,4.04,190.76,8.567
45,04-20-2012,776661.74,0,63,4.03,190.814,8.567
45,04-27-2012,711571.88,0,53,4.0,190.868,8.567
45,05-04-2012,782300.68,0,55,3.95,190.922,8.567
45,05-11-2012,770487.37,0,61,3.89,190.976,8.567
45,05-18-2012,800842.28,0,66,3.85,190.996,8.567
45,05-25-2012,817741.17,0,67,3.8,191.003,8.567
45,06-01-2012,837144.63,0,74,3.74,191.009,8.567
45,06-08-2012,795133.0,0,64,3.69,191.016,8.567
45,06-15-2012,821498.18,0,72,3.62,191.03,8.567
45,06-22-2012,822569.16,0,74,3.56,191.065,8.567
45,06-29-2012,773367.71,0,75,3.51,191.099,8.567
45,07-06-2012,843361.1,0,83,3.48,191.134,8.684
45,07-13-2012,749817.08,0,80,3.52,191.169,8.684
45,07-20-2012,737613.65,0,79,3.57,191.167,8.684
45,07-27-2012,711671.58,0,77,3.65,191.166,8.684
45,08-03-2012,725729.51,0,77,3.65,191.164,8.684
45,08-10-2012,733037.32,0,79,3.72,191.163,8.684
45,08-17-2012,722496.93,0,76,3.81,191.228,8.684
45,08-24-2012,718232.26,0,73,3.83,191.345,8.684
45,08-31-2012,734297.87,0,75,3.87,191.461,8.684
45,09-07-2012,766512.66,1,76,3.91,191.578,8.684
45,09-14-2012,702238.27,0,68,3.95,191.7,8.684
45,09-21-2012,723086.2,0,65,4.04,191.857,8.684
45,09-28-2012,713173.95,0,65,4.0,192.014,8.684
45,10-05-2012,733455.07,0,65,3.98,192.17,8.667
45,10-12-2012,734464.36,0,54,4.0,192.327,8.667
45,10-19-2012,718125.53,0,56,3.97,192.331,8.667
45,10-26-2012,760281.43,0,59,3.88,192.309,8.667
